emp_no,salary,from_date,to_date
10001,68661,1990-05-08,1991-05-07
10001,71945,1991-05-08,1992-05-07
10001,73484,1992-05-08,1993-05-07
10001,75042,1993-05-08,1994-05-07
10001,76755,1994-05-08,1995-05-07
10001,79454,1995-05-08,1996-05-07
10001,82437,1996-05-08,1997-05-07
10001,84121,1997-05-08,1998-05-07
10001,85749,1998-05-08,1999-05-07
10001,90158,1999-05-08,2000-05-07
10001,94227,2000-05-08,2001-05-07
10001,98697,2001-05-08,9999-01-01
10002,78725,1999-01-02,2000-01-01
10002,82115,2000-01-02,2001-01-01
10002,85879,2001-01-02,2002-01-01
10002,89869,2002-01-02,2003-01-01
10002,91569,2003-01-02,2004-01-01
10002,96330,2004-01-02,2005-01-01
10002,101159,2005-01-02,2006-01-01
10002,102806,2006-01-02,2007-01-01
10002,107043,2007-01-02,2008-01-01
10002,109800,2008-01-02,2009-01-01
10002,114938,2009-01-02,2010-01-01
10002,119473,2010-01-02,9999-01-01
10003,66710,1996-11-23,1997-11-22
10003,70007,1997-11-23,1998-11-22
10003,72347,1998-11-23,1999-11-22
10003,73775,1999-11-23,2000-11-22
10003,76979,2000-11-23,2001-11-22
10003,78635,2001-11-23,2002-11-22
10003,80959,2002-11-23,2003-11-22
10003,85597,2003-11-23,2004-11-22
10003,89618,2004-11-23,2005-11-22
10003,94336,2005-11-23,2006-11-22
10003,95866,2006-11-23,2007-11-22
10003,98788,2007-11-23,9999-01-01
10004,65016,2005-07-02,2006-07-01
10004,66252,2006-07-02,2007-07-01
10004,68261,2007-07-02,2008-07-01
10004,70910,2008-07-02,2009-07-01
10004,73790,2009-07-02,2010-07-01
10004,77363,2010-07-02,2011-07-01
10004,80664,2011-07-02,2012-07-01
10004,82681,2012-07-02,2013-07-01
10004,86398,2013-07-02,2014-07-01
10004,90174,2014-07-02,2015-07-01
10004,92268,2015-07-02,2016-07-01
10004,97617,2016-07-02,9999-01-01
10005,75564,2009-06-10,2010-06-09
10005,78522,2010-06-10,2011-06-09
10005,82659,2011-06-10,2012-06-09
10005,85920,2012-06-10,2013-06-09
10005,88033,2013-06-10,2014-06-09
10005,89370,2014-06-10,2015-06-09
10005,93442,2015-06-10,2016-06-09
10005,98699,2016-06-10,2017-06-09
10005,102724,2017-06-10,2018-06-09
10005,104402,2018-06-10,2019-06-09
10005,107888,2019-06-10,2020-06-09
10005,111474,2020-06-10,9999-01-01
10006,51840,2006-11-12,2007-11-11
10006,53162,2007-11-12,2008-11-11
10006,55858,2008-11-12,2009-11-11
10006,58929,2009-11-12,2010-11-11
10006,62266,2010-11-12,2011-11-11
10006,64064,2011-11-12,2012-11-11
10006,66604,2012-11-12,2013-11-11
10006,67809,2013-11-12,2014-11-11
10006,70257,2014-11-12,2015-11-11
10006,74361,2015-11-12,2016-11-11
10006,78674,2016-11-12,2017-11-11
10006,81280,2017-11-12,9999-01-01
10007,72429,2012-03-29,2013-03-28
10007,73709,2013-03-29,2014-03-28
10007,75340,2014-03-29,2015-03-28
10007,79755,2015-03-29,2016-03-28
10007,81770,2016-03-29,2017-03-28
10007,83577,2017-03-29,2018-03-28
10007,88174,2018-03-29,2019-03-28
10007,93281,2019-03-29,2020-03-28
10007,95017,2020-03-29,2021-03-28
10007,97736,2021-03-29,2022-03-28
10007,100546,2022-03-29,2023-03-28
10007,102395,2023-03-29,9999-01-01
10008,64289,2002-08-23,2003-08-22
10008,66670,2003-08-23,2004-08-22
10008,68146,2004-08-23,2005-08-22
10008,70586,2005-08-23,2006-08-22
10008,74597,2006-08-23,2007-08-22
10008,75973,2007-08-23,2008-08-22
10008,80395,2008-08-23,2009-08-22
10008,83157,2009-08-23,2010-08-22
10008,88075,2010-08-23,2011-08-22
10008,92185,2011-08-23,2012-08-22
10008,95781,2012-08-23,2013-08-22
10008,98374,2013-08-23,9999-01-01
10009,74905,2008-01-10,2009-01-09
10009,78315,2009-01-10,2010-01-09
10009,79506,2010-01-10,2011-01-09
10009,81482,2011-01-10,2012-01-09
10009,85135,2012-01-10,2013-01-09
10009,89054,2013-01-10,2014-01-09
10009,92256,2014-01-10,2015-01-09
10009,95004,2015-01-10,2016-01-09
10009,98894,2016-01-10,2017-01-09
10009,101368,2017-01-10,2018-01-09
10009,106758,2018-01-10,2019-01-09
10009,109017,2019-01-10,9999-01-01
10010,58878,2008-09-23,2009-09-22
10010,60292,2009-09-23,2010-09-22
10010,61743,2010-09-23,2011-09-22
10010,64937,2011-09-23,2012-09-22
10010,66085,2012-09-23,2013-09-22
10010,67495,2013-09-23,2014-09-22
10010,69860,2014-09-23,2015-09-22
10010,73220,2015-09-23,2016-09-22
10010,76359,2016-09-23,2017-09-22
10010,77685,2017-09-23,2018-09-22
10010,79469,2018-09-23,2019-09-22
10010,82905,2019-09-23,9999-01-01
10011,66499,2001-08-24,2002-08-23
10011,69527,2002-08-24,2003-08-23
10011,71199,2003-08-24,2004-08-23
10011,75443,2004-08-24,2005-08-23
10011,78597,2005-08-24,2006-08-23
10011,81264,2006-08-24,2007-08-23
10011,85153,2007-08-24,2008-08-23
10011,87695,2008-08-24,2009-08-23
10011,91892,2009-08-24,2010-08-23
10011,94430,2010-08-24,2011-08-23
10011,96987,2011-08-24,2012-08-23
10011,100053,2012-08-24,9999-01-01
10012,67598,1999-02-04,2000-02-03
10012,69453,2000-02-04,2001-02-03
10012,73001,2001-02-04,2002-02-03
10012,77166,2002-02-04,2003-02-03
10012,79276,2003-02-04,2004-02-03
10012,82060,2004-02-04,2005-02-03
10012,86424,2005-02-04,2006-02-03
10012,89547,2006-02-04,2007-02-03
10012,92383,2007-02-04,2008-02-03
10012,95719,2008-02-04,2009-02-03
10012,99158,2009-02-04,2010-02-03
10012,101876,2010-02-04,9999-01-01
10013,54860,2006-02-06,2007-02-05
10013,56935,2007-02-06,2008-02-05
10013,58646,2008-02-06,2009-02-05
10013,60578,2009-02-06,2010-02-05
10013,64011,2010-02-06,2011-02-05
10013,66687,2011-02-06,2011-03-09
10014,41998,1992-05-16,1993-05-15
10014,44463,1993-05-16,1994-05-15
10014,45927,1994-05-16,1995-05-15
10014,47852,1995-05-16,1996-05-15
10014,49612,1996-05-16,1997-05-15
10014,50383,1997-05-16,1998-05-15
10014,52847,1998-05-16,1999-05-15
10014,55888,1999-05-16,2000-05-15
10014,57497,2000-05-16,2001-05-15
10014,59511,2001-05-16,2002-05-15
10014,63011,2002-05-16,2003-05-15
10014,66417,2003-05-16,9999-01-01
10015,54080,1997-01-20,1998-01-19
10015,55327,1998-01-20,1999-01-19
10015,58114,1999-01-20,2000-01-19
10015,59214,2000-01-20,2001-01-19
10015,61918,2001-01-20,2002-01-19
10015,64641,2002-01-20,2003-01-19
10015,66835,2003-01-20,2004-01-19
10015,68891,2004-01-20,2005-01-19
10015,71060,2005-01-20,2006-01-19
10015,74773,2006-01-20,2007-01-19
10015,75930,2007-01-20,2008-01-19
10015,79979,2008-01-20,9999-01-01
10016,41647,1994-09-13,1995-09-12
10016,43902,1995-09-13,1996-09-12
10016,46131,1996-09-13,1997-09-12
10016,47646,1997-09-13,1998-09-12
10016,50139,1998-09-13,1999-09-12
10016,51322,1999-09-13,2000-09-12
10016,53023,2000-09-13,2001-09-12
10016,55043,2001-09-13,2002-09-12
10016,56606,2002-09-13,2003-09-12
10016,58428,2003-09-13,2004-09-12
10016,60560,2004-09-13,2005-09-12
10016,63067,2005-09-13,9999-01-01
10017,61834,2008-02-08,2009-02-07
10017,62951,2009-02-08,2010-02-07
10017,65837,2010-02-08,2011-02-07
10017,69707,2011-02-08,2012-02-07
10017,72795,2012-02-08,2013-02-07
10017,77158,2013-02-08,2014-02-07
10017,80554,2014-02-08,2015-02-07
10017,82860,2015-02-08,2016-02-07
10017,85324,2016-02-08,2017-02-07
10017,88268,2017-02-08,2018-02-07
10017,93081,2018-02-08,2019-02-07
10017,95737,2019-02-08,9999-01-01
10018,65398,2011-10-30,2012-10-29
10018,69150,2012-10-30,2013-10-29
10018,73126,2013-10-30,2014-10-29
10018,75098,2014-10-30,2015-10-29
10018,79432,2015-10-30,2016-10-29
10018,81513,2016-10-30,2017-10-29
10018,84634,2017-10-30,2018-10-29
10018,87005,2018-10-30,2019-10-29
10018,88547,2019-10-30,2020-10-29
10018,91417,2020-10-30,2021-10-29
10018,93557,2021-10-30,2022-10-29
10018,96792,2022-10-30,9999-01-01
10019,65706,1997-07-02,1998-07-01
10019,67194,1998-07-02,1999-07-01
10019,70919,1999-07-02,2000-07-01
10019,73360,2000-07-02,2001-07-01
10019,77670,2001-07-02,2002-07-01
10019,81692,2002-07-02,2003-07-01
10019,85192,2003-07-02,2004-07-01
10019,87943,2004-07-02,2005-07-01
10019,90978,2005-07-02,2006-07-01
10019,94233,2006-07-02,2007-07-01
10019,98614,2007-07-02,2008-07-01
10019,101423,2008-07-02,9999-01-01
10020,61103,1992-05-20,1993-05-19
10020,62566,1993-05-20,1994-05-19
10020,66314,1994-05-20,1995-05-19
10020,68700,1995-05-20,1996-05-19
10020,72736,1996-05-20,1997-05-19
10020,74729,1997-05-20,1998-05-19
10020,78704,1998-05-20,1999-05-19
10020,81863,1999-05-20,2000-05-19
10020,86131,2000-05-20,2001-05-19
10020,88543,2001-05-20,2002-05-19
10020,90671,2002-05-20,2003-05-19
10020,95577,2003-05-20,9999-01-01
10021,67486,2005-12-09,2006-12-08
10021,70770,2006-12-09,2007-12-08
10021,72324,2007-12-09,2008-12-08
10021,75130,2008-12-09,2009-12-08
10021,76911,2009-12-09,2010-12-08
10021,79098,2010-12-09,2011-12-08
10021,83415,2011-12-09,2012-12-08
10021,87783,2012-12-09,2013-12-08
10021,89993,2013-12-09,2014-12-08
10021,94443,2014-12-09,2015-12-08
10021,97966,2015-12-09,2016-12-08
10021,100604,2016-12-09,9999-01-01
10022,60719,2010-05-05,2011-05-04
10022,63833,2011-05-05,2012-05-04
10022,66742,2012-05-05,2013-05-04
10022,70373,2013-05-05,2014-05-04
10022,71518,2014-05-05,2015-05-04
10022,73916,2015-05-05,2016-05-04
10022,77697,2016-05-05,2017-05-04
10022,78886,2017-05-05,2018-05-04
10022,80631,2018-05-05,2019-05-04
10022,84196,2019-05-05,2020-05-04
10022,85669,2020-05-05,2021-05-04
10022,87261,2021-05-05,9999-01-01
10023,64340,2006-12-30,2007-12-29
10023,68048,2007-12-30,2008-12-29
10023,71302,2008-12-30,2009-12-29
10023,74384,2009-12-30,2010-12-29
10023,76974,2010-12-30,2011-12-29
10023,81115,2011-12-30,2012-12-29
10023,85180,2012-12-30,2013-12-29
10023,86897,2013-12-30,2014-12-29
10023,91330,2014-12-30,2015-12-29
10023,95772,2015-12-30,2016-12-29
10023,101078,2016-12-30,2017-12-29
10023,103593,2017-12-30,9999-01-01
10024,63433,1990-01-07,1991-01-06
10024,66955,1991-01-07,1992-01-06
10024,68877,1992-01-07,1993-01-06
10024,71692,1993-01-07,1994-01-06
10024,73525,1994-01-07,1995-01-06
10024,77199,1995-01-07,1996-01-06
10024,81264,1996-01-07,1997-01-06
10024,84518,1997-01-07,1998-01-06
10024,87011,1998-01-07,1999-01-06
10024,92220,1999-01-07,2000-01-06
10024,94355,2000-01-07,2001-01-06
10024,98447,2001-01-07,9999-01-01
10025,70242,2005-07-12,2006-07-11
10025,71854,2006-07-12,2007-07-11
10025,74164,2007-07-12,2008-07-11
10025,78378,2008-07-12,2009-07-11
10025,79555,2009-07-12,2010-07-11
10025,81998,2010-07-12,2011-07-11
10025,83987,2011-07-12,2012-07-11
10025,85942,2012-07-12,2013-07-11
10025,88944,2013-07-12,2014-07-11
10025,91884,2014-07-12,2015-07-11
10025,96866,2015-07-12,2016-07-11
10025,101547,2016-07-12,9999-01-01
10026,74850,1992-09-21,1993-09-20
10026,76652,1993-09-21,1994-09-20
10026,80317,1994-09-21,1995-09-20
10026,83684,1995-09-21,1996-09-20
10026,87668,1996-09-21,1997-09-20
10026,91720,1997-09-21,1998-09-20
10026,93283,1998-09-21,1999-09-20
10026,95221,1999-09-21,2000-09-20
10026,100540,2000-09-21,2001-09-20
10026,106476,2001-09-21,2002-09-20
10026,109995,2002-09-21,2003-09-20
10026,116026,2003-09-21,9999-01-01
10027,82355,2010-11-06,2011-11-05
10027,83867,2011-11-06,2012-11-05
10027,86745,2012-11-06,2013-11-05
10027,91858,2013-11-06,2014-11-05
10027,96163,2014-11-06,2015-11-05
10027,98399,2015-11-06,2016-11-05
10027,103773,2016-11-06,2017-11-05
10027,109313,2017-11-06,2018-11-05
10027,112698,2018-11-06,2019-11-05
10027,117969,2019-11-06,2020-11-05
10027,122059,2020-11-06,2021-11-05
10027,126140,2021-11-06,9999-01-01
10028,62266,2010-08-03,2011-08-02
10028,64894,2011-08-03,2012-08-02
10028,66643,2012-08-03,2013-08-02
10028,69544,2013-08-03,2014-08-02
10028,72097,2014-08-03,2015-08-02
10028,75535,2015-08-03,2016-08-02
10028,78963,2016-08-03,2017-08-02
10028,80618,2017-08-03,2018-08-02
10028,84070,2018-08-03,2019-08-02
10028,86425,2019-08-03,2020-08-02
10028,90772,2020-08-03,2021-08-02
10028,92827,2021-08-03,2022-06-30
10029,88694,1996-05-27,1997-05-26
10029,90149,1997-05-27,1998-01-20
10030,49798,2002-04-04,2003-04-03
10030,51708,2003-04-04,2004-04-03
10030,54034,2004-04-04,2005-04-03
10030,56617,2005-04-04,2006-04-03
10030,57789,2006-04-04,2007-04-03
10030,59975,2007-04-04,2008-04-03
10030,62776,2008-04-04,2009-04-03
10030,64921,2009-04-04,2010-04-03
10030,68619,2010-04-04,2011-04-03
10030,72021,2011-04-04,2012-04-03
10030,75825,2012-04-04,2013-04-03
10030,78020,2013-04-04,9999-01-01
10031,42913,2011-06-16,2012-06-15
10031,45152,2012-06-16,2013-06-15
10031,47303,2013-06-16,2014-06-15
10031,48259,2014-06-16,2015-06-15
10031,49878,2015-06-16,2016-06-15
10031,51762,2016-06-16,2017-06-15
10031,53557,2017-06-16,2018-06-15
10031,54754,2018-06-16,2019-06-15
10031,55803,2019-06-16,2020-06-15
10031,58467,2020-06-16,2021-06-15
10031,61938,2021-06-16,2022-06-15
10031,63311,2022-06-16,9999-01-01
10032,53778,1996-04-01,1997-03-31
10032,54699,1997-04-01,1998-03-31
10032,56413,1998-04-01,1999-03-31
10032,59755,1999-04-01,2000-03-31
10032,61092,2000-04-01,2001-03-31
10032,63836,2001-04-01,2002-03-31
10032,67494,2002-04-01,2003-03-31
10032,69648,2003-04-01,2004-03-31
10032,73799,2004-04-01,2005-03-31
10032,76773,2005-04-01,2006-03-31
10032,78737,2006-04-01,2007-03-31
10032,81891,2007-04-01,9999-01-01
10033,51174,2010-06-08,2011-06-07
10033,53809,2011-06-08,2012-06-07
10033,56087,2012-06-08,2012-11-24
10034,41240,2005-07-18,2006-07-17
10034,43109,2006-07-18,2007-07-17
10034,44450,2007-07-18,2008-07-17
10034,45198,2008-07-18,2009-07-17
10034,47242,2009-07-18,2010-07-17
10034,48582,2010-07-18,2011-07-17
10034,49408,2011-07-18,2012-07-17
10034,52126,2012-07-18,2013-07-17
10034,54025,2013-07-18,2014-07-17
10034,56193,2014-07-18,2015-07-17
10034,58048,2015-07-18,2016-07-17
10034,60375,2016-07-18,9999-01-01
10035,51684,2013-05-01,2014-04-30
10035,54135,2014-05-01,2015-04-30
10035,55302,2015-05-01,2016-04-30
10035,58081,2016-05-01,2017-04-30
10035,58974,2017-05-01,2018-04-30
10035,62402,2018-05-01,2019-04-30
10035,65990,2019-05-01,2020-04-30
10035,67206,2020-05-01,2021-04-30
10035,71026,2021-05-01,2022-04-30
10035,73786,2022-05-01,2023-04-30
10035,77238,2023-05-01,9999-01-01
10036,51677,1995-11-04,1996-11-03
10036,52926,1996-11-04,1997-11-03
10036,55272,1997-11-04,1998-11-03
10036,57194,1998-11-04,1999-11-03
10036,58840,1999-11-04,2000-11-03
10036,61574,2000-11-04,2001-11-03
10036,62503,2001-11-04,2002-11-03
10036,64488,2002-11-04,2003-11-03
10036,67588,2003-11-04,2004-11-03
10036,70671,2004-11-04,2005-11-03
10036,73688,2005-11-04,2006-11-03
10036,74862,2006-11-04,2007-11-03
10037,49976,2002-04-29,2003-04-28
10037,51737,2003-04-29,2004-04-28
10037,53411,2004-04-29,2005-04-28
10037,56220,2005-04-29,2006-04-28
10037,58639,2006-04-29,2007-04-28
10037,62108,2007-04-29,2008-04-28
10037,64094,2008-04-29,2009-04-28
10037,66791,2009-04-29,2010-04-28
10037,70626,2010-04-29,2011-04-28
10037,73941,2011-04-29,2012-04-28
10037,77456,2012-04-29,2013-04-28
10037,81530,2013-04-29,9999-01-01
10038,67992,2011-01-01,2011-12-31
10038,71408,2012-01-01,2012-12-29
10039,65836,2010-10-03,2011-10-02
10039,69744,2011-10-03,2012-10-02
10039,71264,2012-10-03,2013-10-02
10039,73711,2013-10-03,2014-10-02
10039,74978,2014-10-03,2015-10-02
10039,76778,2015-10-03,2016-10-02
10039,78539,2016-10-03,2017-10-02
10039,80470,2017-10-03,2018-10-02
10039,84924,2018-10-03,2019-10-02
10039,88589,2019-10-03,2020-10-02
10039,90708,2020-10-03,2021-10-02
10039,94432,2021-10-03,9999-01-01
10040,57981,1997-05-19,1998-05-18
10040,59144,1998-05-19,1999-05-18
10040,62034,1999-05-19,2000-05-18
10040,64375,2000-05-19,2001-05-18
10040,65906,2001-05-19,2002-05-18
10040,69035,2002-05-19,2003-05-18
10040,72825,2003-05-19,2004-05-18
10040,75625,2004-05-19,2005-05-18
10040,78838,2005-05-19,2006-05-18
10040,81210,2006-05-19,2007-05-18
10040,84592,2007-05-19,2008-05-18
10040,86873,2008-05-19,9999-01-01
10041,78108,1997-01-09,1998-01-08
10041,79590,1998-01-09,1999-01-08
10041,83783,1999-01-09,2000-01-08
10041,87796,2000-01-09,2001-01-08
10041,90544,2001-01-09,2002-01-08
10041,92462,2002-01-09,2003-01-08
10041,96903,2003-01-09,2004-01-08
10041,99341,2004-01-09,2005-01-08
10041,103468,2005-01-09,2006-01-08
10041,109098,2006-01-09,2007-01-08
10041,112853,2007-01-09,2008-01-08
10041,117561,2008-01-09,9999-01-01
10042,53852,2003-08-12,2004-08-11
10042,55045,2004-08-12,2005-08-11
10042,56700,2005-08-12,2006-08-11
10042,59589,2006-08-12,2007-08-11
10042,60543,2007-08-12,2008-08-11
10042,62163,2008-08-12,2009-08-11
10042,63206,2009-08-12,2010-08-11
10042,65932,2010-08-12,2011-08-11
10042,69781,2011-08-12,2012-08-11
10042,70939,2012-08-12,2013-08-11
10042,74094,2013-08-12,2014-08-11
10042,78357,2014-08-12,9999-01-01
10043,55880,1993-10-21,1994-10-20
10043,57297,1994-10-21,1995-10-20
10043,58326,1995-10-21,1996-10-20
10043,60905,1996-10-21,1997-10-20
10043,62207,1997-10-21,1998-10-20
10043,65367,1998-10-21,1999-10-20
10043,69222,1999-10-21,2000-10-20
10043,72307,2000-10-21,2001-10-20
10043,75561,2001-10-21,2002-10-20
10043,79927,2002-10-21,2003-10-20
10043,81317,2003-10-21,2004-10-20
10043,82649,2004-10-21,9999-01-01
10044,53919,2003-10-16,2004-10-15
10044,55649,2004-10-16,2005-10-15
10044,58365,2005-10-16,2006-10-15
10044,61092,2006-10-16,2007-10-15
10044,63536,2007-10-16,2008-10-15
10044,66433,2008-10-16,2009-10-15
10044,68582,2009-10-16,2010-10-15
10044,72247,2010-10-16,2011-10-15
10044,75141,2011-10-16,2012-10-15
10044,76996,2012-10-16,2013-10-15
10044,78152,2013-10-16,2014-10-15
10044,82766,2014-10-16,2015-10-15
10045,66805,2008-09-19,2009-09-18
10045,69323,2009-09-19,2010-09-18
10045,71742,2010-09-19,2011-09-18
10045,74062,2011-09-19,2012-09-18
10045,77733,2012-09-19,2013-09-18
10045,81689,2013-09-19,2014-09-18
10045,85650,2014-09-19,2015-09-18
10045,87629,2015-09-19,2016-09-18
10045,90068,2016-09-19,2017-09-18
10045,91566,2017-09-19,2018-09-18
10045,96257,2018-09-19,2019-09-18
10045,101725,2019-09-19,9999-01-01
10046,76550,2010-08-28,2011-08-27
10046,79787,2011-08-28,2012-08-27
10046,84413,2012-08-28,2013-08-27
10046,87137,2013-08-28,2014-08-27
10046,88612,2014-08-28,2015-08-27
10046,93491,2015-08-28,2016-08-27
10046,99041,2016-08-28,2017-08-27
10046,102431,2017-08-28,2018-08-27
10046,108101,2018-08-28,2019-08-27
10046,112962,2019-08-28,2020-08-27
10046,116297,2020-08-28,2021-08-27
10046,119536,2021-08-28,9999-01-01
10047,87972,2007-10-19,2008-10-18
10047,92983,2008-10-19,2009-10-18
10047,97900,2009-10-19,2010-10-18
10047,103271,2010-10-19,2011-10-18
10047,106248,2011-10-19,2012-10-18
10047,110758,2012-10-19,2013-10-18
10047,112783,2013-10-19,2014-10-18
10047,116056,2014-10-19,2015-10-18
10047,118800,2015-10-19,2016-10-18
10047,120734,2016-10-19,2017-10-18
10047,126984,2017-10-19,2018-10-18
10047,130246,2018-10-19,9999-01-01
10048,60114,2007-11-29,2008-11-28
10048,63556,2008-11-29,2009-11-28
10048,64985,2009-11-29,2010-11-28
10048,66702,2010-11-29,2011-11-28
10048,70600,2011-11-29,2012-11-28
10048,73476,2012-11-29,2013-11-28
10048,77507,2013-11-29,2014-11-28
10048,80986,2014-11-29,2015-11-28
10048,85147,2015-11-29,2016-11-28
10048,88059,2016-11-29,2017-11-28
10048,90842,2017-11-29,2018-11-28
10048,94026,2018-11-29,9999-01-01
10049,61007,1997-06-22,1998-06-21
10049,63006,1998-06-22,1999-06-21
10049,65225,1999-06-22,2000-06-21
10049,66864,2000-06-22,2001-06-21
10049,69710,2001-06-22,2002-06-21
10049,73071,2002-06-22,2003-06-21
10049,76123,2003-06-22,2004-06-21
10049,79335,2004-06-22,2005-06-21
10049,80723,2005-06-22,2006-06-21
10049,84213,2006-06-22,2007-06-21
10049,85616,2007-06-22,2008-06-21
10049,87119,2008-06-22,2009-06-21
10050,82910,2003-07-01,2004-06-30
10050,86140,2004-07-01,2005-06-30
10050,89441,2005-07-01,2006-06-30
10050,91699,2006-07-01,2007-06-30
10050,94509,2007-07-01,2008-05-22
10051,62194,2007-04-15,2008-04-14
10051,64826,2008-04-15,2009-04-14
10051,68173,2009-04-15,2010-04-14
10051,70582,2010-04-15,2011-04-14
10051,72335,2011-04-15,2012-04-14
10051,73643,2012-04-15,2013-04-14
10051,77751,2013-04-15,2014-04-14
10051,79020,2014-04-15,2015-04-14
10051,82867,2015-04-15,2016-04-14
10051,87500,2016-04-15,2017-04-14
10051,92655,2017-04-15,2018-04-14
10051,95242,2018-04-15,9999-01-01
10052,56526,1995-04-01,1996-03-31
10052,58616,1996-04-01,1997-03-31
10052,61187,1997-04-01,1998-03-31
10052,63631,1998-04-01,1999-03-31
10052,66984,1999-04-01,2000-03-31
10052,70770,2000-04-01,2001-03-31
10052,72440,2001-04-01,2002-03-31
10052,75410,2002-04-01,2002-07-16
10053,50679,2007-11-16,2008-11-15
10053,51842,2008-11-16,2009-11-15
10053,54332,2009-11-16,2010-11-15
10053,57591,2010-11-16,2011-11-15
10053,60217,2011-11-16,2012-11-15
10053,62362,2012-11-16,2013-11-15
10053,65760,2013-11-16,2014-11-15
10053,66905,2014-11-16,2015-11-15
10053,70231,2015-11-16,2016-11-15
10053,71354,2016-11-16,2017-11-15
10053,75093,2017-11-16,2018-11-15
10053,77985,2018-11-16,9999-01-01
10054,61085,1992-02-03,1993-02-02
10054,62360,1993-02-03,1994-02-02
10054,65679,1994-02-03,1995-02-02
10054,69580,1995-02-03,1996-02-02
10054,71929,1996-02-03,1997-02-02
10054,74001,1997-02-03,1998-02-02
10054,75800,1998-02-03,1999-02-02
10054,78487,1999-02-03,2000-02-02
10054,80032,2000-02-03,2001-02-02
10054,83769,2001-02-03,2002-02-02
10054,88627,2002-02-03,2003-02-02
10054,92751,2003-02-03,2004-02-02
10055,64089,2014-10-16,2015-10-15
10055,67821,2015-10-16,2016-10-15
10055,69922,2016-10-16,2017-10-15
10055,73488,2017-10-16,2018-10-15
10055,75146,2018-10-16,2019-10-15
10055,77074,2019-10-16,2020-10-15
10055,79463,2020-10-16,2021-10-15
10055,83110,2021-10-16,2022-10-15
10055,86750,2022-10-16,2023-10-15
10055,89836,2023-10-16,9999-01-01
10056,61855,2007-05-29,2008-05-28
10056,64236,2008-05-29,2009-05-28
10056,66636,2009-05-29,2010-05-28
10056,68998,2010-05-29,2011-05-28
10056,70218,2011-05-29,2012-05-28
10056,73726,2012-05-29,2013-05-28
10056,75912,2013-05-29,2014-05-28
10056,78052,2014-05-29,2015-05-28
10056,81708,2015-05-29,2016-05-28
10056,86236,2016-05-29,2017-05-28
10056,89358,2017-05-29,2018-05-28
10056,92844,2018-05-29,9999-01-01
10057,41381,2009-11-14,2010-11-13
10057,42144,2010-11-14,2011-11-13
10057,43142,2011-11-14,2012-11-13
10057,44245,2012-11-14,2013-11-13
10057,45682,2013-11-14,2014-11-13
10057,48346,2014-11-14,2015-11-13
10057,50299,2015-11-14,2016-11-13
10057,53217,2016-11-14,2017-11-13
10057,54304,2017-11-14,2018-11-13
10057,56898,2018-11-14,2019-11-13
10057,59857,2019-11-14,2020-11-13
10057,63183,2020-11-14,9999-01-01
10058,65495,2003-12-07,2004-12-06
10058,69284,2004-12-07,2005-12-06
10058,70970,2005-12-07,2006-12-06
10058,74158,2006-12-07,2007-12-06
10058,78430,2007-12-07,2008-12-06
10058,80448,2008-12-07,2009-12-06
10058,84117,2009-12-07,2010-12-06
10058,86974,2010-12-07,2011-12-06
10058,90994,2011-12-07,2012-12-06
10058,93430,2012-12-07,2013-12-06
10058,98472,2013-12-07,2014-12-06
10058,104091,2014-12-07,9999-01-01
10059,57677,2003-04-15,2004-04-14
10059,60494,2004-04-15,2005-04-14
10059,62951,2005-04-15,2006-04-14
10059,66313,2006-04-15,2007-04-14
10059,69988,2007-04-15,2008-04-14
10059,72641,2008-04-15,2009-04-14
10059,75777,2009-04-15,2010-04-14
10059,77914,2010-04-15,2011-04-14
10059,81974,2011-04-15,2012-04-14
10059,86651,2012-04-15,2013-04-14
10059,90918,2013-04-15,2014-04-14
10059,95021,2014-04-15,9999-01-01
10060,70378,2014-03-27,2015-03-26
10060,73637,2015-03-27,2016-03-26
10060,75997,2016-03-27,2017-03-26
10060,77975,2017-03-27,2018-03-26
10060,82295,2018-03-27,2019-03-26
10060,84076,2019-03-27,2020-03-26
10060,88143,2020-03-27,2021-03-26
10060,89597,2021-03-27,2022-03-26
10060,93726,2022-03-27,2023-03-26
10060,96158,2023-03-27,9999-01-01
10061,74545,1991-07-23,1992-07-22
10061,75889,1992-07-23,1993-07-22
10061,79470,1993-07-23,1994-07-22
10061,81835,1994-07-23,1995-02-08
10062,58433,2012-01-05,2013-01-04
10062,59341,2013-01-05,2014-01-04
10062,61316,2014-01-05,2015-01-04
10062,64282,2015-01-05,2016-01-04
10062,67667,2016-01-05,2017-01-04
10062,69528,2017-01-05,2018-01-04
10062,72687,2018-01-05,2019-01-04
10062,74597,2019-01-05,2020-01-04
10062,78831,2020-01-05,2021-01-04
10062,81216,2021-01-05,2022-01-04
10062,85089,2022-01-05,2023-01-04
10062,88766,2023-01-05,9999-01-01
10063,46647,2009-12-01,2010-11-30
10063,48923,2010-12-01,2011-11-30
10063,51003,2011-12-01,2012-11-30
10063,53973,2012-12-01,2013-11-30
10063,56262,2013-12-01,2014-11-30
10063,59092,2014-12-01,2015-11-30
10063,62525,2015-12-01,2016-11-30
10063,64673,2016-12-01,2017-11-30
10063,65720,2017-12-01,2018-11-30
10063,69174,2018-12-01,2019-11-30
10063,73283,2019-12-01,2020-11-30
10063,77432,2020-12-01,9999-01-01
10064,65679,2008-04-05,2009-04-04
10064,68139,2009-04-05,2010-04-04
10064,70618,2010-04-05,2011-04-04
10064,74342,2011-04-05,2012-04-04
10064,78699,2012-04-05,2013-04-04
10064,83133,2013-04-05,2014-04-04
10064,85665,2014-04-05,2015-04-04
10064,89749,2015-04-05,2016-04-04
10064,93376,2016-04-05,2016-05-28
10065,78963,2006-09-28,2007-09-27
10065,80187,2007-09-28,2008-09-27
10065,82138,2008-09-28,2009-09-27
10065,85669,2009-09-28,2010-09-27
10065,90546,2010-09-28,2011-09-27
10065,94640,2011-09-28,2012-09-27
10065,98326,2012-09-28,2013-09-27
10065,103436,2013-09-28,2014-09-27
10065,106588,2014-09-28,2015-09-27
10065,111932,2015-09-28,2016-09-27
10065,114806,2016-09-28,2017-09-27
10065,119779,2017-09-28,9999-01-01
10066,60239,2014-01-13,2015-01-12
10066,63052,2015-01-13,2016-01-12
10066,64833,2016-01-13,2017-01-12
10066,68082,2017-01-13,2018-01-12
10066,69161,2018-01-13,2019-01-12
10066,70864,2019-01-13,2020-01-12
10066,74015,2020-01-13,2021-01-12
10066,76715,2021-01-13,2022-01-12
10066,80550,2022-01-13,2023-01-12
10066,84169,2023-01-13,9999-01-01
10067,70045,2000-11-28,2001-11-27
10067,72324,2001-11-28,2002-11-27
10067,75474,2002-11-28,2003-11-27
10067,78986,2003-11-28,2004-11-27
10067,83178,2004-11-28,2005-11-27
10067,84551,2005-11-28,2006-11-27
10067,87843,2006-11-28,2007-11-27
10067,89927,2007-11-28,2008-11-27
10067,92686,2008-11-28,2009-11-27
10067,94878,2009-11-28,2010-11-27
10067,100263,2010-11-28,2011-11-27
10067,104884,2011-11-28,9999-01-01
10068,55253,1993-06-26,1994-06-25
10068,56492,1994-06-26,1995-06-25
10068,59180,1995-06-26,1996-06-25
10068,61131,1996-06-26,1997-06-25
10068,63091,1997-06-26,1998-06-25
10068,66713,1998-06-26,1999-06-25
10068,70373,1999-06-26,2000-06-25
10068,73607,2000-06-26,2001-06-25
10068,74964,2001-06-26,2002-06-25
10068,77318,2002-06-26,2003-06-25
10068,79722,2003-06-26,2004-06-25
10068,81987,2004-06-26,2005-06-25
10069,59843,1997-05-07,1998-05-06
10069,62069,1998-05-07,1999-05-06
10069,65330,1999-05-07,2000-05-06
10069,68936,2000-05-07,2001-05-06
10069,72881,2001-05-07,2002-05-06
10069,74364,2002-05-07,2003-05-06
10069,75690,2003-05-07,2004-05-06
10069,77784,2004-05-07,2005-05-06
10069,79002,2005-05-07,2006-05-06
10069,80371,2006-05-07,2007-05-06
10069,83751,2007-05-07,2008-05-06
10069,88333,2008-05-07,9999-01-01
10070,73597,2012-09-08,2013-09-07
10070,77165,2013-09-08,2014-09-07
10070,79020,2014-09-08,2015-09-07
10070,81576,2015-09-08,2016-09-07
10070,86051,2016-09-08,2017-09-07
10070,89543,2017-09-08,2018-09-07
10070,91628,2018-09-08,2019-09-07
10070,94580,2019-09-08,2020-09-07
10070,98715,2020-09-08,2021-09-07
10070,103838,2021-09-08,2022-09-07
10070,106122,2022-09-08,2023-09-07
10070,111934,2023-09-08,9999-01-01
10071,64370,2003-08-05,2004-08-04
10071,68154,2004-08-05,2005-08-04
10071,70152,2005-08-05,2006-08-04
10071,71298,2006-08-05,2007-08-04
10071,74678,2007-08-05,2008-08-04
10071,76809,2008-08-05,2009-08-04
10071,80275,2009-08-05,2010-08-04
10071,84140,2010-08-05,2011-08-04
10071,87776,2011-08-05,2012-08-04
10071,91960,2012-08-05,2013-08-04
10071,95637,2013-08-05,2014-08-04
10071,97765,2014-08-05,9999-01-01
10072,67276,1992-02-17,1993-02-16
10072,69048,1993-02-17,1994-02-16
10072,72473,1994-02-17,1995-02-16
10072,76227,1995-02-17,1996-02-16
10072,78690,1996-02-17,1997-02-16
10072,81838,1997-02-17,1998-02-16
10072,85684,1998-02-17,1999-02-16
10072,90585,1999-02-17,2000-02-16
10072,93681,2000-02-17,2001-02-16
10072,96991,2001-02-17,2002-02-16
10072,102541,2002-02-17,2003-02-16
10072,107536,2003-02-17,9999-01-01
10073,59411,2013-09-29,2014-09-28
10073,60716,2014-09-29,2015-09-28
10073,61631,2015-09-29,2016-09-28
10073,63772,2016-09-29,2017-09-28
10073,67416,2017-09-29,2018-09-28
10073,69571,2018-09-29,2019-09-28
10073,71352,2019-09-29,2020-09-28
10073,74920,2020-09-29,2021-09-28
10073,76468,2021-09-29,2022-09-28
10073,80127,2022-09-29,2023-09-28
10073,84684,2023-09-29,9999-01-01
10074,53478,1995-06-24,1996-06-23
10074,54364,1996-06-24,1997-06-23
10074,57377,1997-06-24,1998-06-23
10074,59815,1998-06-24,1999-06-23
10074,63381,1999-06-24,2000-06-23
10074,65176,2000-06-24,2001-06-23
10074,66982,2001-06-24,2002-06-23
10074,68747,2002-06-24,2003-06-23
10074,72657,2003-06-24,2004-06-23
10074,74552,2004-06-24,2005-06-23
10074,77344,2005-06-24,2006-06-23
10074,81876,2006-06-24,2007-06-23
10075,62823,2001-11-26,2002-11-25
10075,64924,2002-11-26,2003-11-25
10075,66688,2003-11-26,2004-11-25
10075,69805,2004-11-26,2005-11-25
10075,73889,2005-11-26,2006-11-25
10075,75244,2006-11-26,2007-11-25
10075,79627,2007-11-26,2008-11-25
10075,81937,2008-11-26,2009-11-25
10075,84087,2009-11-26,2010-11-25
10075,86356,2010-11-26,2011-11-25
10075,90226,2011-11-26,2012-11-25
10075,93614,2012-11-26,9999-01-01
10076,53083,1996-08-30,1997-08-29
10076,55519,1997-08-30,1998-08-29
10076,56614,1998-08-30,1999-08-29
10076,59928,1999-08-30,2000-08-29
10076,62865,2000-08-30,2001-08-29
10076,64772,2001-08-30,2002-08-29
10076,66983,2002-08-30,2003-08-29
10076,70251,2003-08-30,2004-08-29
10076,73273,2004-08-30,2005-08-29
10076,75837,2005-08-30,2006-08-29
10076,78109,2006-08-30,2007-08-29
10076,79864,2007-08-30,9999-01-01
10077,76953,2005-02-22,2006-02-21
10077,80297,2006-02-22,2007-02-21
10077,82750,2007-02-22,2008-02-21
10077,84878,2008-02-22,2009-02-21
10077,86998,2009-02-22,2010-02-21
10077,91801,2010-02-22,2011-02-21
10077,93205,2011-02-22,2011-06-16
10078,51554,2003-02-24,2004-02-23
10078,53444,2004-02-24,2005-02-23
10078,54929,2005-02-24,2006-02-23
10078,56632,2006-02-24,2007-02-23
10078,58550,2007-02-24,2008-02-23
10078,61441,2008-02-24,2009-02-23
10078,65013,2009-02-24,2010-02-23
10078,66859,2010-02-24,2011-02-23
10078,70469,2011-02-24,2012-02-23
10078,73756,2012-02-24,2013-02-23
10078,77690,2013-02-24,2014-02-23
10078,79960,2014-02-24,9999-01-01
10079,51982,2011-01-04,2012-01-03
10079,54153,2012-01-04,2013-01-03
10079,56679,2013-01-04,2014-01-03
10079,59902,2014-01-04,2015-01-03
10079,62265,2015-01-04,2016-01-03
10079,65076,2016-01-04,2017-01-03
10079,67308,2017-01-04,2018-01-03
10079,71279,2018-01-04,2019-01-03
10079,73100,2019-01-04,2020-01-03
10079,74780,2020-01-04,2021-01-03
10079,77471,2021-01-04,2022-01-03
10079,81809,2022-01-04,9999-01-01
10080,66486,2012-01-07,2013-01-06
10080,67843,2013-01-07,2014-01-06
10080,69205,2014-01-07,2015-01-06
10080,73156,2015-01-07,2016-01-06
10080,77022,2016-01-07,2017-01-06
10080,80910,2017-01-07,2018-01-06
10080,84907,2018-01-07,2019-01-06
10080,86458,2019-01-07,2020-01-06
10080,89658,2020-01-07,2021-01-06
10080,92824,2021-01-07,2022-01-06
10080,96946,2022-01-07,2023-01-06
10080,100233,2023-01-07,9999-01-01
10081,54588,1995-04-23,1996-04-22
10081,57831,1996-04-23,1997-04-22
10081,60706,1997-04-23,1998-04-22
10081,62157,1998-04-23,1999-04-22
10081,63338,1999-04-23,2000-04-22
10081,66597,2000-04-23,2001-04-22
10081,69092,2001-04-23,2002-04-22
10081,70450,2002-04-23,2003-04-22
10081,74375,2003-04-23,2004-04-22
10081,76288,2004-04-23,2005-04-22
10081,80613,2005-04-23,2006-04-22
10081,83290,2006-04-23,9999-01-01
10082,67461,2007-09-09,2008-09-08
10082,70035,2008-09-09,2009-09-08
10082,72752,2009-09-09,2010-09-08
10082,76611,2010-09-09,2011-09-08
10082,80786,2011-09-09,2012-09-08
10082,84034,2012-09-09,2013-09-08
10082,87659,2013-09-09,2014-09-08
10082,90152,2014-09-09,2015-09-08
10082,92310,2015-09-09,2016-09-08
10082,94035,2016-09-09,2017-09-08
10082,95942,2017-09-09,2018-09-08
10082,101282,2018-09-09,2019-09-08
10083,48742,2012-11-11,2013-11-10
10083,50564,2013-11-11,2014-11-10
10083,52740,2014-11-11,2015-11-10
10083,53830,2015-11-11,2016-11-10
10083,54920,2016-11-11,2017-11-10
10083,56477,2017-11-11,2018-11-10
10083,57682,2018-11-11,2019-11-10
10083,60221,2019-11-11,2020-11-10
10083,63400,2020-11-11,2021-11-10
10083,65532,2021-11-11,2022-11-10
10083,69152,2022-11-11,2023-11-10
10083,73170,2023-11-11,9999-01-01
10084,77050,1996-12-17,1997-12-16
10084,78594,1997-12-17,1998-12-16
10084,83174,1998-12-17,1999-12-16
10084,87117,1999-12-17,2000-12-16
10084,89924,2000-12-17,2001-12-16
10084,92249,2001-12-17,2002-12-16
10084,93752,2002-12-17,2003-12-16
10084,96412,2003-12-17,2004-12-16
10084,101302,2004-12-17,2005-12-16
10084,104962,2005-12-17,2006-12-16
10084,109243,2006-12-17,2007-12-16
10084,115559,2007-12-17,2008-12-16
10085,55959,2005-03-30,2006-03-29
10085,57230,2006-03-30,2007-03-29
10085,58999,2007-03-30,2008-03-29
10085,61290,2008-03-30,2009-03-29
10085,62328,2009-03-30,2010-03-29
10085,64234,2010-03-30,2011-03-29
10085,65949,2011-03-30,2012-03-29
10085,68775,2012-03-30,2013-03-29
10085,70212,2013-03-30,2014-03-29
10085,71815,2014-03-30,2015-03-29
10085,73029,2015-03-30,2016-03-29
10085,74554,2016-03-30,9999-01-01
10086,57818,1990-06-05,1991-06-04
10086,61071,1991-06-05,1992-06-04
10086,63534,1992-06-05,1993-06-04
10086,66756,1993-06-05,1994-06-04
10086,69069,1994-06-05,1995-06-04
10086,70954,1995-06-05,1996-06-04
10086,74120,1996-06-05,1997-06-04
10086,75880,1997-06-05,1998-06-04
10086,78488,1998-06-05,1999-06-04
10086,82733,1999-06-05,2000-06-04
10086,84667,2000-06-05,2001-06-04
10086,88548,2001-06-05,9999-01-01
10087,86945,2006-12-07,2007-12-06
10087,91650,2007-12-07,2008-12-06
10087,93941,2008-12-07,2009-12-06
10087,99212,2009-12-07,2010-12-06
10087,102448,2010-12-07,2011-12-06
10087,105442,2011-12-07,2012-12-06
10087,108100,2012-12-07,2013-12-06
10087,114468,2013-12-07,2014-12-06
10087,116821,2014-12-07,2015-12-06
10087,120967,2015-12-07,2016-07-03
10088,69374,1999-10-21,2000-10-20
10088,73359,2000-10-21,2001-10-20
10088,74478,2001-10-21,2002-10-20
10088,77752,2002-10-21,2003-10-20
10088,79342,2003-10-21,2004-10-20
10088,81357,2004-10-21,2005-10-20
10088,85313,2005-10-21,2006-10-20
10088,87304,2006-10-21,2007-10-20
10088,88791,2007-10-21,2008-10-20
10088,93677,2008-10-21,2009-10-20
10088,97472,2009-10-21,2010-10-20
10088,99171,2010-10-21,9999-01-01
10089,72254,2002-01-07,2003-01-06
10089,74470,2003-01-07,2004-01-06
10089,77099,2004-01-07,2005-01-06
10089,80648,2005-01-07,2006-01-06
10089,85107,2006-01-07,2007-01-06
10089,86624,2007-01-07,2008-01-06
10089,91630,2008-01-07,2009-01-06
10089,94796,2009-01-07,2010-01-06
10089,98643,2010-01-07,2011-01-06
10089,101291,2011-01-07,2012-01-06
10089,106404,2012-01-07,2013-01-06
10089,110356,2013-01-07,9999-01-01
10090,61545,2002-11-13,2003-11-12
10090,63389,2003-11-13,2004-11-12
10090,65171,2004-11-13,2005-11-12
10090,67298,2005-11-13,2006-11-12
10090,70196,2006-11-13,2007-11-12
10090,72606,2007-11-13,2008-11-12
10090,75989,2008-11-13,2009-11-12
10090,79561,2009-11-13,2010-11-12
10090,82658,2010-11-13,2011-11-12
10090,84729,2011-11-13,2012-11-12
10090,89248,2012-11-13,2013-11-12
10090,91613,2013-11-13,9999-01-01
10091,65018,2008-11-13,2009-11-12
10091,68625,2009-11-13,2010-11-12
10091,70586,2010-11-13,2011-11-12
10091,71858,2011-11-13,2012-11-12
10091,75693,2012-11-13,2013-11-12
10091,77595,2013-11-13,2014-11-12
10091,79414,2014-11-13,2015-11-12
10091,83306,2015-11-13,2016-11-12
10091,87929,2016-11-13,2017-11-12
10091,90211,2017-11-13,2018-11-12
10091,92006,2018-11-13,2019-11-12
10091,94596,2019-11-13,9999-01-01
10092,62041,2001-03-05,2002-03-04
10092,65353,2002-03-05,2003-03-04
10092,68026,2003-03-05,2004-03-04
10092,70792,2004-03-05,2005-03-04
10092,73094,2005-03-05,2006-03-04
10092,76937,2006-03-05,2007-03-04
10092,81456,2007-03-05,2007-09-02
10093,64256,2014-10-29,2015-10-28
10093,67596,2015-10-29,2016-10-28
10093,70599,2016-10-29,2017-10-28
10093,72682,2017-10-29,2018-10-28
10093,75595,2018-10-29,2019-10-28
10093,79816,2019-10-29,2020-10-28
10093,83435,2020-10-29,2021-10-28
10093,86457,2021-10-29,2022-10-28
10093,88912,2022-10-29,2023-10-28
10093,92120,2023-10-29,9999-01-01
10094,64747,2008-12-06,2009-12-05
10094,67182,2009-12-06,2010-12-05
10094,68955,2010-12-06,2011-12-05
10094,70021,2011-12-06,2012-12-05
10094,73546,2012-12-06,2013-12-05
10094,76085,2013-12-06,2014-12-05
10094,78028,2014-12-06,2015-12-05
10094,81622,2015-12-06,2016-12-05
10094,86450,2016-12-06,2017-04-06
10095,58662,1996-05-20,1997-05-19
10095,61349,1997-05-20,1998-02-04
10096,43146,1998-11-05,1999-11-04
10096,44321,1999-11-05,2000-11-04
10096,46104,2000-11-05,2001-11-04
10096,47669,2001-11-05,2002-11-04
10096,49503,2002-11-05,2003-11-04
10096,52197,2003-11-05,2004-11-04
10096,53244,2004-11-05,2005-11-04
10096,55003,2005-11-05,2006-11-04
10096,56972,2006-11-05,2007-11-04
10096,58330,2007-11-05,2008-11-04
10096,61396,2008-11-05,2009-11-04
10096,64414,2009-11-05,9999-01-01
10097,74745,2011-07-14,2012-07-13
10097,77163,2012-07-14,2013-07-13
10097,80062,2013-07-14,2014-07-13
10097,82919,2014-07-14,2015-07-13
10097,86328,2015-07-14,2016-07-13
10097,90528,2016-07-14,2017-07-13
10097,94599,2017-07-14,2018-07-13
10097,98247,2018-07-14,2019-07-13
10097,100885,2019-07-14,2020-07-13
10097,105213,2020-07-14,2021-07-13
10097,110240,2021-07-14,2022-07-13
10097,112164,2022-07-14,9999-01-01
10098,48797,2000-10-02,2001-10-01
10098,50339,2001-10-02,2002-10-01
10098,51469,2002-10-02,2003-10-01
10098,54397,2003-10-02,2004-10-01
10098,56269,2004-10-02,2005-10-01
10098,59535,2005-10-02,2006-10-01
10098,62538,2006-10-02,2007-10-01
10098,64682,2007-10-02,2008-10-01
10098,65825,2008-10-02,2009-10-01
10098,68839,2009-10-02,2010-10-01
10098,70145,2010-10-02,2011-10-01
10098,73492,2011-10-02,2012-10-01
10099,42773,1994-03-08,1995-03-07
10099,44271,1995-03-08,1996-03-07
10099,46828,1996-03-08,1997-03-07
10099,48883,1997-03-08,1998-03-07
10099,51803,1998-03-08,1999-03-07
10099,52767,1999-03-08,2000-03-07
10099,54281,2000-03-08,2001-03-07
10099,57085,2001-03-08,2002-03-07
10099,60443,2002-03-08,2003-03-07
10099,62643,2003-03-08,2004-03-07
10099,65234,2004-03-08,2005-03-07
10099,68744,2005-03-08,9999-01-01
10100,55393,2009-08-13,2010-08-12
10100,58524,2010-08-13,2011-08-12
10100,62003,2011-08-13,2012-08-12
10100,63251,2012-08-13,2013-08-12
10100,64393,2013-08-13,2014-08-12
10100,67241,2014-08-13,2015-08-12
10100,68630,2015-08-13,2016-08-12
10100,70030,2016-08-13,2017-08-12
10100,71492,2017-08-13,2018-08-12
10100,73918,2018-08-13,2019-08-12
10100,76042,2019-08-13,2020-08-12
10100,78912,2020-08-13,9999-01-01
10101,71491,2003-03-09,2004-03-08
10101,75754,2004-03-09,2005-03-08
10101,78919,2005-03-09,2006-03-08
10101,83381,2006-03-09,2007-03-08
10101,86657,2007-03-09,2008-03-08
10101,90369,2008-03-09,2009-03-08
10101,94108,2009-03-09,2010-03-08
10101,98756,2010-03-09,2011-03-08
10101,100476,2011-03-09,2012-03-08
10101,105227,2012-03-09,2013-03-08
10101,110470,2013-03-09,2014-03-08
10101,112332,2014-03-09,9999-01-01
10102,65226,2014-03-30,2015-03-29
10102,68931,2015-03-30,2016-03-29
10102,71722,2016-03-30,2017-03-29
10102,74320,2017-03-30,2018-03-29
10102,76865,2018-03-30,2019-03-29
10102,79780,2019-03-30,2020-03-29
10102,81710,2020-03-30,2021-03-29
10102,83802,2021-03-30,2022-03-29
10102,85505,2022-03-30,2023-03-29
10102,89793,2023-03-30,9999-01-01
10103,58507,2010-12-02,2011-12-01
10103,59726,2011-12-02,2012-12-01
10103,61460,2012-12-02,2013-12-01
10103,62912,2013-12-02,2014-12-01
10103,64594,2014-12-02,2015-12-01
10103,68124,2015-12-02,2016-12-01
10103,69301,2016-12-02,2017-12-01
10103,71367,2017-12-02,2018-12-01
10103,73921,2018-12-02,2019-12-01
10103,75847,2019-12-02,2020-12-01
10103,77701,2020-12-02,2021-12-01
10103,80824,2021-12-02,9999-01-01
10104,53257,1998-01-18,1999-01-17
10104,56007,1999-01-18,2000-01-17
10104,59235,2000-01-18,2001-01-17
10104,62728,2001-01-18,2002-01-17
10104,65772,2002-01-18,2003-01-17
10104,67415,2003-01-18,2004-01-17
10104,71307,2004-01-18,2005-01-17
10104,74651,2005-01-18,2006-01-17
10104,78425,2006-01-18,2007-01-17
10104,80997,2007-01-18,2008-01-17
10104,84392,2008-01-18,2008-05-12
10105,64356,1993-10-08,1994-10-07
10105,67484,1994-10-08,1995-10-07
10105,68964,1995-10-08,1996-10-07
10105,72327,1996-10-08,1997-10-07
10105,75379,1997-10-08,1998-10-07
10105,79291,1998-10-08,1999-10-07
10105,80513,1999-10-08,2000-10-07
10105,83752,2000-10-08,2001-10-07
10105,87328,2001-10-08,2002-10-07
10105,92048,2002-10-08,2003-10-07
10105,94400,2003-10-08,2004-10-07
10105,98831,2004-10-08,9999-01-01
10106,72789,1990-12-11,1991-12-10
10106,76338,1991-12-11,1992-09-21
10107,73558,2010-04-17,2011-04-16
10107,76698,2011-04-17,2012-04-16
10107,78056,2012-04-17,2013-04-16
10107,82667,2013-04-17,2014-04-16
10107,87610,2014-04-17,2015-04-16
10107,90827,2015-04-17,2016-04-16
10107,94727,2016-04-17,2017-04-16
10107,97677,2017-04-17,2018-04-16
10107,102305,2018-04-17,2019-04-16
10107,107555,2019-04-17,2020-04-16
10107,113200,2020-04-17,2021-04-16
10107,118340,2021-04-17,9999-01-01
10108,59304,2010-05-04,2011-05-03
10108,60458,2011-05-04,2012-05-03
10108,62137,2012-05-04,2013-05-03
10108,65402,2013-05-04,2014-05-03
10108,68541,2014-05-04,2015-05-03
10108,71287,2015-05-04,2016-05-03
10108,72370,2016-05-04,2017-05-03
10108,75061,2017-05-04,2018-05-03
10108,78467,2018-05-04,2019-05-03
10108,80858,2019-05-04,2020-05-03
10108,85262,2020-05-04,2021-05-03
10108,89909,2021-05-04,9999-01-01
10109,43340,1998-06-30,1999-06-29
10109,44354,1999-06-30,2000-06-29
10109,45559,2000-06-30,2001-06-29
10109,47403,2001-06-30,2002-06-29
10109,49632,2002-06-30,2003-06-29
10109,52389,2003-06-30,2004-06-29
10109,53787,2004-06-30,2005-06-29
10109,56770,2005-06-30,2006-06-29
10109,58582,2006-06-30,2007-06-29
10109,61449,2007-06-30,2008-06-29
10109,63445,2008-06-30,2009-06-29
10109,66203,2009-06-30,9999-01-01
10110,55362,1994-01-04,1995-01-03
10110,56316,1995-01-04,1996-01-03
10110,58779,1996-01-04,1997-01-03
10110,60234,1997-01-04,1998-01-03
10110,63771,1998-01-04,1999-01-03
10110,66117,1999-01-04,2000-01-03
10110,67787,2000-01-04,2001-01-03
10110,71262,2001-01-04,2002-01-03
10110,74741,2002-01-04,2003-01-03
10110,77032,2003-01-04,2004-01-03
10110,80948,2004-01-04,2005-01-03
10110,84464,2005-01-04,9999-01-01
10111,52780,2000-01-30,2001-01-29
10111,54092,2001-01-30,2002-01-29
10111,55242,2002-01-30,2003-01-29
10111,57658,2003-01-30,2004-01-29
10111,59705,2004-01-30,2005-01-29
10111,61730,2005-01-30,2006-01-29
10111,63451,2006-01-30,2007-01-29
10111,65311,2007-01-30,2008-01-29
10111,69054,2008-01-30,2009-01-29
10111,71908,2009-01-30,2010-01-29
10111,73670,2010-01-30,2011-01-29
10111,76332,2011-01-30,9999-01-01
10112,79787,2005-02-23,2006-02-22
10112,83861,2006-02-23,2007-02-22
10112,87532,2007-02-23,2008-02-22
10112,89484,2008-02-23,2009-02-22
10112,94521,2009-02-23,2010-02-22
10112,96082,2010-02-23,2011-02-22
10112,98297,2011-02-23,2012-02-22
10112,103443,2012-02-23,2013-02-22
10112,106733,2013-02-23,2014-02-22
10112,111652,2014-02-23,2015-02-22
10112,115311,2015-02-23,2016-02-22
10112,121992,2016-02-23,9999-01-01
10113,68522,2013-08-06,2014-08-05
10113,71092,2014-08-06,2015-08-05
10113,72669,2015-08-06,2016-08-05
10113,74507,2016-08-06,2017-08-05
10113,75627,2017-08-06,2018-08-05
10113,79974,2018-08-06,2019-08-05
10113,82805,2019-08-06,2020-08-05
10113,86115,2020-08-06,2021-08-05
10113,89757,2021-08-06,2022-08-05
10113,91471,2022-08-06,2023-08-05
10113,95180,2023-08-06,9999-01-01
10114,54414,2010-11-18,2011-11-17
10114,57497,2011-11-18,2012-11-17
10114,59086,2012-11-18,2013-11-17
10114,62445,2013-11-18,2014-11-17
10114,66008,2014-11-18,2015-11-17
10114,67529,2015-11-18,2016-11-17
10114,70428,2016-11-18,2017-11-17
10114,74047,2017-11-18,2018-11-17
10114,77920,2018-11-18,2019-11-17
10114,81938,2019-11-18,2020-11-17
10114,85580,2020-11-18,2021-11-17
10114,88628,2021-11-18,9999-01-01
10115,80065,1990-09-23,1991-09-22
10115,81919,1991-09-23,1992-09-22
10115,84084,1992-09-23,1993-09-22
10115,85764,1993-09-23,1994-09-22
10115,88408,1994-09-23,1995-09-22
10115,92392,1995-09-23,1996-09-22
10115,95317,1996-09-23,1997-09-22
10115,99264,1997-09-23,1998-09-22
10115,101440,1998-09-23,1999-09-22
10115,103666,1999-09-23,2000-09-22
10115,108472,2000-09-23,2001-09-22
10115,111917,2001-09-23,9999-01-01
10116,81592,2001-12-16,2002-12-15
10116,85229,2002-12-16,2003-12-15
10116,89238,2003-12-16,2004-12-15
10116,91769,2004-12-16,2005-12-15
10116,93950,2005-12-16,2006-12-15
10116,99121,2006-12-16,2007-12-15
10116,104221,2007-12-16,2008-12-15
10116,109590,2008-12-16,2009-12-15
10116,116080,2009-12-16,2010-12-15
10116,120097,2010-12-16,2011-12-15
10116,122505,2011-12-16,2012-12-15
10116,124641,2012-12-16,9999-01-01
10117,61371,1994-07-01,1995-06-30
10117,64045,1995-07-01,1996-06-30
10117,67218,1996-07-01,1997-06-30
10117,71197,1997-07-01,1998-06-30
10117,72512,1998-07-01,1999-06-30
10117,76654,1999-07-01,2000-06-30
10117,78203,2000-07-01,2001-06-30
10117,81114,2001-07-01,2002-06-30
10117,85596,2002-07-01,2002-08-22
10118,60070,1990-03-21,1991-03-20
10118,61741,1991-03-21,1992-03-20
10118,64000,1992-03-21,1993-03-20
10118,65621,1993-03-21,1994-03-20
10118,68112,1994-03-21,1995-03-20
10118,70915,1995-03-21,1996-03-20
10118,74267,1996-03-21,1997-03-20
10118,77928,1997-03-21,1998-03-20
10118,82501,1998-03-21,1999-03-20
10118,83820,1999-03-21,2000-03-20
10118,85826,2000-03-21,2001-03-20
10118,89795,2001-03-21,9999-01-01
10119,66104,1990-01-14,1991-01-13
10119,68824,1991-01-14,1992-01-13
10119,70373,1992-01-14,1993-01-13
10119,73181,1993-01-14,1994-01-13
10119,76216,1994-01-14,1995-01-13
10119,78808,1995-01-14,1996-01-13
10119,81483,1996-01-14,1997-01-13
10119,85304,1997-01-14,1998-01-13
10119,88488,1998-01-14,1999-01-13
10119,93630,1999-01-14,2000-01-13
10119,95443,2000-01-14,2001-01-13
10119,100333,2001-01-14,9999-01-01
10120,48985,2004-11-04,2005-11-03
10120,51884,2005-11-04,2006-11-03
10120,53642,2006-11-04,2007-11-03
10120,56700,2007-11-04,2008-11-03
10120,59948,2008-11-04,2009-11-03
10120,62761,2009-11-04,2010-11-03
10120,66113,2010-11-04,2011-11-03
10120,69261,2011-11-04,2012-11-03
10120,72773,2012-11-04,2013-11-03
10120,76952,2013-11-04,2014-11-03
10120,78517,2014-11-04,2015-11-03
10120,80839,2015-11-04,9999-01-01
10121,64143,2006-02-10,2007-02-09
10121,66212,2007-02-10,2008-02-09
10121,70086,2008-02-10,2009-02-09
10121,73247,2009-02-10,2010-02-09
10121,74468,2010-02-10,2011-02-09
10121,78930,2011-02-10,2011-06-15
10122,52799,2006-02-01,2007-01-31
10122,54915,2007-02-01,2008-01-23
10123,63893,2011-03-05,2012-03-04
10123,66214,2012-03-05,2013-03-04
10123,69859,2013-03-05,2014-03-04
10123,72308,2014-03-05,2015-03-04
10123,76113,2015-03-05,2016-03-04
10123,78535,2016-03-05,2017-03-04
10123,81134,2017-03-05,2018-03-04
10123,84417,2018-03-05,2019-03-04
10123,86239,2019-03-05,2020-03-04
10123,87767,2020-03-05,2021-03-04
10123,90162,2021-03-05,2022-03-04
10123,94931,2022-03-05,9999-01-01
10124,53124,1996-10-13,1997-10-12
10124,54481,1997-10-13,1998-10-12
10124,56999,1998-10-13,1999-10-12
10124,57994,1999-10-13,2000-10-12
10124,59391,2000-10-13,2001-10-12
10124,61420,2001-10-13,2002-10-12
10124,64074,2002-10-13,2003-10-12
10124,66601,2003-10-13,2004-10-12
10124,67747,2004-10-13,2005-10-12
10124,70414,2005-10-13,2006-10-12
10124,73791,2006-10-13,2007-10-12
10124,75232,2007-10-13,9999-01-01
10125,44394,2014-06-09,2015-06-08
10125,45479,2015-06-09,2016-06-08
10125,47505,2016-06-09,2017-06-08
10125,50301,2017-06-09,2018-06-08
10125,51134,2018-06-09,2019-06-08
10125,53402,2019-06-09,2020-06-08
10125,54765,2020-06-09,2021-06-08
10125,57232,2021-06-09,2022-06-08
10125,59336,2022-06-09,2023-06-08
10125,60365,2023-06-09,9999-01-01
10126,78248,2003-05-19,2004-05-18
10126,80707,2004-05-19,2005-05-18
10126,82087,2005-05-19,2006-05-18
10126,84666,2006-05-19,2007-05-18
10126,88584,2007-05-19,2008-05-18
10126,90182,2008-05-19,2009-05-18
10126,92065,2009-05-19,2010-05-18
10126,96490,2010-05-19,2011-05-18
10126,100746,2011-05-19,2012-05-18
10126,106178,2012-05-19,2013-05-18
10126,110420,2013-05-19,2014-05-18
10126,113846,2014-05-19,9999-01-01
10127,81174,2012-04-06,2013-04-05
10127,85619,2013-04-06,2014-04-05
10127,89713,2014-04-06,2015-04-05
10127,94102,2015-04-06,2016-04-05
10127,98495,2016-04-06,2017-04-05
10127,103772,2017-04-06,2018-04-05
10127,108318,2018-04-06,2019-04-05
10127,113686,2019-04-06,2020-04-05
10127,117971,2020-04-06,2021-04-05
10127,122417,2021-04-06,2022-04-05
10127,127970,2022-04-06,2023-04-05
10127,130502,2023-04-06,9999-01-01
10128,75718,2004-04-23,2005-04-22
10128,78849,2005-04-23,2006-04-22
10128,80725,2006-04-23,2007-04-22
10128,82762,2007-04-23,2008-04-22
10128,86063,2008-04-23,2009-04-22
10128,88637,2009-04-23,2010-04-22
10128,93403,2010-04-23,2011-04-22
10128,98690,2011-04-23,2012-04-22
10128,101619,2012-04-23,2013-04-22
10128,107243,2013-04-23,2014-04-22
10128,110831,2014-04-23,2015-04-22
10128,113680,2015-04-23,9999-01-01
10129,57134,1994-12-06,1995-12-05
10129,59038,1995-12-06,1996-12-05
10129,60306,1996-12-06,1997-12-05
10129,62570,1997-12-06,1998-12-05
10129,65545,1998-12-06,1999-12-05
10129,66748,1999-12-06,2000-12-05
10129,68787,2000-12-06,2001-12-05
10129,72183,2001-12-06,2002-12-05
10129,74358,2002-12-06,2003-12-05
10129,75869,2003-12-06,2004-12-05
10129,78160,2004-12-06,2005-12-05
10129,82422,2005-12-06,9999-01-01
10130,58398,2006-12-24,2007-12-23
10130,60479,2007-12-24,2008-12-23
10130,62167,2008-12-24,2009-12-23
10130,64077,2009-12-24,2010-12-23
10130,65289,2010-12-24,2011-12-23
10130,66676,2011-12-24,2012-12-23
10130,70107,2012-12-24,2013-12-23
10130,72496,2013-12-24,2014-12-23
10130,74371,2014-12-24,2015-12-23
10130,77912,2015-12-24,2016-12-23
10130,82194,2016-12-24,2017-12-23
10130,86667,2017-12-24,9999-01-01
10131,36354,2011-10-02,2012-10-01
10131,38489,2012-10-02,2013-10-01
10131,40103,2013-10-02,2014-10-01
10131,40716,2014-10-02,2015-10-01
10131,42366,2015-10-02,2016-10-01
10131,43510,2016-10-02,2017-10-01
10131,44995,2017-10-02,2018-10-01
10131,47369,2018-10-02,2019-10-01
10131,50079,2019-10-02,2020-10-01
10131,51585,2020-10-02,2021-10-01
10131,54002,2021-10-02,2022-10-01
10131,55586,2022-10-02,9999-01-01
10132,66068,2001-08-30,2002-08-29
10132,68742,2002-08-30,2003-08-29
10132,70181,2003-08-30,2004-08-29
10132,73404,2004-08-30,2005-08-29
10132,77069,2005-08-30,2006-08-29
10132,79074,2006-08-30,2007-08-29
10132,83522,2007-08-30,2008-08-29
10132,85656,2008-08-30,2009-08-29
10132,88458,2009-08-30,2010-08-29
10132,90485,2010-08-30,2011-08-29
10132,94614,2011-08-30,2012-08-29
10132,99997,2012-08-30,9999-01-01
10133,57839,2006-11-02,2007-11-01
10133,60562,2007-11-02,2008-11-01
10133,61729,2008-11-02,2009-11-01
10133,62883,2009-11-02,2010-11-01
10133,64831,2010-11-02,2011-11-01
10133,65840,2011-11-02,2012-11-01
10133,68200,2012-11-02,2013-11-01
10133,71562,2013-11-02,2014-11-01
10133,72737,2014-11-02,2015-11-01
10133,74710,2015-11-02,2016-11-01
10133,78006,2016-11-02,2017-11-01
10133,80230,2017-11-02,9999-01-01
10134,59058,2012-12-12,2013-12-11
10134,60248,2013-12-12,2014-12-11
10134,62523,2014-12-12,2015-12-11
10134,65779,2015-12-12,2016-12-11
10134,67939,2016-12-12,2017-06-21
10135,53329,1990-07-26,1991-07-25
10135,54999,1991-07-26,1992-07-25
10135,58006,1992-07-26,1993-07-25
10135,60801,1993-07-26,1994-07-25
10135,61971,1994-07-26,1995-07-25
10135,64506,1995-07-26,1996-07-25
10135,66937,1996-07-26,1996-10-10
10136,64905,2006-03-27,2007-03-26
10136,66840,2007-03-27,2008-03-26
10136,70514,2008-03-27,2009-03-26
10136,72525,2009-03-27,2010-03-26
10136,75593,2010-03-27,2011-03-26
10136,78867,2011-03-27,2012-03-26
10136,83224,2012-03-27,2013-03-26
10136,88067,2013-03-27,2014-03-26
10136,90793,2014-03-27,2015-03-26
10136,93472,2015-03-27,2016-03-26
10136,95379,2016-03-27,2017-03-26
10136,97923,2017-03-27,2018-03-26
10137,55897,2002-09-12,2003-09-11
10137,57062,2003-09-12,2004-09-11
10137,60197,2004-09-12,2005-09-11
10137,61591,2005-09-12,2006-09-11
10137,64827,2006-09-12,2007-09-11
10137,67745,2007-09-12,2008-09-11
10137,68945,2008-09-12,2009-09-11
10137,71546,2009-09-12,2010-09-11
10137,74380,2010-09-12,2011-09-11
10137,76951,2011-09-12,2012-09-11
10137,78847,2012-09-12,2013-09-11
10137,80694,2013-09-12,9999-01-01
10138,59042,2008-04-18,2009-04-17
10138,60636,2009-04-18,2010-04-17
10138,62782,2010-04-18,2011-04-17
10138,64970,2011-04-18,2012-04-17
10138,66720,2012-04-18,2013-04-17
10138,68578,2013-04-18,2014-04-17
10138,69706,2014-04-18,2015-04-17
10138,73849,2015-04-18,2016-04-17
10138,77090,2016-04-18,2017-04-17
10138,80131,2017-04-18,2018-04-17
10138,82791,2018-04-18,2019-04-17
10138,84821,2019-04-18,9999-01-01
10139,65238,2010-10-29,2011-10-28
10139,66924,2011-10-29,2012-10-28
10139,69896,2012-10-29,2013-10-28
10139,73557,2013-10-29,2014-10-28
10139,76327,2014-10-29,2015-10-28
10139,79858,2015-10-29,2016-10-28
10139,81371,2016-10-29,2017-10-28
10139,83662,2017-10-29,2018-10-28
10139,85980,2018-10-29,2019-10-28
10139,88816,2019-10-29,2020-10-28
10139,92061,2020-10-29,2021-10-28
10139,96626,2021-10-29,9999-01-01
10140,77651,1992-08-14,1993-08-13
10140,80487,1993-08-14,1994-08-13
10140,82090,1994-08-14,1995-08-13
10140,84010,1995-08-14,1996-08-13
10140,87587,1996-08-14,1997-08-13
10140,89700,1997-08-14,1998-08-13
10140,92706,1998-08-14,1999-08-13
10140,97331,1999-08-14,2000-08-13
10140,100372,2000-08-14,2001-08-13
10140,104025,2001-08-14,2002-08-13
10140,106347,2002-08-14,2003-08-13
10140,112603,2003-08-14,2004-08-13
10141,58614,1999-09-05,2000-09-04
10141,61330,2000-09-05,2001-09-04
10141,62792,2001-09-05,2002-09-04
10141,66376,2002-09-05,2003-09-04
10141,68218,2003-09-05,2004-09-04
10141,70402,2004-09-05,2005-09-04
10141,72665,2005-09-05,2006-09-04
10141,76265,2006-09-05,2007-09-04
10141,78706,2007-09-05,2008-09-04
10141,82668,2008-09-05,2009-09-04
10141,86100,2009-09-05,2010-09-04
10141,90445,2010-09-05,9999-01-01
10142,77604,1996-05-20,1997-05-19
10142,81539,1997-05-20,1998-05-19
10142,82836,1998-05-20,1999-05-19
10142,86940,1999-05-20,2000-05-19
10142,90699,2000-05-20,2001-05-19
10142,95534,2001-05-20,2002-05-19
10142,99896,2002-05-20,2003-05-19
10142,103326,2003-05-20,2004-05-19
10142,109047,2004-05-20,2005-05-19
10142,112778,2005-05-20,2006-05-19
10142,119342,2006-05-20,2007-05-19
10142,124078,2007-05-20,9999-01-01
10143,76100,2003-08-11,2004-08-10
10143,79265,2004-08-11,2005-08-10
10143,83113,2005-08-11,2006-08-10
10143,87698,2006-08-11,2007-08-10
10143,89153,2007-08-11,2008-08-10
10143,93651,2008-08-11,2009-08-10
10143,97040,2009-08-11,2010-08-10
10143,99621,2010-08-11,2011-08-10
10143,101858,2011-08-11,2012-08-10
10143,107122,2012-08-11,2013-08-10
10143,112061,2013-08-11,2014-08-10
10143,114012,2014-08-11,9999-01-01
10144,65427,1993-01-07,1994-01-06
10144,69316,1994-01-07,1995-01-06
10144,72177,1995-01-07,1996-01-06
10144,75217,1996-01-07,1997-01-06
10144,77839,1997-01-07,1998-01-06
10144,79110,1998-01-07,1999-01-06
10144,81058,1999-01-07,2000-01-06
10144,83242,2000-01-07,2001-01-06
10144,86225,2001-01-07,2002-01-06
10144,89205,2002-01-07,2003-01-06
10144,93131,2003-01-07,2004-01-06
10144,98081,2004-01-07,9999-01-01
10145,48137,2004-09-25,2005-09-24
10145,50910,2005-09-25,2006-09-24
10145,53878,2006-09-25,2007-09-24
10145,55793,2007-09-25,2008-09-24
10145,57163,2008-09-25,2009-09-24
10145,60360,2009-09-25,2010-09-24
10145,61741,2010-09-25,2011-09-24
10145,62995,2011-09-25,2012-09-24
10145,64981,2012-09-25,2013-09-24
10145,68223,2013-09-25,2014-09-24
10145,71109,2014-09-25,2015-09-24
10145,73240,2015-09-25,9999-01-01
10146,66772,2014-01-15,2015-01-14
10146,68405,2015-01-15,2016-01-14
10146,69601,2016-01-15,2017-01-14
10146,73058,2017-01-15,2018-01-14
10146,74464,2018-01-15,2019-01-14
10146,78202,2019-01-15,2020-01-14
10146,81941,2020-01-15,2021-01-14
10146,84133,2021-01-15,2022-01-14
10146,87651,2022-01-15,2023-01-14
10146,90235,2023-01-15,9999-01-01
10147,86806,1995-07-15,1996-07-14
10147,91739,1996-07-15,1997-07-14
10147,96022,1997-07-15,1998-07-14
10147,100718,1998-07-15,1999-07-14
10147,103728,1999-07-15,2000-07-14
10147,106433,2000-07-15,2000-12-20
10148,68613,2001-02-15,2002-02-14
10148,71251,2002-02-15,2003-02-14
10148,73599,2003-02-15,2004-02-14
10148,76256,2004-02-15,2005-02-14
10148,78994,2005-02-15,2006-02-14
10148,81484,2006-02-15,2007-02-14
10148,84813,2007-02-15,2008-02-14
10148,89035,2008-02-15,2009-02-14
10148,92876,2009-02-15,2010-02-14
10148,95972,2010-02-15,2011-02-14
10148,100296,2011-02-15,2012-02-14
10148,105871,2012-02-15,9999-01-01
10149,83983,2006-08-13,2007-08-12
10149,87826,2007-08-13,2008-08-12
10149,90348,2008-08-13,2009-08-12
10149,93323,2009-08-13,2010-08-12
10149,96391,2010-08-13,2011-08-12
10149,97875,2011-08-13,2012-08-12
10149,99927,2012-08-13,2013-08-12
10149,105839,2013-08-13,2014-08-12
10149,108781,2014-08-13,2015-08-12
10149,113776,2015-08-13,2016-08-12
10149,116362,2016-08-13,2017-08-12
10149,122121,2017-08-13,9999-01-01
10150,74064,2010-09-02,2011-09-01
10150,76466,2011-09-02,2012-09-01
10150,79715,2012-09-02,2013-09-01
10150,82952,2013-09-02,2014-09-01
10150,86126,2014-09-02,2015-09-01
10150,87554,2015-09-02,2016-09-01
10150,92197,2016-09-02,2017-09-01
10150,97614,2017-09-02,2018-09-01
10150,100635,2018-09-02,2019-09-01
10150,102785,2019-09-02,2020-09-01
10150,104785,2020-09-02,2021-09-01
10150,110849,2021-09-02,9999-01-01
10151,72235,2004-03-29,2005-03-28
10151,75603,2005-03-29,2006-03-28
10151,79654,2006-03-29,2007-03-28
10151,83140,2007-03-29,2008-03-28
10151,85993,2008-03-29,2009-03-28
10151,87644,2009-03-29,2010-03-28
10151,91674,2010-03-29,2011-03-28
10151,95277,2011-03-29,2012-03-28
10151,97460,2012-03-29,2013-03-28
10151,100440,2013-03-29,2014-03-28
10151,105157,2014-03-29,2015-03-28
10151,108295,2015-03-29,9999-01-01
10152,36307,2011-02-27,2012-02-26
10152,37968,2012-02-27,2013-02-26
10152,39337,2013-02-27,2014-02-26
10152,40297,2014-02-27,2015-02-26
10152,41778,2015-02-27,2016-02-26
10152,43977,2016-02-27,2017-02-26
10152,45035,2017-02-27,2018-02-26
10152,47459,2018-02-27,2019-02-26
10152,49871,2019-02-27,2020-02-26
10152,52608,2020-02-27,2021-02-26
10152,54815,2021-02-27,2022-02-26
10152,57161,2022-02-27,9999-01-01
10153,46356,1991-08-06,1992-08-05
10153,47259,1992-08-06,1993-08-05
10153,48882,1993-08-06,1994-08-05
10153,50704,1994-08-06,1995-08-05
10153,52377,1995-08-06,1996-08-05
10153,55429,1996-08-06,1997-08-05
10153,56721,1997-08-06,1998-08-05
10153,59777,1998-08-06,1999-08-05
10153,61813,1999-08-06,2000-08-05
10153,63460,2000-08-06,2001-08-05
10153,65210,2001-08-06,2002-08-05
10153,66750,2002-08-06,9999-01-01
10154,61574,1992-01-24,1993-01-23
10154,64674,1993-01-24,1994-01-23
10154,66058,1994-01-24,1995-01-23
10154,68754,1995-01-24,1996-01-23
10154,72476,1996-01-24,1997-01-23
10154,74728,1997-01-24,1998-01-23
10154,76432,1998-01-24,1999-01-23
10154,77811,1999-01-24,2000-01-23
10154,80823,2000-01-24,2001-01-23
10154,83244,2001-01-24,2002-01-23
10154,87464,2002-01-24,2003-01-23
10154,89320,2003-01-24,9999-01-01
10155,82004,2002-05-23,2003-05-22
10155,83663,2003-05-23,2004-05-22
10155,86326,2004-05-23,2005-05-22
10155,89293,2005-05-23,2006-05-22
10155,94612,2006-05-23,2007-05-22
10155,98216,2007-05-23,2008-05-22
10155,101144,2008-05-23,2009-05-22
10155,103659,2009-05-23,2010-05-22
10155,109783,2010-05-23,2011-05-22
10155,115383,2011-05-23,2012-05-22
10155,121064,2012-05-23,2013-05-22
10155,126381,2013-05-23,9999-01-01
10156,47945,2012-07-14,2013-07-13
10156,49612,2013-07-14,2014-07-13
10156,51561,2014-07-14,2015-07-13
10156,52538,2015-07-14,2016-07-13
10156,54346,2016-07-14,2017-07-13
10156,55557,2017-07-14,2018-07-13
10156,57034,2018-07-14,2019-07-13
10156,58993,2019-07-14,2020-07-13
10156,60590,2020-07-14,2021-07-13
10156,63703,2021-07-14,2022-07-13
10156,67172,2022-07-14,2023-07-13
10156,71191,2023-07-14,9999-01-01
10157,82513,1993-08-07,1994-08-06
10157,84326,1994-08-07,1995-08-06
10157,85591,1995-08-07,1996-08-06
10157,87930,1996-08-07,1997-08-06
10157,89789,1997-08-07,1998-08-06
10157,94507,1998-08-07,1999-08-06
10157,96978,1999-08-07,2000-08-06
10157,101793,2000-08-07,2001-08-06
10157,106320,2001-08-07,2002-08-06
10157,109417,2002-08-07,2003-08-06
10157,111822,2003-08-07,2004-08-06
10157,113772,2004-08-07,9999-01-01
10158,57916,1997-09-06,1998-09-05
10158,61207,1998-09-06,1999-09-05
10158,63792,1999-09-06,2000-09-05
10158,67022,2000-09-06,2001-09-05
10158,70656,2001-09-06,2002-09-05
10158,74872,2002-09-06,2003-09-05
10158,78184,2003-09-06,2004-09-05
10158,81644,2004-09-06,2005-09-05
10158,85459,2005-09-06,2006-09-05
10158,88749,2006-09-06,2007-09-05
10158,90229,2007-09-06,2008-09-05
10158,93416,2008-09-06,9999-01-01
10159,66516,2004-11-10,2005-11-09
10159,69539,2005-11-10,2006-11-09
10159,73199,2006-11-10,2007-11-09
10159,77101,2007-11-10,2008-11-09
10159,80056,2008-11-10,2009-11-09
10159,82623,2009-11-10,2010-11-09
10159,84337,2010-11-10,2011-11-09
10159,86253,2011-11-10,2012-11-09
10159,88601,2012-11-10,2013-11-09
10159,91607,2013-11-10,2014-11-09
10159,93769,2014-11-10,2015-11-09
10159,97080,2015-11-10,9999-01-01
10160,51628,2005-03-24,2006-03-23
10160,52777,2006-03-24,2007-03-23
10160,55615,2007-03-24,2008-03-23
10160,58229,2008-03-24,2009-03-23
10160,60764,2009-03-24,2010-03-23
10160,63326,2010-03-24,2011-03-23
10160,66781,2011-03-24,2012-03-23
10160,69918,2012-03-24,2013-03-23
10160,71018,2013-03-24,2014-03-23
10160,74695,2014-03-24,2015-03-23
10160,76022,2015-03-24,2016-03-23
10160,80178,2016-03-24,9999-01-01
10161,60771,2000-02-24,2001-02-23
10161,62542,2001-02-24,2002-02-23
10161,64950,2002-02-24,2003-02-23
10161,67536,2003-02-24,2004-02-23
10161,70415,2004-02-24,2005-02-23
10161,71908,2005-02-24,2006-02-23
10161,75209,2006-02-24,2007-02-23
10161,76640,2007-02-24,2008-02-23
10161,78245,2008-02-24,2009-02-23
10161,81165,2009-02-24,2010-02-23
10161,82396,2010-02-24,2011-02-23
10161,85432,2011-02-24,9999-01-01
10162,58951,2011-07-28,2012-07-27
10162,61196,2012-07-28,2013-07-27
10162,63499,2013-07-28,2013-09-22
10163,91213,2006-04-10,2007-04-09
10163,94901,2007-04-10,2008-04-09
10163,97460,2008-04-10,2009-04-09
10163,102838,2009-04-10,2010-04-09
10163,107607,2010-04-10,2011-04-09
10163,111976,2011-04-10,2012-04-09
10163,117410,2012-04-10,2013-04-09
10163,123014,2013-04-10,2014-04-09
10163,127925,2014-04-10,2015-04-09
10163,133763,2015-04-10,2016-04-09
10163,141054,2016-04-10,2017-04-09
10163,148042,2017-04-10,9999-01-01
10164,85237,2002-06-19,2003-06-18
10164,86850,2003-06-19,2004-06-18
10164,91983,2004-06-19,2005-06-18
10164,97214,2005-06-19,2006-06-18
10164,101506,2006-06-19,2007-06-18
10164,107067,2007-06-19,2008-06-18
10164,111756,2008-06-19,2009-06-18
10164,114064,2009-06-19,2010-06-18
10164,118380,2010-06-19,2011-06-18
10164,121186,2011-06-19,2012-06-18
10164,123020,2012-06-19,2013-06-18
10164,127431,2013-06-19,9999-01-01
10165,67624,1992-12-18,1993-12-17
10165,70720,1993-12-18,1994-12-17
10165,71849,1994-12-18,1995-12-17
10165,73814,1995-12-18,1996-12-17
10165,76649,1996-12-18,1997-12-17
10165,78099,1997-12-18,1998-12-17
10165,79509,1998-12-18,1999-12-17
10165,82256,1999-12-18,2000-12-17
10165,83807,2000-12-18,2001-12-17
10165,88483,2001-12-18,2002-12-17
10165,90483,2002-12-18,2003-12-17
10165,94343,2003-12-18,2004-12-17
10166,94747,2000-06-14,2001-06-13
10166,99328,2001-06-14,2002-06-13
10166,101615,2002-06-14,2003-06-13
10166,104815,2003-06-14,2004-06-13
10166,106845,2004-06-14,2005-06-13
10166,112993,2005-06-14,2006-06-13
10166,116748,2006-06-14,2007-06-13
10166,120734,2007-06-14,2008-06-13
10166,125738,2008-06-14,2009-06-13
10166,128512,2009-06-14,2010-06-13
10166,131824,2010-06-14,2011-06-13
10166,135450,2011-06-14,9999-01-01
10167,57321,1998-03-12,1999-03-11
10167,59563,1999-03-12,2000-03-11
10167,61296,2000-03-12,2001-03-11
10167,63148,2001-03-12,2002-03-11
10167,66205,2002-03-12,2003-03-11
10167,67704,2003-03-12,2004-03-11
10167,70152,2004-03-12,2005-03-11
10167,72569,2005-03-12,2006-03-11
10167,74435,2006-03-12,2007-03-11
10167,76838,2007-03-12,2008-03-11
10167,80540,2008-03-12,2009-03-11
10167,82914,2009-03-12,9999-01-01
10168,80125,2008-09-04,2009-09-03
10168,82813,2009-09-04,2010-09-03
10168,86531,2010-09-04,2011-09-03
10168,88182,2011-09-04,2012-09-03
10168,89659,2012-09-04,2013-09-03
10168,92803,2013-09-04,2014-09-03
10168,95170,2014-09-04,2015-09-03
10168,97656,2015-09-04,2016-09-03
10168,102708,2016-09-04,2017-09-03
10168,107073,2017-09-04,2018-09-03
10168,111462,2018-09-04,2019-09-03
10168,113662,2019-09-04,9999-01-01
10169,66651,2011-05-21,2012-05-20
10169,69541,2012-05-21,2013-05-20
10169,71342,2013-05-21,2014-05-20
10169,73329,2014-05-21,2015-05-20
10169,77046,2015-05-21,2016-05-20
10169,79597,2016-05-21,2017-05-20
10169,82602,2017-05-21,2018-05-20
10169,84039,2018-05-21,2019-05-20
10169,86679,2019-05-21,2020-05-20
10169,91535,2020-05-21,2020-10-17
10170,56977,2007-08-26,2008-08-25
10170,59509,2008-08-26,2009-08-25
10170,60575,2009-08-26,2010-08-25
10170,61968,2010-08-26,2011-08-25
10170,63714,2011-08-26,2012-08-25
10170,67247,2012-08-26,2013-08-25
10170,70914,2013-08-26,2014-08-25
10170,73417,2014-08-26,2015-08-25
10170,74941,2015-08-26,2016-08-25
10170,78991,2016-08-26,2017-08-25
10170,82673,2017-08-26,2018-08-25
10170,87266,2018-08-26,9999-01-01
10171,81356,2000-10-05,2001-10-04
10171,86011,2001-10-05,2002-10-04
10171,90644,2002-10-05,2003-10-04
10171,95588,2003-10-05,2004-10-04
10171,99467,2004-10-05,2005-10-04
10171,105216,2005-10-05,2006-10-04
10171,110316,2006-10-05,2007-10-04
10171,116105,2007-10-05,2008-10-04
10171,118247,2008-10-05,2009-10-04
10171,123703,2009-10-05,2010-10-04
10171,131119,2010-10-05,2011-10-04
10171,134355,2011-10-05,9999-01-01
10172,72453,2001-04-26,2002-04-25
10172,73735,2002-04-26,2003-04-25
10172,77067,2003-04-26,2004-04-25
10172,81088,2004-04-26,2005-04-25
10172,83645,2005-04-26,2006-04-25
10172,85954,2006-04-26,2007-04-25
10172,89889,2007-04-26,2008-04-25
10172,92219,2008-04-26,2009-04-25
10172,97495,2009-04-26,2010-04-25
10172,100370,2010-04-26,2011-04-25
10172,102099,2011-04-26,2012-04-25
10172,107693,2012-04-26,9999-01-01
10173,64438,2007-05-12,2008-05-11
10173,66712,2008-05-12,2009-05-11
10173,69734,2009-05-12,2010-05-11
10173,71225,2010-05-12,2011-05-11
10173,73641,2011-05-12,2012-05-11
10173,77556,2012-05-12,2013-05-11
10173,81495,2013-05-12,2014-05-11
10173,85608,2014-05-12,2015-05-11
10173,87364,2015-05-12,2016-05-11
10173,92005,2016-05-12,2017-05-11
10173,95267,2017-05-12,2018-05-11
10173,98176,2018-05-12,9999-01-01
10174,73227,1993-06-25,1994-06-24
10174,76825,1994-06-25,1995-06-24
10174,79707,1995-06-25,1996-06-24
10174,81163,1996-06-25,1997-06-24
10174,84397,1997-06-25,1998-06-24
10174,89418,1998-06-25,1999-06-24
10174,94619,1999-06-25,2000-06-24
10174,98907,2000-06-25,2001-06-24
10174,101194,2001-06-25,2002-06-24
10174,103278,2002-06-25,2003-06-24
10174,107515,2003-06-25,2004-06-24
10174,109576,2004-06-25,2005-06-24
10175,71879,2008-01-04,2009-01-03
10175,75097,2009-01-04,2010-01-03
10175,77359,2010-01-04,2011-01-03
10175,80608,2011-01-04,2012-01-03
10175,83013,2012-01-04,2013-01-03
10175,87691,2013-01-04,2014-01-03
10175,89509,2014-01-04,2015-01-03
10175,91718,2015-01-04,2016-01-03
10175,96254,2016-01-04,2017-01-03
10175,100479,2017-01-04,2018-01-03
10175,105188,2018-01-04,2019-01-03
10175,111210,2019-01-04,9999-01-01
10176,42225,2004-07-29,2005-07-28
10176,42962,2005-07-29,2006-07-28
10176,44768,2006-07-29,2007-07-28
10176,46999,2007-07-29,2008-07-28
10176,48429,2008-07-29,2009-07-28
10176,49777,2009-07-29,2010-07-28
10176,52335,2010-07-29,2011-07-28
10176,53737,2011-07-29,2012-07-28
10176,55513,2012-07-29,2013-07-28
10176,57745,2013-07-29,2014-07-28
10176,59297,2014-07-29,2015-07-28
10176,62662,2015-07-29,9999-01-01
10177,70032,2008-06-17,2009-06-16
10177,73130,2009-06-17,2010-06-16
10177,76400,2010-06-17,2011-06-16
10177,79590,2011-06-17,2012-06-16
10177,81413,2012-06-17,2013-06-16
10177,85765,2013-06-17,2014-06-16
10177,90284,2014-06-17,2015-06-16
10177,94781,2015-06-17,2016-06-16
10177,97334,2016-06-17,2017-06-16
10177,103099,2017-06-17,2018-06-16
10177,107558,2018-06-17,2019-06-16
10177,111120,2019-06-17,9999-01-01
10178,66196,2001-06-26,2002-06-25
10178,69378,2002-06-26,2003-06-25
10178,71923,2003-06-26,2004-06-25
10178,74132,2004-06-26,2005-06-25
10178,75765,2005-06-26,2006-06-25
10178,79522,2006-06-26,2007-06-25
10178,83694,2007-06-26,2008-06-25
10178,85933,2008-06-26,2009-06-25
10178,88215,2009-06-26,2010-06-25
10178,92496,2010-06-26,2011-06-25
10178,97974,2011-06-26,2012-06-25
10178,100248,2012-06-26,9999-01-01
10179,81475,2014-11-12,2015-11-11
10179,84169,2015-11-12,2016-11-11
10179,89081,2016-11-12,2017-11-11
10179,91995,2017-11-12,2018-11-11
10179,96213,2018-11-12,2019-11-11
10179,100345,2019-11-12,2019-12-27
10180,95706,1992-05-24,1993-05-23
10180,97174,1993-05-24,1994-05-23
10180,100112,1994-05-24,1995-05-23
10180,102902,1995-05-24,1996-05-23
10180,106123,1996-05-24,1997-05-23
10180,109187,1997-05-24,1998-05-23
10180,112248,1998-05-24,1999-05-23
10180,114572,1999-05-24,2000-05-23
10180,119743,2000-05-24,2001-05-23
10180,125431,2001-05-24,2002-05-23
10180,132379,2002-05-24,2003-05-23
10180,138937,2003-05-24,2004-05-23
10181,77975,2007-04-29,2008-04-28
10181,82365,2008-04-29,2009-04-28
10181,84920,2009-04-29,2010-04-28
10181,88740,2010-04-29,2011-04-28
10181,91884,2011-04-29,2012-04-28
10181,94631,2012-04-29,2013-04-28
10181,96317,2013-04-29,2014-04-28
10181,97972,2014-04-29,2015-04-28
10181,99510,2015-04-29,2016-04-28
10181,102801,2016-04-29,2017-04-28
10181,106713,2017-04-29,2018-04-28
10181,109068,2018-04-29,9999-01-01
10182,59853,2014-08-22,2015-08-21
10182,62652,2015-08-22,2016-08-21
10182,65128,2016-08-22,2017-08-21
10182,67913,2017-08-22,2018-08-21
10182,69600,2018-08-22,2019-08-21
10182,72130,2019-08-22,2020-08-21
10182,75087,2020-08-22,2021-08-21
10182,79457,2021-08-22,2022-08-21
10182,81537,2022-08-22,2023-08-21
10182,86056,2023-08-22,9999-01-01
10183,68963,2000-11-21,2001-11-20
10183,71400,2001-11-21,2002-11-20
10183,73150,2002-11-21,2003-11-20
10183,77087,2003-11-21,2004-11-20
10183,78513,2004-11-21,2005-11-20
10183,80933,2005-11-21,2006-11-20
10183,82652,2006-11-21,2007-11-20
10183,84216,2007-11-21,2008-09-27
10184,60392,1995-05-08,1996-05-07
10184,62842,1996-05-08,1997-05-07
10184,64985,1997-05-08,1998-05-07
10184,66597,1998-05-08,1999-05-07
10184,69047,1999-05-08,2000-05-07
10184,72273,2000-05-08,2001-05-07
10184,74663,2001-05-08,2002-05-07
10184,79102,2002-05-08,2003-05-07
10184,82509,2003-05-08,2004-05-07
10184,87367,2004-05-08,2005-05-07
10184,89784,2005-05-08,2006-05-07
10184,92716,2006-05-08,9999-01-01
10185,77510,1995-08-09,1996-08-08
10185,78838,1996-08-09,1997-08-08
10185,81937,1997-08-09,1998-08-08
10185,84748,1998-08-09,1999-08-08
10185,87868,1999-08-09,2000-08-08
10185,92380,2000-08-09,2001-08-08
10185,96629,2001-08-09,2002-08-08
10185,99080,2002-08-09,2003-08-08
10185,100877,2003-08-09,2004-08-08
10185,102967,2004-08-09,2005-08-08
10185,105511,2005-08-09,2006-08-08
10185,107864,2006-08-09,9999-01-01
10186,81129,1998-10-09,1999-10-08
10186,84401,1999-10-09,2000-10-08
10186,89236,2000-10-09,2001-10-08
10186,90646,2001-10-09,2002-10-08
10186,92270,2002-10-09,2003-10-08
10186,97195,2003-10-09,2004-10-08
10186,101121,2004-10-09,2005-10-08
10186,103329,2005-10-09,2006-10-08
10186,107996,2006-10-09,2007-10-08
10186,113499,2007-10-09,2008-10-08
10186,118247,2008-10-09,2009-10-08
10186,124971,2009-10-09,9999-01-01
10187,52898,2003-11-20,2004-11-19
10187,55628,2004-11-20,2005-11-19
10187,58717,2005-11-20,2006-11-19
10187,59761,2006-11-20,2007-11-19
10187,60874,2007-11-20,2008-11-19
10187,64030,2008-11-20,2009-11-19
10187,67167,2009-11-20,2010-11-19
10187,70753,2010-11-20,2011-11-19
10187,71985,2011-11-20,2012-11-19
10187,75965,2012-11-20,2013-11-19
10187,77502,2013-11-20,2014-11-19
10187,81545,2014-11-20,9999-01-01
10188,75234,2003-05-30,2004-05-29
10188,77444,2004-05-30,2005-05-29
10188,79408,2005-05-30,2006-05-29
10188,82693,2006-05-30,2007-05-29
10188,85135,2007-05-30,2008-05-29
10188,89343,2008-05-30,2009-05-29
10188,91024,2009-05-30,2010-05-29
10188,94138,2010-05-30,2011-05-29
10188,97037,2011-05-30,2012-05-29
10188,100362,2012-05-30,2013-05-29
10188,106256,2013-05-30,2014-05-29
10188,111945,2014-05-30,2015-05-29
10189,97903,1996-12-29,1997-12-28
10189,101399,1997-12-29,1998-12-28
10189,104305,1998-12-29,1999-12-28
10189,107292,1999-12-29,2000-12-28
10189,110680,2000-12-29,2001-12-28
10189,115720,2001-12-29,2002-12-28
10189,120538,2002-12-29,2003-12-28
10189,124575,2003-12-29,2004-12-28
10189,126836,2004-12-29,2005-07-01
10190,87868,2007-01-02,2008-01-01
10190,91559,2008-01-02,2009-01-01
10190,95806,2009-01-02,2010-01-01
10190,99384,2010-01-02,2011-01-01
10190,104143,2011-01-02,2012-01-01
10190,109631,2012-01-02,2013-01-01
10190,115068,2013-01-02,2014-01-01
10190,119275,2014-01-02,2015-01-01
10190,123050,2015-01-02,2016-01-01
10190,127049,2016-01-02,2017-01-01
10190,134573,2017-01-02,2018-01-01
10190,139368,2018-01-02,9999-01-01
10191,78182,2001-06-14,2002-06-13
10191,80662,2002-06-14,2003-06-13
10191,82721,2003-06-14,2004-06-13
10191,86402,2004-06-14,2005-06-13
10191,88795,2005-06-14,2006-06-13
10191,93157,2006-06-14,2007-06-13
10191,98742,2007-06-14,2008-06-13
10191,102341,2008-06-14,2009-06-13
10191,106286,2009-06-14,2010-06-13
10191,109728,2010-06-14,2011-06-13
10191,112451,2011-06-14,2012-06-13
10191,114222,2012-06-14,9999-01-01
10192,87313,2006-11-19,2007-11-18
10192,88971,2007-11-19,2008-11-18
10192,90627,2008-11-19,2009-11-18
10192,92875,2009-11-19,2010-11-18
10192,98205,2010-11-19,2011-11-18
10192,103170,2011-11-19,2012-11-18
10192,107306,2012-11-19,2013-11-18
10192,110280,2013-11-19,2014-11-18
10192,113923,2014-11-19,2015-11-18
10192,118431,2015-11-19,2016-11-18
10192,124068,2016-11-19,2017-11-18
10192,128075,2017-11-19,2018-11-18
10193,74332,2013-11-26,2014-11-25
10193,75940,2014-11-26,2015-11-25
10193,77179,2015-11-26,2016-11-25
10193,79377,2016-11-26,2017-11-25
10193,82297,2017-11-26,2018-11-25
10193,86018,2018-11-26,2019-11-25
10193,90214,2019-11-26,2020-11-25
10193,93190,2020-11-26,2021-11-25
10193,96471,2021-11-26,2022-11-25
10193,99157,2022-11-26,2023-11-25
10193,101475,2023-11-26,9999-01-01
10194,73041,2006-03-02,2007-03-01
10194,77308,2007-03-02,2008-03-01
10194,79459,2008-03-02,2009-03-01
10194,84186,2009-03-02,2010-03-01
10194,86390,2010-03-02,2011-03-01
10194,87825,2011-03-02,2011-07-03
10195,49906,2007-01-20,2008-01-19
10195,51354,2008-01-20,2009-01-19
10195,53322,2009-01-20,2010-01-19
10195,55033,2010-01-20,2011-01-19
10195,58189,2011-01-20,2012-01-19
10195,59476,2012-01-20,2013-01-19
10195,61201,2013-01-20,2014-01-19
10195,63939,2014-01-20,2015-01-19
10195,66087,2015-01-20,2016-01-19
10195,67676,2016-01-20,2017-01-19
10195,70232,2017-01-20,2018-01-19
10195,72649,2018-01-20,9999-01-01
10196,71123,2002-09-19,2003-09-18
10196,74990,2003-09-19,2004-09-18
10196,76804,2004-09-19,2005-09-18
10196,80915,2005-09-19,2006-09-18
10196,84007,2006-09-19,2007-09-18
10196,86826,2007-09-19,2008-09-18
10196,90157,2008-09-19,2009-09-18
10196,93734,2009-09-19,2010-09-18
10196,95184,2010-09-19,2011-09-18
10196,96832,2011-09-19,2012-09-18
10196,99004,2012-09-19,2013-09-18
10196,103897,2013-09-19,2014-09-18
10197,58561,2010-01-28,2011-01-27
10197,59509,2011-01-28,2012-01-27
10197,62470,2012-01-28,2013-01-27
10197,63410,2013-01-28,2014-01-27
10197,66887,2014-01-28,2015-01-27
10197,68906,2015-01-28,2016-01-27
10197,71028,2016-01-28,2017-01-27
10197,73953,2017-01-28,2018-01-27
10197,75646,2018-01-28,2019-01-27
10197,77536,2019-01-28,2020-01-27
10197,80860,2020-01-28,2021-01-27
10197,83361,2021-01-28,9999-01-01
10198,90070,2007-12-01,2008-11-30
10198,92295,2008-12-01,2009-11-30
10198,96239,2009-12-01,2010-11-30
10198,101489,2010-12-01,2011-11-30
10198,106331,2011-12-01,2012-01-04
10199,62913,2013-08-28,2014-08-27
10199,64648,2014-08-28,2015-08-27
10199,67127,2015-08-28,2016-08-27
10199,68654,2016-08-28,2017-08-27
10199,72715,2017-08-28,2018-08-27
10199,76757,2018-08-28,2019-08-27
10199,78650,2019-08-28,2020-08-27
10199,80709,2020-08-28,2021-08-27
10199,84099,2021-08-28,2022-08-27
10199,86057,2022-08-28,2023-08-27
10199,87911,2023-08-28,9999-01-01
10200,68391,2014-02-10,2015-02-09
10200,72295,2015-02-10,2016-02-09
10200,76469,2016-02-10,2017-02-09
10200,81006,2017-02-10,2018-02-09
10200,84650,2018-02-10,2019-02-09
10200,88436,2019-02-10,2020-02-09
10200,91304,2020-02-10,2020-02-13
10201,75160,2011-03-16,2012-03-15
10201,77228,2012-03-16,2013-03-15
10201,81462,2013-03-16,2014-03-15
10201,83025,2014-03-16,2015-03-15
10201,87936,2015-03-16,2016-03-15
10201,89660,2016-03-16,2017-03-15
10201,91648,2017-03-16,2018-03-15
10201,93823,2018-03-16,2019-03-15
10201,97981,2019-03-16,2020-02-25
10202,52569,2012-09-28,2013-09-27
10202,54000,2013-09-28,2014-09-27
10202,56803,2014-09-28,2015-09-27
10202,59285,2015-09-28,2016-09-27
10202,62000,2016-09-28,2017-09-27
10202,62994,2017-09-28,2018-02-16
10203,61613,2001-06-13,2002-06-12
10203,63346,2002-06-13,2003-06-12
10203,65704,2003-06-13,2004-06-12
10203,69035,2004-06-13,2005-06-12
10203,71330,2005-06-13,2006-06-12
10203,73888,2006-06-13,2007-06-12
10203,77726,2007-06-13,2008-06-12
10203,79590,2008-06-13,2009-06-12
10203,81116,2009-06-13,2010-06-12
10203,82771,2010-06-13,2011-06-12
10203,84083,2011-06-13,2012-06-12
10203,88384,2012-06-13,2013-06-12
10204,73188,1990-05-09,1991-05-08
10204,77152,1991-05-09,1992-05-08
10204,78504,1992-05-09,1993-05-08
10204,80815,1993-05-09,1994-05-08
10204,83059,1994-05-09,1995-05-08
10204,87335,1995-05-09,1996-05-08
10204,88958,1996-05-09,1997-05-08
10204,92513,1997-05-09,1998-05-08
10204,94911,1998-05-09,1999-05-08
10204,96484,1999-05-09,2000-05-08
10204,99235,2000-05-09,2001-05-08
10204,101520,2001-05-09,9999-01-01
10205,58312,2009-10-06,2010-10-05
10205,60849,2010-10-06,2011-10-05
10205,63780,2011-10-06,2012-10-05
10205,66586,2012-10-06,2013-10-05
10205,67689,2013-10-06,2014-10-05
10205,69935,2014-10-06,2015-10-05
10205,72753,2015-10-06,2016-10-05
10205,76493,2016-10-06,2017-10-05
10205,80127,2017-10-06,2018-10-05
10205,82497,2018-10-06,2019-10-05
10205,84374,2019-10-06,2020-10-05
10205,87005,2020-10-06,9999-01-01
10206,62940,1998-08-16,1999-08-15
10206,63988,1999-08-16,2000-08-15
10206,66716,2000-08-16,2001-08-15
10206,68728,2001-08-16,2002-08-15
10206,72689,2002-08-16,2003-08-15
10206,73985,2003-08-16,2004-08-15
10206,75187,2004-08-16,2005-05-19
10207,58274,2006-05-04,2007-05-03
10207,59524,2007-05-04,2008-05-03
10207,62027,2008-05-04,2009-05-03
10207,64382,2009-05-04,2010-04-11
10208,65083,2003-09-04,2004-09-03
10208,67991,2004-09-04,2005-09-03
10208,69460,2005-09-04,2006-09-03
10208,70608,2006-09-04,2007-09-03
10208,71821,2007-09-04,2008-09-03
10208,72980,2008-09-04,2009-01-15
10209,79500,2012-01-23,2013-01-22
10209,84007,2013-01-23,2014-01-22
10209,87076,2014-01-23,2015-01-22
10209,89779,2015-01-23,2015-11-23
10210,48700,2013-03-15,2014-03-14
10210,49648,2014-03-15,2015-03-14
10210,52285,2015-03-15,2016-03-14
10210,55278,2016-03-15,2017-03-14
10210,58485,2017-03-15,2018-03-14
10210,60676,2018-03-15,2019-03-14
10210,63555,2019-03-15,2020-03-14
10210,66626,2020-03-15,2021-03-14
10210,68293,2021-03-15,2022-03-14
10210,71172,2022-03-15,2023-03-14
10210,74288,2023-03-15,9999-01-01
10211,54902,1991-06-01,1992-05-31
10211,56849,1992-06-01,1993-05-31
10211,58206,1993-06-01,1994-05-31
10211,60324,1994-06-01,1995-05-31
10211,62689,1995-06-01,1996-05-31
10211,66396,1996-06-01,1997-05-31
10211,68446,1997-06-01,1998-05-31
10211,71187,1998-06-01,1999-05-31
10211,72480,1999-06-01,2000-05-31
10211,73737,2000-06-01,2001-05-31
10211,75419,2001-06-01,2002-05-31
10211,76725,2002-06-01,9999-01-01
10212,61409,2002-03-22,2003-03-21
10212,63054,2003-03-22,2004-03-21
10212,65653,2004-03-22,2005-03-21
10212,69550,2005-03-22,2006-03-21
10212,71745,2006-03-22,2007-03-21
10212,74112,2007-03-22,2008-03-21
10212,77484,2008-03-22,2009-03-21
10212,79216,2009-03-22,2010-03-21
10212,81387,2010-03-22,2011-03-21
10212,84385,2011-03-22,2012-03-21
10212,87754,2012-03-22,2013-03-21
10212,91974,2013-03-22,9999-01-01
10213,62365,1998-01-31,1999-01-30
10213,63917,1999-01-31,2000-01-30
10213,65245,2000-01-31,2001-01-30
10213,68530,2001-01-31,2002-01-30
10213,71095,2002-01-31,2003-01-30
10213,72301,2003-01-31,2004-01-30
10213,73451,2004-01-31,2005-01-30
10213,76661,2005-01-31,2006-01-30
10213,80325,2006-01-31,2007-01-30
10213,83153,2007-01-31,2008-01-30
10213,86600,2008-01-31,2009-01-30
10213,88623,2009-01-31,9999-01-01
10214,73593,2005-07-20,2006-07-19
10214,77252,2006-07-20,2007-07-19
10214,79198,2007-07-20,2008-07-19
10214,80544,2008-07-20,2009-07-19
10214,84747,2009-07-20,2010-07-19
10214,86737,2010-07-20,2011-07-19
10214,90556,2011-07-20,2012-07-19
10214,94577,2012-07-20,2013-07-19
10214,96218,2013-07-20,2014-07-19
10214,99035,2014-07-20,2015-07-19
10214,103990,2015-07-20,2016-07-19
10214,109355,2016-07-20,9999-01-01
10215,65579,2001-06-28,2002-06-27
10215,69425,2002-06-28,2003-06-27
10215,71752,2003-06-28,2004-06-27
10215,73801,2004-06-28,2005-06-27
10215,77914,2005-06-28,2006-06-27
10215,81671,2006-06-28,2007-06-27
10215,83356,2007-06-28,2008-06-27
10215,85751,2008-06-28,2009-06-27
10215,90672,2009-06-28,2010-06-27
10215,95577,2010-06-28,2011-06-27
10215,98067,2011-06-28,2012-06-27
10215,101866,2012-06-28,9999-01-01
10216,87519,2009-08-28,2010-08-27
10216,90310,2010-08-28,2011-08-27
10216,94350,2011-08-28,2012-08-27
10216,96579,2012-08-28,2013-08-27
10216,101628,2013-08-28,2014-08-27
10216,103676,2014-08-28,2015-08-27
10216,107968,2015-08-28,2016-06-30
10217,76673,1999-06-07,2000-06-06
10217,78542,2000-06-07,2001-06-06
10217,81822,2001-06-07,2002-06-06
10217,85502,2002-06-07,2003-06-06
10217,86822,2003-06-07,2004-06-06
10217,91954,2004-06-07,2005-06-06
10217,93417,2005-06-07,2006-06-06
10217,95617,2006-06-07,2007-06-06
10217,98116,2007-06-07,2008-06-06
10217,103051,2008-06-07,2009-06-06
10217,106626,2009-06-07,2010-06-06
10217,112301,2010-06-07,9999-01-01
10218,81666,1999-08-25,2000-08-24
10218,84611,2000-08-25,2001-08-24
10218,86794,2001-08-25,2002-08-24
10218,89240,2002-08-25,2003-08-24
10218,93045,2003-08-25,2004-08-24
10218,95848,2004-08-25,2005-08-24
10218,99491,2005-08-25,2006-08-24
10218,102887,2006-08-25,2007-08-24
10218,107888,2007-08-25,2008-08-24
10218,114100,2008-08-25,2009-08-24
10218,116350,2009-08-25,2010-08-24
10218,119530,2010-08-25,9999-01-01
10219,56051,1990-03-08,1991-03-07
10219,57796,1991-03-08,1992-03-07
10219,60274,1992-03-08,1993-03-07
10219,62089,1993-03-08,1994-03-07
10219,64114,1994-03-08,1995-03-07
10219,66385,1995-03-08,1996-03-07
10219,69911,1996-03-08,1997-03-07
10219,72609,1997-03-08,1998-03-07
10219,76932,1998-03-08,1999-03-07
10219,81422,1999-03-08,2000-03-07
10219,83980,2000-03-08,2001-03-07
10219,88999,2001-03-08,9999-01-01
10220,64896,2004-06-26,2005-06-25
10220,67135,2005-06-26,2006-06-25
10220,70020,2006-06-26,2007-06-25
10220,71457,2007-06-26,2008-06-25
10220,74369,2008-06-26,2009-06-25
10220,77717,2009-06-26,2010-06-25
10220,79727,2010-06-26,2011-06-25
10220,81635,2011-06-26,2012-06-25
10220,83521,2012-06-26,2013-06-25
10220,86263,2013-06-26,2014-06-25
10220,90989,2014-06-26,2015-06-25
10220,95893,2015-06-26,2016-06-25
10221,54594,2013-02-07,2014-02-06
10221,56077,2014-02-07,2015-02-06
10221,57833,2015-02-07,2016-02-06
10221,60824,2016-02-07,2017-02-06
10221,62596,2017-02-07,2018-02-06
10221,65667,2018-02-07,2019-02-06
10221,68606,2019-02-07,2020-02-06
10221,71495,2020-02-07,2021-02-06
10221,73953,2021-02-07,2022-02-06
10221,75633,2022-02-07,2023-02-06
10221,78960,2023-02-07,9999-01-01
10222,51288,2014-10-25,2015-10-24
10222,52924,2015-10-25,2016-10-24
10222,54786,2016-10-25,2017-10-24
10222,57544,2017-10-25,2018-10-24
10222,60079,2018-10-25,2019-10-24
10222,63576,2019-10-25,2020-10-24
10222,66662,2020-10-25,2021-10-24
10222,70633,2021-10-25,2022-10-24
10222,72752,2022-10-25,2023-10-24
10222,74450,2023-10-25,9999-01-01
10223,61265,2004-09-11,2005-09-10
10223,64278,2005-09-11,2006-09-10
10223,66818,2006-09-11,2007-09-10
10223,68725,2007-09-11,2008-09-10
10223,70828,2008-09-11,2009-09-10
10223,73841,2009-09-11,2010-09-10
10223,75409,2010-09-11,2011-09-10
10223,78198,2011-09-11,2012-09-10
10223,82435,2012-09-11,2013-09-10
10223,86789,2013-09-11,2014-09-10
10223,88126,2014-09-11,2015-09-10
10223,92319,2015-09-11,9999-01-01
10224,66705,2010-02-21,2011-02-20
10224,68612,2011-02-21,2012-02-20
10224,70125,2012-02-21,2013-02-20
10224,71729,2013-02-21,2014-02-20
10224,75270,2014-02-21,2015-02-20
10224,79266,2015-02-21,2016-02-20
10224,81032,2016-02-21,2017-02-20
10224,82713,2017-02-21,2018-02-20
10224,84285,2018-02-21,2019-02-20
10224,88118,2019-02-21,2020-02-20
10224,92653,2020-02-21,2021-02-20
10224,96771,2021-02-21,9999-01-01
10225,78582,2013-06-01,2014-05-31
10225,81974,2014-06-01,2015-05-31
10225,86514,2015-06-01,2016-05-31
10225,89365,2016-06-01,2017-05-31
10225,92162,2017-06-01,2018-05-31
10225,93672,2018-06-01,2019-05-31
10225,96223,2019-06-01,2020-05-31
10225,101493,2020-06-01,2021-05-31
10225,105311,2021-06-01,2022-05-31
10225,107344,2022-06-01,2023-05-31
10225,112869,2023-06-01,9999-01-01
10226,88825,2004-04-15,2005-04-14
10226,90902,2005-04-15,2006-04-14
10226,96195,2006-04-15,2007-04-14
10226,101597,2007-04-15,2008-04-14
10226,105883,2008-04-15,2009-04-14
10226,111871,2009-04-15,2010-04-14
10226,113621,2010-04-15,2011-04-14
10226,119225,2011-04-15,2012-04-14
10226,123779,2012-04-15,2013-04-14
10226,130127,2013-04-15,2014-04-14
10226,135419,2014-04-15,2015-04-14
10226,141086,2015-04-15,9999-01-01
10227,69064,2003-08-23,2004-08-22
10227,70174,2004-08-23,2005-08-22
10227,74236,2005-08-23,2006-08-22
10227,77198,2006-08-23,2007-08-22
10227,80611,2007-08-23,2008-08-22
10227,82484,2008-08-23,2009-08-22
10227,86707,2009-08-23,2010-08-22
10227,91654,2010-08-23,2011-08-22
10227,95208,2011-08-23,2012-08-22
10227,100608,2012-08-23,2013-08-22
10227,105262,2013-08-23,2014-08-22
10227,107376,2014-08-23,2014-09-30
10228,59127,1995-10-26,1996-10-25
10228,62577,1996-10-26,1997-10-25
10228,63517,1997-10-26,1998-10-25
10228,64821,1998-10-26,1999-10-25
10228,68579,1999-10-26,2000-10-25
10228,72408,2000-10-26,2001-10-25
10228,75485,2001-10-26,2002-10-25
10228,76717,2002-10-26,2003-10-25
10228,78971,2003-10-26,2004-10-25
10228,83069,2004-10-26,2005-03-27
10229,76355,1996-11-29,1997-11-28
10229,79373,1997-11-29,1998-11-28
10229,81858,1998-11-29,1999-11-28
10229,86242,1999-11-29,2000-11-28
10229,87702,2000-11-29,2001-11-28
10229,89021,2001-11-29,2002-11-28
10229,93437,2002-11-29,2003-11-28
10229,96327,2003-11-29,2004-11-28
10229,98310,2004-11-29,2005-11-28
10229,102464,2005-11-29,2006-11-28
10229,104036,2006-11-29,2007-11-28
10229,109778,2007-11-29,9999-01-01
10230,73774,2014-04-23,2015-04-22
10230,76269,2015-04-23,2016-04-22
10230,80227,2016-04-23,2017-04-22
10230,83083,2017-04-23,2018-04-22
10230,87956,2018-04-23,2019-04-22
10230,89637,2019-04-23,2020-04-22
10230,91272,2020-04-23,2021-04-22
10230,92758,2021-04-23,2022-04-22
10230,95860,2022-04-23,2023-04-22
10230,101132,2023-04-23,9999-01-01
10231,81537,2012-02-08,2013-02-07
10231,84092,2013-02-08,2014-02-07
10231,87450,2014-02-08,2015-02-07
10231,90711,2015-02-08,2016-02-07
10231,93147,2016-02-08,2016-11-25
10232,66468,2006-01-01,2006-12-31
10232,70115,2007-01-01,2007-12-31
10232,74254,2008-01-01,2008-12-31
10232,76981,2009-01-01,2009-12-31
10232,80784,2010-01-01,2010-12-31
10232,82262,2011-01-01,2011-12-31
10232,86213,2012-01-01,2012-12-31
10232,90174,2013-01-01,2013-12-31
10232,94506,2014-01-01,2014-12-31
10232,96015,2015-01-01,2015-12-31
10232,98457,2016-01-01,2016-12-31
10232,100699,2017-01-01,9999-01-01
10233,45906,1992-11-01,1993-10-31
10233,46836,1993-11-01,1994-10-31
10233,49013,1994-11-01,1995-10-31
10233,51079,1995-11-01,1996-10-31
10233,54095,1996-11-01,1997-10-31
10233,55353,1997-11-01,1998-10-31
10233,57507,1998-11-01,1999-10-31
10233,60241,1999-11-01,2000-10-31
10233,62554,2000-11-01,2001-10-31
10233,65737,2001-11-01,2002-10-31
10233,68870,2002-11-01,2003-10-31
10233,71575,2003-11-01,9999-01-01
10234,71513,2009-02-23,2010-02-22
10234,74991,2010-02-23,2011-02-22
10234,76847,2011-02-23,2012-02-22
10234,80615,2012-02-23,2013-02-22
10234,85082,2013-02-23,2014-02-22
10234,87334,2014-02-23,2015-02-22
10234,91710,2015-02-23,2016-02-22
10234,96595,2016-02-23,2017-02-22
10234,100592,2017-02-23,2018-02-22
10234,105047,2018-02-23,2019-02-22
10234,106642,2019-02-23,2020-02-22
10234,113019,2020-02-23,9999-01-01
10235,64875,2013-01-10,2014-01-09
10235,67150,2014-01-10,2015-01-09
10235,70399,2015-01-10,2016-01-09
10235,73776,2016-01-10,2017-01-09
10235,76491,2017-01-10,2018-01-09
10235,77668,2018-01-10,2019-01-09
10235,79931,2019-01-10,2020-01-09
10235,84132,2020-01-10,2021-01-09
10235,86569,2021-01-10,2022-01-09
10235,88144,2022-01-10,2023-01-09
10235,90191,2023-01-10,9999-01-01
10236,63796,2007-07-02,2008-07-01
10236,66977,2008-07-02,2009-07-01
10236,68850,2009-07-02,2010-07-01
10236,71220,2010-07-02,2011-07-01
10236,74283,2011-07-02,2012-07-01
10236,78035,2012-07-02,2013-07-01
10236,81297,2013-07-02,2014-07-01
10236,85015,2014-07-02,2015-07-01
10236,88278,2015-07-02,2016-07-01
10236,91028,2016-07-02,2017-07-01
10236,95248,2017-07-02,2018-07-01
10236,97189,2018-07-02,9999-01-01
10237,52030,2007-10-18,2008-10-17
10237,54242,2008-10-18,2009-10-13
10238,53642,2010-07-11,2011-07-10
10238,56626,2011-07-11,2012-07-10
10238,58160,2012-07-11,2013-07-10
10238,60222,2013-07-11,2014-07-10
10238,61798,2014-07-11,2015-07-10
10238,62765,2015-07-11,2016-07-10
10238,65242,2016-07-11,2017-07-10
10238,68694,2017-07-11,2018-07-10
10238,72169,2018-07-11,2019-07-10
10238,74200,2019-07-11,2020-07-10
10238,76623,2020-07-11,2021-07-10
10238,78182,2021-07-11,9999-01-01
10239,63106,2010-11-18,2011-11-17
10239,64608,2011-11-18,2012-11-17
10239,67934,2012-11-18,2013-11-17
10239,70868,2013-11-18,2014-11-17
10239,72152,2014-11-18,2015-11-17
10239,76074,2015-11-18,2016-11-17
10239,79801,2016-11-18,2017-11-17
10239,83307,2017-11-18,2018-11-17
10239,84780,2018-11-18,2019-11-17
10239,88555,2019-11-18,2020-11-17
10239,92988,2020-11-18,2021-11-17
10239,95066,2021-11-18,9999-01-01
10240,69883,2004-10-25,2005-10-24
10240,73185,2005-10-25,2006-10-24
10240,75292,2006-10-25,2007-10-24
10240,78218,2007-10-25,2008-10-24
10240,80000,2008-10-25,2009-10-24
10240,84750,2009-10-25,2010-10-24
10240,87304,2010-10-25,2011-10-24
10240,90162,2011-10-25,2012-10-24
10240,94999,2012-10-25,2013-10-24
10240,98590,2013-10-25,2014-10-24
10240,103494,2014-10-25,2015-10-24
10240,108824,2015-10-25,9999-01-01
10241,54695,1996-12-19,1997-12-18
10241,57477,1997-12-19,1998-12-18
10241,58825,1998-12-19,1999-12-18
10241,61831,1999-12-19,2000-12-18
10241,63988,2000-12-19,2001-12-18
10241,65470,2001-12-19,2002-12-18
10241,67507,2002-12-19,2003-12-18
10241,70965,2003-12-19,2004-12-18
10241,74213,2004-12-19,2005-12-18
10241,75423,2005-12-19,2006-12-18
10241,79306,2006-12-19,2007-12-18
10241,82160,2007-12-19,9999-01-01
10242,64856,1992-01-24,1993-01-23
10242,67477,1993-01-24,1994-01-23
10242,68927,1994-01-24,1995-01-23
10242,70753,1995-01-24,1996-01-23
10242,73164,1996-01-24,1997-01-23
10242,77439,1997-01-24,1998-01-23
10242,81032,1998-01-24,1999-01-23
10242,83456,1999-01-24,2000-01-23
10242,87045,2000-01-24,2001-01-23
10242,92054,2001-01-24,2002-01-23
10242,94560,2002-01-24,2003-01-23
10242,98156,2003-01-24,2004-01-23
10243,75835,1991-03-02,1992-03-01
10243,77375,1992-03-02,1993-03-01
10243,81348,1993-03-02,1994-03-01
10243,84516,1994-03-02,1995-03-01
10243,86364,1995-03-02,1996-03-01
10243,90071,1996-03-02,1997-03-01
10243,94759,1997-03-02,1998-03-01
10243,96451,1998-03-02,1999-03-01
10243,101223,1999-03-02,2000-03-01
10243,105162,2000-03-02,2001-03-01
10243,107088,2001-03-02,2002-03-01
10243,108869,2002-03-02,9999-01-01
10244,48277,2000-01-30,2001-01-29
10244,50583,2001-01-30,2002-01-29
10244,53167,2002-01-30,2003-01-29
10244,54591,2003-01-30,2004-01-29
10244,56298,2004-01-30,2005-01-29
10244,59410,2005-01-30,2006-01-29
10244,62774,2006-01-30,2007-01-29
10244,64803,2007-01-30,2008-01-29
10244,66312,2008-01-30,2009-01-29
10244,70271,2009-01-30,2010-01-29
10244,72370,2010-01-30,2011-01-29
10244,74441,2011-01-30,2012-01-29
10245,58028,1993-10-16,1994-10-15
10245,60869,1994-10-16,1995-10-15
10245,63908,1995-10-16,1996-10-15
10245,66821,1996-10-16,1997-10-15
10245,68788,1997-10-16,1998-10-15
10245,71811,1998-10-16,1999-10-15
10245,75332,1999-10-16,2000-10-15
10245,79477,2000-10-16,2001-10-15
10245,83468,2001-10-16,2002-10-15
10245,85272,2002-10-16,2003-10-15
10245,88420,2003-10-16,2004-10-15
10245,90761,2004-10-16,9999-01-01
10246,88005,2001-03-27,2002-03-26
10246,91667,2002-03-27,2003-03-26
10246,94577,2003-03-27,2004-03-26
10246,97134,2004-03-27,2005-03-26
10246,100707,2005-03-27,2006-03-26
10246,106078,2006-03-27,2007-03-26
10246,110555,2007-03-27,2008-03-26
10246,116194,2008-03-27,2009-03-26
10246,120442,2009-03-27,2010-03-26
10246,127595,2010-03-27,2011-03-26
10246,134830,2011-03-27,2012-03-26
10246,140815,2012-03-27,9999-01-01
10247,85904,2004-09-18,2005-09-17
10247,87428,2005-09-18,2006-09-17
10247,92012,2006-09-18,2007-09-17
10247,94451,2007-09-18,2008-09-17
10247,96267,2008-09-18,2009-09-17
10247,101388,2009-09-18,2010-09-17
10247,103856,2010-09-18,2011-09-17
10247,109708,2011-09-18,2012-09-17
10247,112829,2012-09-18,2013-09-17
10247,115937,2013-09-18,2014-09-17
10247,122282,2014-09-18,2015-09-17
10247,129373,2015-09-18,9999-01-01
10248,60929,1991-04-09,1992-04-08
10248,62014,1992-04-09,1993-04-08
10248,65228,1993-04-09,1994-04-08
10248,66549,1994-04-09,1995-04-08
10248,67556,1995-04-09,1996-04-08
10248,69779,1996-04-09,1997-04-08
10248,72357,1997-04-09,1998-04-08
10248,73686,1998-04-09,1999-04-08
10248,74951,1999-04-09,2000-04-08
10248,78899,2000-04-09,2001-04-08
10248,81760,2001-04-09,2002-04-08
10248,86425,2002-04-09,9999-01-01
10249,59286,2007-08-19,2008-08-18
10249,61130,2008-08-19,2009-08-18
10249,63176,2009-08-19,2010-08-18
10249,64665,2010-08-19,2011-08-18
10249,66906,2011-08-19,2012-08-18
10249,68271,2012-08-19,2013-08-18
10249,71967,2013-08-19,2014-08-18
10249,74874,2014-08-19,2015-08-18
10249,78740,2015-08-19,2016-08-18
10249,80681,2016-08-19,2017-08-18
10249,82511,2017-08-19,2018-08-18
10249,87372,2018-08-19,9999-01-01
10250,78791,2014-09-08,2015-09-07
10250,82170,2015-09-08,2016-09-07
10250,85028,2016-09-08,2017-09-07
10250,87045,2017-09-08,2018-09-07
10250,89443,2018-09-08,2019-09-07
10250,92021,2019-09-08,2020-09-07
10250,96146,2020-09-08,2021-09-07
10250,99115,2021-09-08,2022-09-07
10250,102822,2022-09-08,2023-09-07
10250,106482,2023-09-08,9999-01-01
10251,73965,1991-07-07,1992-07-06
10251,76049,1992-07-07,1993-07-06
10251,77970,1993-07-07,1994-07-06
10251,81165,1994-07-07,1995-07-06
10251,84346,1995-07-07,1996-07-06
10251,85813,1996-07-07,1997-07-06
10251,89433,1997-07-07,1998-07-06
10251,91302,1998-07-07,1999-07-06
10251,94368,1999-07-07,2000-07-06
10251,97415,2000-07-07,2001-07-06
10251,103011,2001-07-07,2002-07-06
10251,105202,2002-07-07,2003-07-06
10252,43193,2008-05-14,2009-05-13
10252,44915,2009-05-14,2010-05-13
10252,46303,2010-05-14,2011-05-13
10252,47765,2011-05-14,2012-05-13
10252,50385,2012-05-14,2013-05-13
10252,53173,2013-05-14,2014-05-13
10252,55569,2014-05-14,2015-05-13
10252,56814,2015-05-14,2016-05-13
10252,59658,2016-05-14,2017-05-13
10252,61548,2017-05-14,2018-05-13
10252,63339,2018-05-14,2019-05-13
10252,66320,2019-05-14,9999-01-01
10253,71159,2008-10-07,2009-10-06
10253,73961,2009-10-07,2010-10-06
10253,76819,2010-10-07,2011-10-06
10253,78358,2011-10-07,2012-10-06
10253,82390,2012-10-07,2013-10-06
10253,86125,2013-10-07,2014-10-06
10253,88796,2014-10-07,2015-10-06
10253,91675,2015-10-07,2016-10-06
10253,95122,2016-10-07,2017-10-06
10253,98663,2017-10-07,2018-10-06
10253,100845,2018-10-07,2019-10-06
10253,102725,2019-10-07,9999-01-01
10254,89645,1995-10-27,1996-10-26
10254,91856,1996-10-27,1997-10-26
10254,96116,1997-10-27,1998-10-26
10254,97773,1998-10-27,1999-10-26
10254,99711,1999-10-27,2000-10-26
10254,102904,2000-10-27,2001-10-26
10254,106981,2001-10-27,2002-10-26
10254,109428,2002-10-27,2003-10-26
10254,114959,2003-10-27,2004-10-26
10254,120041,2004-10-27,2005-10-26
10254,122501,2005-10-27,2006-10-26
10254,128187,2006-10-27,9999-01-01
10255,66379,1999-12-11,2000-12-10
10255,70072,2000-12-11,2001-12-10
10255,74046,2001-12-11,2002-12-10
10255,76301,2002-12-11,2003-12-10
10255,78388,2003-12-11,2004-12-10
10255,81687,2004-12-11,2005-12-10
10255,83014,2005-12-11,2006-12-10
10255,86319,2006-12-11,2007-12-10
10255,89447,2007-12-11,2008-12-10
10255,91660,2008-12-11,2009-12-10
10255,94650,2009-12-11,2010-12-10
10255,99025,2010-12-11,2011-12-10
10256,69753,2003-05-27,2004-05-26
10256,73321,2004-05-27,2005-05-26
10256,74640,2005-05-27,2006-05-26
10256,77463,2006-05-27,2007-05-26
10256,81894,2007-05-27,2008-05-26
10256,83561,2008-05-27,2009-05-26
10256,84893,2009-05-27,2010-05-26
10256,88497,2010-05-27,2011-05-26
10256,92861,2011-05-27,2012-05-26
10256,98123,2012-05-27,2013-05-26
10256,101025,2013-05-27,2014-05-26
10256,104876,2014-05-27,2015-05-26
10257,62557,2006-05-07,2007-05-06
10257,65900,2007-05-07,2008-05-06
10257,69655,2008-05-07,2009-05-06
10257,71935,2009-05-07,2010-05-06
10257,73138,2010-05-07,2011-05-06
10257,75437,2011-05-07,2012-05-06
10257,77412,2012-05-07,2013-05-06
10257,78914,2013-05-07,2014-05-06
10257,81724,2014-05-07,2015-05-06
10257,85044,2015-05-07,2016-05-06
10257,87271,2016-05-07,2017-05-06
10257,90486,2017-05-07,9999-01-01
10258,75394,1990-08-17,1991-08-16
10258,79345,1991-08-17,1992-08-16
10258,80771,1992-08-17,1993-08-16
10258,84115,1993-08-17,1994-08-16
10258,88926,1994-08-17,1995-08-16
10258,92796,1995-08-17,1996-08-16
10258,97103,1996-08-17,1997-08-16
10258,100640,1997-08-17,1998-08-16
10258,104497,1998-08-17,1999-08-16
10258,107597,1999-08-17,2000-08-16
10258,113955,2000-08-17,2001-08-16
10258,117650,2001-08-17,9999-01-01
10259,53281,1998-10-08,1999-10-07
10259,54088,1999-10-08,2000-10-07
10259,55969,2000-10-08,2001-10-07
10259,56904,2001-10-08,2002-10-07
10259,59320,2002-10-08,2003-10-07
10259,62302,2003-10-08,2004-10-07
10259,64933,2004-10-08,2005-10-07
10259,68084,2005-10-08,2006-10-07
10259,69873,2006-10-08,2007-10-07
10259,71120,2007-10-08,2008-10-07
10259,74415,2008-10-08,2009-10-07
10259,77510,2009-10-08,9999-01-01
10260,47238,1999-04-01,2000-03-31
10260,49320,2000-04-01,2001-03-31
10260,50327,2001-04-01,2002-03-31
10260,51741,2002-04-01,2003-03-31
10260,53085,2003-04-01,2004-03-31
10260,54057,2004-04-01,2005-03-31
10260,56856,2005-04-01,2006-03-31
10260,58796,2006-04-01,2007-03-31
10260,60229,2007-04-01,2008-03-31
10260,62420,2008-04-01,2009-03-31
10260,64060,2009-04-01,2010-03-31
10260,67201,2010-04-01,9999-01-01
10261,72175,1998-04-02,1999-04-01
10261,74939,1999-04-02,2000-04-01
10261,77972,2000-04-02,2001-04-01
10261,81655,2001-04-02,2002-04-01
10261,84770,2002-04-02,2003-04-01
10261,87203,2003-04-02,2004-04-01
10261,88655,2004-04-02,2005-04-01
10261,93444,2005-04-02,2006-04-01
10261,96604,2006-04-02,2007-04-01
10261,101179,2007-04-02,2008-04-01
10261,105315,2008-04-02,2009-04-01
10261,109270,2009-04-02,9999-01-01
10262,79925,2003-09-23,2004-09-22
10262,84679,2004-09-23,2005-09-22
10262,89320,2005-09-23,2006-09-22
10262,90949,2006-09-23,2007-09-22
10262,93474,2007-09-23,2008-09-22
10262,96385,2008-09-23,2009-09-22
10262,98687,2009-09-23,2010-09-22
10262,102431,2010-09-23,2011-09-22
10262,104222,2011-09-23,2012-09-22
10262,107527,2012-09-23,2013-09-22
10262,111714,2013-09-23,2014-09-22
10262,118173,2014-09-23,9999-01-01
10263,68084,2013-10-09,2014-10-08
10263,71941,2014-10-09,2015-10-08
10263,74490,2015-10-09,2016-10-08
10263,75878,2016-10-09,2017-10-08
10263,79373,2017-10-09,2018-10-08
10263,81453,2018-10-09,2019-10-08
10263,83053,2019-10-09,2020-10-08
10263,85939,2020-10-09,2021-10-08
10263,90560,2021-10-09,2022-10-08
10263,92834,2022-10-09,2023-10-08
10263,97268,2023-10-09,9999-01-01
10264,62136,2012-06-15,2013-06-14
10264,63488,2013-06-15,2014-06-14
10264,65689,2014-06-15,2015-06-14
10264,68260,2015-06-15,2016-06-14
10264,69368,2016-06-15,2017-06-14
10264,71460,2017-06-15,2018-06-14
10264,73786,2018-06-15,2019-06-14
10264,75883,2019-06-15,2020-06-14
10264,79878,2020-06-15,2021-06-14
10264,81165,2021-06-15,2022-06-14
10264,83181,2022-06-15,2023-06-14
10264,85789,2023-06-15,9999-01-01
10265,57371,2013-01-15,2014-01-14
10265,59918,2014-01-15,2015-01-14
10265,61242,2015-01-15,2016-01-14
10265,62859,2016-01-15,2017-01-14
10265,66307,2017-01-15,2018-01-14
10265,69525,2018-01-15,2019-01-14
10265,71679,2019-01-15,2020-01-14
10265,73226,2020-01-15,2021-01-14
10265,75903,2021-01-15,2022-01-14
10265,79796,2022-01-15,2023-01-14
10265,83062,2023-01-15,9999-01-01
10266,80113,1997-07-03,1998-07-02
10266,83916,1998-07-03,1999-07-02
10266,87974,1999-07-03,2000-07-02
10266,92559,2000-07-03,2001-07-02
10266,94297,2001-07-03,2002-07-02
10266,98418,2002-07-03,2003-02-11
10267,62418,1998-11-28,1999-11-27
10267,64762,1999-11-28,2000-11-27
10267,68317,2000-11-28,2001-11-27
10267,71004,2001-11-28,2002-11-27
10267,73619,2002-11-28,2003-11-27
10267,74962,2003-11-28,2004-11-27
10267,76235,2004-11-28,2005-11-27
10267,77636,2005-11-28,2006-11-27
10267,81354,2006-11-28,2007-11-27
10267,84540,2007-11-28,2008-11-27
10267,85879,2008-11-28,2009-11-27
10267,90342,2009-11-28,9999-01-01
10268,64437,1996-09-04,1997-09-03
10268,66562,1997-09-04,1998-09-03
10268,68410,1998-09-04,1999-09-03
10268,71538,1999-09-04,2000-09-03
10268,72912,2000-09-04,2001-09-03
10268,75675,2001-09-04,2002-09-03
10268,76928,2002-09-04,2003-09-03
10268,81355,2003-09-04,2004-09-03
10268,85011,2004-09-04,2005-09-03
10268,89831,2005-09-04,2006-09-03
10268,92040,2006-09-04,2007-09-03
10268,95006,2007-09-04,9999-01-01
10269,67946,1993-01-21,1994-01-20
10269,70692,1994-01-21,1995-01-20
10269,72703,1995-01-21,1996-01-20
10269,75118,1996-01-21,1997-01-20
10269,79036,1997-01-21,1998-01-20
10269,82385,1998-01-21,1999-01-20
10269,84730,1999-01-21,2000-01-20
10269,89346,2000-01-21,2001-01-20
10269,94557,2001-01-21,2002-01-20
10269,98728,2002-01-21,2003-01-20
10269,101689,2003-01-21,2004-01-20
10269,107596,2004-01-21,9999-01-01
10270,71567,2010-12-15,2011-12-14
10270,72672,2011-12-15,2012-12-14
10270,74644,2012-12-15,2013-12-14
10270,77288,2013-12-15,2014-12-14
10270,80906,2014-12-15,2015-12-14
10270,85047,2015-12-15,2016-12-14
10270,87448,2016-12-15,2017-12-14
10270,92236,2017-12-15,2018-12-14
10270,95415,2018-12-15,2019-12-14
10270,98982,2019-12-15,2020-12-14
10270,101677,2020-12-15,2021-12-14
10270,105175,2021-12-15,9999-01-01
10271,45907,2006-12-13,2007-12-12
10271,47991,2007-12-13,2008-12-12
10271,50092,2008-12-13,2009-12-12
10271,50874,2009-12-13,2010-12-12
10271,52257,2010-12-13,2011-12-12
10271,55145,2011-12-13,2012-12-12
10271,56826,2012-12-13,2013-12-12
10271,60041,2013-12-13,2014-12-12
10271,62607,2014-12-13,2015-12-12
10271,63665,2015-12-13,2016-12-12
10271,65898,2016-12-13,2017-12-12
10271,68647,2017-12-13,9999-01-01
10272,54649,1991-08-24,1992-08-23
10272,56386,1992-08-24,1993-08-23
10272,57878,1993-08-24,1994-08-23
10272,58789,1994-08-24,1995-08-23
10272,60102,1995-08-24,1996-08-23
10272,63289,1996-08-24,1997-08-23
10272,64364,1997-08-24,1998-08-23
10272,66667,1998-08-24,1999-08-23
10272,69440,1999-08-24,2000-08-23
10272,70824,2000-08-24,2001-08-23
10272,73037,2001-08-24,2002-08-23
10272,74612,2002-08-24,9999-01-01
10273,68735,2004-11-07,2005-11-06
10273,71844,2005-11-07,2006-11-06
10273,75804,2006-11-07,2007-11-06
10273,78175,2007-11-07,2008-11-06
10273,80517,2008-11-07,2009-11-06
10273,84522,2009-11-07,2010-11-06
10273,88682,2010-11-07,2011-11-06
10273,91904,2011-11-07,2012-11-06
10273,94383,2012-11-07,2013-11-06
10273,96902,2013-11-07,2014-11-06
10273,102186,2014-11-07,2015-11-06
10273,104311,2015-11-07,9999-01-01
10274,60631,2002-02-25,2003-02-24
10274,62334,2003-02-25,2004-02-24
10274,65706,2004-02-25,2005-02-24
10274,69454,2005-02-25,2006-02-24
10274,73212,2006-02-25,2007-02-24
10274,77421,2007-02-25,2008-02-24
10274,81228,2008-02-25,2009-02-24
10274,84638,2009-02-25,2010-02-24
10274,87321,2010-02-25,2011-02-24
10274,91353,2011-02-25,2012-02-24
10274,95207,2012-02-25,2013-02-24
10274,100714,2013-02-25,9999-01-01
10275,60465,2010-09-13,2011-09-12
10275,63611,2011-09-13,2012-01-26
10276,39313,2000-08-25,2001-08-24
10276,40544,2001-08-25,2002-08-24
10276,41364,2002-08-25,2003-08-24
10276,42872,2003-08-25,2004-08-24
10276,44345,2004-08-25,2005-08-24
10276,45552,2005-08-25,2006-08-24
10276,46880,2006-08-25,2007-08-24
10276,48045,2007-08-25,2008-08-24
10276,50853,2008-08-25,2009-08-24
10276,53834,2009-08-25,2010-08-24
10276,55285,2010-08-25,2011-08-24
10276,57590,2011-08-25,9999-01-01
10277,63398,1999-12-16,2000-12-15
10277,67108,2000-12-16,2001-12-15
10277,70139,2001-12-16,2002-12-15
10277,74257,2002-12-16,2003-12-15
10277,78175,2003-12-16,2004-12-15
10277,79938,2004-12-16,2005-12-15
10277,82472,2005-12-16,2006-12-15
10277,86828,2006-12-16,2007-12-15
10277,89280,2007-12-16,2008-12-15
10277,91607,2008-12-16,2009-12-15
10277,95852,2009-12-16,2010-12-15
10277,99094,2010-12-16,9999-01-01
10278,67352,2001-05-03,2002-05-02
10278,69800,2002-05-03,2003-05-02
10278,73102,2003-05-03,2004-05-02
10278,75430,2004-05-03,2005-05-02
10278,76839,2005-05-03,2006-05-02
10278,80000,2006-05-03,2007-05-02
10278,84470,2007-05-03,2008-05-02
10278,88829,2008-05-03,2009-05-02
10278,91076,2009-05-03,2010-05-02
10278,92579,2010-05-03,2011-05-02
10278,95423,2011-05-03,2012-05-02
10278,100767,2012-05-03,9999-01-01
10279,64673,2014-05-09,2015-05-08
10279,67965,2015-05-09,2016-05-08
10279,71238,2016-05-09,2017-05-08
10279,74787,2017-05-09,2018-05-08
10279,78614,2018-05-09,2019-05-08
10279,79940,2019-05-09,2019-11-03
10280,68675,1999-09-04,2000-09-03
10280,70840,2000-09-04,2001-09-03
10280,72940,2001-09-04,2002-09-03
10280,76749,2002-09-04,2003-09-03
10280,80824,2003-09-04,2004-09-03
10280,83434,2004-09-04,2005-09-03
10280,85367,2005-09-04,2006-09-03
10280,89157,2006-09-04,2007-09-03
10280,92309,2007-09-04,2008-09-03
10280,97182,2008-09-04,2009-09-03
10280,101482,2009-09-04,2010-09-03
10280,105258,2010-09-04,2011-09-03
10281,71276,1991-07-30,1992-07-29
10281,72749,1992-07-30,1993-07-29
10281,74672,1993-07-30,1994-07-29
10281,78642,1994-07-30,1995-07-29
10281,82689,1995-07-30,1996-07-29
10281,87362,1996-07-30,1997-07-29
10281,88999,1997-07-30,1998-07-29
10281,92788,1998-07-30,1999-07-29
10281,95604,1999-07-30,2000-07-29
10281,98789,2000-07-30,2001-07-29
10281,100757,2001-07-30,2002-07-29
10281,104199,2002-07-30,9999-01-01
10282,61806,1991-03-31,1992-03-30
10282,63183,1992-03-31,1993-03-30
10282,66337,1993-03-31,1994-03-30
10282,69517,1994-03-31,1995-03-30
10282,73157,1995-03-31,1996-03-30
10282,76835,1996-03-31,1997-03-30
10282,79507,1997-03-31,1998-03-30
10282,81586,1998-03-31,1999-03-30
10282,83155,1999-03-31,2000-03-30
10282,85897,2000-03-31,2001-03-30
10282,87932,2001-03-31,2002-03-30
10282,91253,2002-03-31,9999-01-01
10283,48736,2007-11-14,2008-11-13
10283,51436,2008-11-14,2009-11-13
10283,53004,2009-11-14,2010-11-13
10283,53833,2010-11-14,2011-11-13
10283,55610,2011-11-14,2012-11-13
10283,57689,2012-11-14,2013-11-13
10283,58718,2013-11-14,2014-11-13
10283,59669,2014-11-14,2015-11-13
10283,61330,2015-11-14,2016-11-13
10283,64071,2016-11-14,2017-11-13
10283,66006,2017-11-14,2018-11-13
10283,67015,2018-11-14,9999-01-01
10284,65685,1994-09-09,1995-09-08
10284,68094,1995-09-09,1996-09-08
10284,70510,1996-09-09,1997-09-08
10284,71985,1997-09-09,1998-09-08
10284,73065,1998-09-09,1999-09-08
10284,76881,1999-09-09,2000-09-08
10284,78170,2000-09-09,2001-09-08
10284,81219,2001-09-09,2002-09-08
10284,84917,2002-09-09,2003-09-08
10284,86738,2003-09-09,2004-09-08
10284,88063,2004-09-09,2005-09-08
10284,92382,2005-09-09,2006-09-08
10285,88381,2010-08-02,2011-08-01
10285,90343,2011-08-02,2012-08-01
10285,92808,2012-08-02,2013-08-01
10285,94582,2013-08-02,2014-08-01
10285,96145,2014-08-02,2015-08-01
10285,97623,2015-08-02,2016-08-01
10285,100727,2016-08-02,2017-08-01
10285,106180,2017-08-02,2018-08-01
10285,109717,2018-08-02,2019-08-01
10285,115686,2019-08-02,2020-08-01
10285,120793,2020-08-02,2021-08-01
10285,123658,2021-08-02,9999-01-01
10286,79236,2013-09-28,2014-09-27
10286,83479,2014-09-28,2015-09-27
10286,86640,2015-09-28,2016-09-27
10286,90962,2016-09-28,2017-09-27
10286,94488,2017-09-28,2018-09-27
10286,96695,2018-09-28,2019-09-27
10286,102387,2019-09-28,2020-09-27
10286,105658,2020-09-28,2021-09-27
10286,111063,2021-09-28,2022-09-27
10286,116040,2022-09-28,2023-09-27
10286,122354,2023-09-28,9999-01-01
10287,74058,1996-05-12,1997-05-11
10287,75639,1997-05-12,1998-05-11
10287,79085,1998-05-12,1999-05-11
10287,82896,1999-05-12,2000-05-11
10287,84282,2000-05-12,2001-05-11
10287,88338,2001-05-12,2002-05-11
10287,90359,2002-05-12,2003-05-11
10287,94935,2003-05-12,2004-05-11
10287,100390,2004-05-12,2005-05-11
10287,103997,2005-05-12,2006-05-11
10287,107409,2006-05-12,2007-05-11
10287,109056,2007-05-12,9999-01-01
10288,71758,1992-04-08,1993-04-07
10288,75426,1993-04-08,1994-04-07
10288,77641,1994-04-08,1995-04-07
10288,79830,1995-04-08,1996-04-07
10288,83222,1996-04-08,1997-04-07
10288,86917,1997-04-08,1998-04-07
10288,91045,1998-04-08,1999-04-07
10288,92988,1999-04-08,2000-04-07
10288,94644,2000-04-08,2001-04-07
10288,96661,2001-04-08,2002-04-07
10288,101781,2002-04-08,2003-04-07
10288,103409,2003-04-08,9999-01-01
10289,62163,1997-10-26,1998-10-25
10289,65556,1998-10-26,1999-10-25
10289,67770,1999-10-26,2000-10-25
10289,70020,2000-10-26,2001-10-25
10289,72541,2001-10-26,2002-10-25
10289,75040,2002-10-26,2003-10-25
10289,78764,2003-10-26,2004-10-25
10289,80956,2004-10-26,2005-10-25
10289,85577,2005-10-26,2006-10-25
10289,88033,2006-10-26,2007-10-25
10289,90407,2007-10-26,2008-10-25
10289,94556,2008-10-26,9999-01-01
10290,81968,2008-01-05,2009-01-04
10290,86496,2009-01-05,2010-01-04
10290,90022,2010-01-05,2011-01-04
10290,94771,2011-01-05,2012-01-04
10290,97638,2012-01-05,2013-01-04
10290,99192,2013-01-05,2014-01-04
10290,104639,2014-01-05,2015-01-04
10290,106305,2015-01-05,2016-01-04
10290,108880,2016-01-05,2017-01-04
10290,111901,2017-01-05,2018-01-04
10290,117221,2018-01-05,2019-01-04
10290,123017,2019-01-05,9999-01-01
10291,44175,1994-10-29,1995-10-28
10291,45947,1995-10-29,1996-10-28
10291,48115,1996-10-29,1997-10-28
10291,48884,1997-10-29,1998-10-28
10291,50447,1998-10-29,1999-10-28
10291,53098,1999-10-29,2000-10-28
10291,55500,2000-10-29,2001-10-28
10291,57119,2001-10-29,2002-10-28
10291,59957,2002-10-29,2003-10-28
10291,62180,2003-10-29,2004-10-28
10291,63786,2004-10-29,2005-10-28
10291,65635,2005-10-29,9999-01-01
10292,93319,2004-04-19,2005-04-18
10292,96121,2005-04-19,2006-04-18
10292,98041,2006-04-19,2007-04-18
10292,101032,2007-04-19,2008-04-18
10292,104824,2008-04-19,2009-04-18
10292,106547,2009-04-19,2010-04-18
10292,112628,2010-04-19,2011-04-18
10292,118891,2011-04-19,2012-04-18
10292,124959,2012-04-19,2013-04-18
10292,127183,2013-04-19,2014-04-18
10292,131599,2014-04-19,2015-04-18
10292,137216,2015-04-19,9999-01-01
10293,45649,2006-04-11,2007-04-10
10293,48101,2007-04-11,2008-04-10
10293,48903,2008-04-11,2009-04-10
10293,51621,2009-04-11,2010-04-10
10293,54090,2010-04-11,2011-04-10
10293,55539,2011-04-11,2011-08-18
10294,56929,1997-03-22,1998-03-21
10294,59690,1998-03-22,1999-03-21
10294,62031,1999-03-22,2000-03-21
10294,63268,2000-03-22,2001-03-21
10294,66749,2001-03-22,2002-03-21
10294,68827,2002-03-22,2003-03-21
10294,72518,2003-03-22,2004-03-21
10294,74045,2004-03-22,2005-03-21
10294,75981,2005-03-22,2006-03-21
10294,79932,2006-03-22,2007-03-21
10294,83018,2007-03-22,2008-03-21
10294,87694,2008-03-22,9999-01-01
10295,58310,1994-03-21,1995-03-20
10295,60494,1995-03-21,1996-03-20
10295,61424,1996-03-21,1997-03-20
10295,64197,1997-03-21,1998-03-20
10295,67153,1998-03-21,1999-03-20
10295,70648,1999-03-21,2000-03-20
10295,71912,2000-03-21,2001-03-20
10295,73152,2001-03-21,2002-03-20
10295,76357,2002-03-21,2003-03-20
10295,79926,2003-03-21,2004-03-20
10295,82575,2004-03-21,2005-03-20
10295,84469,2005-03-21,9999-01-01
10296,69787,1990-02-13,1991-02-12
10296,73260,1991-02-13,1992-02-12
10296,74579,1992-02-13,1993-02-12
10296,77076,1993-02-13,1994-02-12
10296,79900,1994-02-13,1995-02-12
10296,84598,1995-02-13,1996-02-12
10296,86991,1996-02-13,1997-02-12
10296,89442,1997-02-13,1998-02-12
10296,92638,1998-02-13,1999-02-12
10296,96532,1999-02-13,2000-02-12
10296,98301,2000-02-13,2001-02-12
10296,100017,2001-02-13,9999-01-01
10297,71741,2000-03-12,2001-03-11
10297,73183,2001-03-12,2002-03-11
10297,74620,2002-03-12,2003-03-11
10297,76895,2003-03-12,2004-03-11
10297,78367,2004-03-12,2005-03-11
10297,81567,2005-03-12,2006-03-11
10297,83825,2006-03-12,2007-03-11
10297,87432,2007-03-12,2008-03-11
10297,90036,2008-03-12,2009-03-11
10297,92692,2009-03-12,2010-03-11
10297,95715,2010-03-12,2011-03-11
10297,97574,2011-03-12,9999-01-01
10298,83968,2000-01-05,2001-01-04
10298,85845,2001-01-05,2002-01-04
10298,89389,2002-01-05,2003-01-04
10298,92068,2003-01-05,2004-01-04
10298,97223,2004-01-05,2005-01-04
10298,101030,2005-01-05,2006-01-04
10298,102618,2006-01-05,2007-01-04
10298,107719,2007-01-05,2008-01-04
10298,110186,2008-01-05,2009-01-04
10298,112375,2009-01-05,2010-01-04
10298,116874,2010-01-05,2011-01-04
10298,119464,2011-01-05,9999-01-01
10299,64992,1996-04-12,1997-04-11
10299,68366,1997-04-12,1998-04-11
10299,71348,1998-04-12,1999-04-11
10299,74266,1999-04-12,2000-04-11
10299,75945,2000-04-12,2001-04-11
10299,78817,2001-04-12,2002-04-11
10299,83370,2002-04-12,2003-04-11
10299,86143,2003-04-12,2004-04-11
10299,87809,2004-04-12,2005-04-11
10299,91233,2005-04-12,2006-04-11
10299,92603,2006-04-12,2007-04-11
10299,96342,2007-04-12,9999-01-01
10300,68419,2009-05-12,2010-05-11
10300,70749,2010-05-12,2011-05-11
10300,73707,2011-05-12,2012-05-11
10300,76731,2012-05-12,2013-05-11
10300,80488,2013-05-12,2014-05-11
10300,81943,2014-05-12,2015-05-11
10300,83613,2015-05-12,2016-05-11
10300,86824,2016-05-12,2017-05-11
10300,88272,2017-05-12,2018-05-11
10300,93394,2018-05-12,2019-05-11
10300,98439,2019-05-12,2020-05-11
10300,101552,2020-05-12,9999-01-01
10301,49697,2009-04-23,2010-04-22
10301,51335,2010-04-23,2011-04-22
10301,52716,2011-04-23,2012-04-22
10301,55171,2012-04-23,2013-04-22
10301,56245,2013-04-23,2014-04-22
10301,58329,2014-04-23,2015-04-22
10301,60357,2015-04-23,2016-01-30
10302,61985,1992-04-23,1993-04-22
10302,63310,1993-04-23,1994-04-22
10302,64505,1994-04-23,1995-04-22
10302,65590,1995-04-23,1996-04-22
10302,67499,1996-04-23,1997-04-22
10302,70780,1997-04-23,1998-04-22
10302,74177,1998-04-23,1999-04-22
10302,77666,1999-04-23,2000-04-22
10302,82287,2000-04-23,2001-04-22
10302,83765,2001-04-23,2002-04-22
10302,86358,2002-04-23,2003-04-22
10302,90771,2003-04-23,9999-01-01
10303,71035,2005-04-24,2006-04-23
10303,74450,2006-04-24,2007-04-23
10303,76451,2007-04-24,2008-04-23
10303,79051,2008-04-24,2009-04-23
10303,83122,2009-04-24,2010-04-23
10303,86622,2010-04-24,2011-04-23
10303,89848,2011-04-24,2012-04-23
10303,93215,2012-04-24,2013-04-23
10303,97105,2013-04-24,2014-04-23
10303,100846,2014-04-24,2015-04-23
10303,105603,2015-04-24,2016-04-23
10303,110313,2016-04-24,9999-01-01
10304,80739,2008-11-13,2009-11-12
10304,82615,2009-11-13,2010-11-12
10304,85953,2010-11-13,2011-11-12
10304,88168,2011-11-13,2012-11-12
10304,93016,2012-11-13,2013-11-12
10304,97059,2013-11-13,2014-11-12
10304,101596,2014-11-13,2015-11-12
10304,105999,2015-11-13,2016-11-12
10304,110692,2016-11-13,2017-11-12
10304,114824,2017-11-13,2018-11-12
10304,119199,2018-11-13,2019-11-12
10304,121104,2019-11-13,9999-01-01
10305,55108,1999-10-30,2000-10-29
10305,56197,2000-10-30,2001-10-29
10305,58066,2001-10-30,2002-10-29
10305,61204,2002-10-30,2003-10-29
10305,63591,2003-10-30,2004-10-29
10305,64721,2004-10-30,2005-10-29
10305,67697,2005-10-30,2006-10-29
10305,69644,2006-10-30,2007-10-29
10305,71046,2007-10-30,2008-10-29
10305,74144,2008-10-30,2009-10-29
10305,77488,2009-10-30,2010-10-29
10305,81590,2010-10-30,2011-10-29
10306,68841,2013-08-06,2014-08-05
10306,71290,2014-08-06,2015-08-05
10306,74702,2015-08-06,2016-08-05
10306,79180,2016-08-06,2017-08-05
10306,83338,2017-08-06,2018-08-05
10306,87158,2018-08-06,2019-08-05
10306,89746,2019-08-06,2020-08-05
10306,92218,2020-08-06,2021-08-05
10306,96075,2021-08-06,2022-08-05
10306,101328,2022-08-06,2023-08-05
10306,107205,2023-08-06,9999-01-01
10307,59212,1999-02-08,2000-02-07
10307,62407,2000-02-08,2001-02-07
10307,65439,2001-02-08,2002-02-07
10307,67411,2002-02-08,2003-02-07
10307,70544,2003-02-08,2004-02-07
10307,72007,2004-02-08,2005-02-07
10307,74383,2005-02-08,2006-02-07
10307,77846,2006-02-08,2007-02-07
10307,82008,2007-02-08,2008-02-07
10307,85876,2008-02-08,2009-02-07
10307,90571,2009-02-08,2010-02-07
10307,93634,2010-02-08,2011-02-07
10308,88789,2000-09-22,2001-09-21
10308,90381,2001-09-22,2002-09-21
10308,93982,2002-09-22,2003-09-21
10308,97547,2003-09-22,2004-09-21
10308,101239,2004-09-22,2005-09-21
10308,104900,2005-09-22,2006-09-21
10308,110670,2006-09-22,2007-09-21
10308,113576,2007-09-22,2008-09-21
10308,117355,2008-09-22,2009-09-21
10308,124372,2009-09-22,2010-09-21
10308,127526,2010-09-22,2011-09-21
10308,134599,2011-09-22,2012-09-21
10309,61662,2003-08-22,2004-08-21
10309,62630,2004-08-22,2005-08-21
10309,65913,2005-08-22,2006-08-21
10309,68578,2006-08-22,2006-11-25
10310,67851,1991-07-21,1992-07-20
10310,71400,1992-07-21,1993-07-20
10310,72732,1993-07-21,1994-07-20
10310,75964,1994-07-21,1995-07-20
10310,77731,1995-07-21,1996-07-20
10310,80552,1996-07-21,1997-07-20
10310,82453,1997-07-21,1998-07-20
10310,85443,1998-07-21,1999-07-20
10310,87881,1999-07-21,2000-07-20
10310,92762,2000-07-21,2001-07-20
10310,97641,2001-07-21,2002-07-20
10310,102304,2002-07-21,9999-01-01
10311,54752,2004-04-17,2005-04-16
10311,56160,2005-04-17,2006-04-16
10311,58058,2006-04-17,2007-04-16
10311,59812,2007-04-17,2008-04-16
10311,62435,2008-04-17,2009-04-16
10311,64839,2009-04-17,2010-04-16
10311,65988,2010-04-17,2011-04-16
10311,68977,2011-04-17,2012-04-16
10311,72323,2012-04-17,2013-04-16
10311,75518,2013-04-17,2014-04-16
10311,78871,2014-04-17,2015-04-16
10311,80689,2015-04-17,9999-01-01
10312,55181,2003-08-23,2004-08-22
10312,58259,2004-08-23,2005-08-22
10312,59865,2005-08-23,2006-08-22
10312,60847,2006-08-23,2007-08-22
10312,62116,2007-08-23,2008-08-22
10312,64760,2008-08-23,2009-08-22
10312,66960,2009-08-23,2010-08-22
10312,69613,2010-08-23,2011-08-22
10312,72233,2011-08-23,2012-08-22
10312,75828,2012-08-23,2013-08-22
10312,78966,2013-08-23,2014-08-22
10312,81970,2014-08-23,9999-01-01
10313,77598,1998-11-10,1999-11-09
10313,80854,1999-11-10,2000-11-09
10313,82272,2000-11-10,2001-11-09
10313,84042,2001-11-10,2002-11-09
10313,85453,2002-11-10,2003-11-09
10313,88378,2003-11-10,2004-11-09
10313,89790,2004-11-10,2005-11-09
10313,92733,2005-11-10,2006-11-09
10313,96876,2006-11-10,2007-11-09
10313,98941,2007-11-10,2008-11-09
10313,103337,2008-11-10,2009-11-09
10313,108476,2009-11-10,9999-01-01
10314,66664,2011-07-05,2012-07-04
10314,69459,2012-07-05,2013-07-04
10314,72720,2013-07-05,2014-07-04
10314,75401,2014-07-05,2015-07-04
10314,79850,2015-07-05,2016-07-04
10314,81916,2016-07-05,2017-07-04
10314,85250,2017-07-05,2018-07-04
10314,87076,2018-07-05,2019-07-04
10314,89203,2019-07-05,2020-07-04
10314,92903,2020-07-05,2021-07-04
10314,98082,2021-07-05,2022-07-04
10314,102265,2022-07-05,9999-01-01
10315,71841,2009-07-05,2010-07-04
10315,75015,2010-07-05,2011-07-04
10315,77862,2011-07-05,2012-07-04
10315,82452,2012-07-05,2013-07-04
10315,84305,2013-07-05,2014-07-04
10315,88777,2014-07-05,2015-07-04
10315,92451,2015-07-05,2016-07-04
10315,94596,2016-07-05,2017-07-04
10315,97718,2017-07-05,2018-07-04
10315,100207,2018-07-05,2019-07-04
10315,102528,2019-07-05,2020-07-04
10315,107503,2020-07-05,9999-01-01
10316,59761,2007-03-12,2008-03-11
10316,62739,2008-03-12,2009-03-11
10316,66058,2009-03-12,2010-03-11
10316,69961,2010-03-12,2011-03-11
10316,71432,2011-03-12,2012-03-11
10316,73025,2012-03-12,2013-03-11
10316,76274,2013-03-12,2014-03-11
10316,78869,2014-03-12,2015-03-11
10316,80526,2015-03-12,2016-03-11
10316,83852,2016-03-12,2017-03-11
10316,86220,2017-03-12,2018-03-11
10316,87921,2018-03-12,9999-01-01
10317,58040,1999-12-18,2000-12-17
10317,59747,2000-12-18,2001-12-17
10317,60881,2001-12-18,2002-12-17
10317,63076,2002-12-18,2003-12-17
10317,64779,2003-12-18,2004-12-17
10317,66997,2004-12-18,2005-12-17
10317,69214,2005-12-18,2006-12-17
10317,71797,2006-12-18,2007-12-17
10317,75789,2007-12-18,2008-12-17
10317,78503,2008-12-18,2009-12-17
10317,82392,2009-12-18,2010-12-17
10317,84255,2010-12-18,9999-01-01
10318,86387,2012-06-19,2013-06-18
10318,87823,2013-06-19,2014-06-18
10318,92336,2014-06-19,2015-06-18
10318,96672,2015-06-19,2016-06-18
10318,100956,2016-06-19,2017-06-18
10318,106140,2017-06-19,2018-06-18
10318,109465,2018-06-19,2019-06-18
10318,111652,2019-06-19,2020-06-18
10318,115101,2020-06-19,2021-06-18
10318,121207,2021-06-19,2022-06-18
10318,125481,2022-06-19,2023-06-18
10318,132682,2023-06-19,9999-01-01
10319,60645,2006-11-07,2007-11-06
10319,63626,2007-11-07,2008-11-06
10319,64830,2008-11-07,2009-11-06
10319,66728,2009-11-07,2010-11-06
10319,67884,2010-11-07,2011-11-06
10319,69318,2011-11-07,2012-11-06
10319,72391,2012-11-07,2013-11-06
10319,76157,2013-11-07,2014-11-06
10319,77810,2014-11-07,2015-11-06
10319,80159,2015-11-07,2016-11-06
10319,83734,2016-11-07,2017-11-06
10319,86583,2017-11-07,9999-01-01
10320,56459,2000-02-07,2001-02-06
10320,57491,2001-02-07,2002-02-06
10320,60560,2002-02-07,2003-02-06
10320,62254,2003-02-07,2004-02-06
10320,65786,2004-02-07,2005-02-06
10320,68483,2005-02-07,2006-02-06
10320,69967,2006-02-07,2007-02-06
10320,73805,2007-02-07,2008-02-06
10320,76031,2008-02-07,2009-02-06
10320,77487,2009-02-07,2010-02-06
10320,80546,2010-02-07,2011-02-06
10320,82884,2011-02-07,9999-01-01
10321,40950,1996-01-06,1997-01-05
10321,43339,1997-01-06,1998-01-05
10321,44131,1998-01-06,1999-01-05
10321,46417,1999-01-06,2000-01-05
10321,49099,2000-01-06,2001-01-05
10321,50096,2001-01-06,2002-01-05
10321,52107,2002-01-06,2002-09-27
10322,72250,2006-03-10,2007-03-09
10322,73359,2007-03-10,2008-03-09
10322,74994,2008-03-10,2009-03-09
10322,79339,2009-03-10,2010-03-09
10322,83310,2010-03-10,2011-03-09
10322,88146,2011-03-10,2012-03-09
10322,92762,2012-03-10,2013-03-09
10322,95715,2013-03-10,2014-03-09
10322,97757,2014-03-10,2015-03-09
10322,101952,2015-03-10,2016-03-09
10322,107321,2016-03-10,2017-03-09
10322,113053,2017-03-10,9999-01-01
10323,54774,1994-08-02,1995-08-01
10323,57805,1995-08-02,1996-08-01
10323,60505,1996-08-02,1997-08-01
10323,62334,1997-08-02,1998-08-01
10323,63925,1998-08-02,1999-08-01
10323,65556,1999-08-02,2000-08-01
10323,67521,2000-08-02,2001-08-01
10323,70763,2001-08-02,2002-08-01
10323,74299,2002-08-02,2003-08-01
10323,76947,2003-08-02,2004-08-01
10323,80224,2004-08-02,2005-08-01
10323,83649,2005-08-02,9999-01-01
10324,66723,2012-09-18,2013-09-17
10324,69930,2013-09-18,2014-09-17
10324,71935,2014-09-18,2015-09-17
10324,75151,2015-09-18,2016-09-17
10324,77214,2016-09-18,2017-09-17
10324,79996,2017-09-18,2018-09-17
10324,82705,2018-09-18,2019-09-17
10324,87487,2019-09-18,2020-09-17
10324,91788,2020-09-18,2021-09-17
10324,95863,2021-09-18,2022-09-17
10324,100104,2022-09-18,2023-09-17
10324,103942,2023-09-18,9999-01-01
10325,74655,1994-04-14,1995-04-13
10325,78809,1995-04-14,1996-04-13
10325,82816,1996-04-14,1997-04-13
10325,87522,1997-04-14,1998-04-13
10325,92451,1998-04-14,1999-04-13
10325,94536,1999-04-14,2000-04-13
10325,98302,2000-04-14,2001-04-13
10325,103499,2001-04-14,2002-04-13
10325,106660,2002-04-14,2003-04-13
10325,109253,2003-04-14,2004-04-13
10325,111692,2004-04-14,2005-04-13
10325,118332,2005-04-14,9999-01-01
10326,73494,2001-03-21,2002-03-20
10326,75590,2002-03-21,2003-03-20
10326,79297,2003-03-21,2004-03-20
10326,81364,2004-03-21,2005-03-20
10326,85006,2005-03-21,2006-03-20
10326,88424,2006-03-21,2007-03-20
10326,93549,2007-03-21,2008-03-20
10326,97819,2008-03-21,2009-03-20
10326,103148,2009-03-21,2010-03-20
10326,105958,2010-03-21,2011-03-20
10326,107888,2011-03-21,2012-03-20
10326,111144,2012-03-21,9999-01-01
10327,46051,2006-04-29,2007-04-28
10327,47830,2007-04-29,2008-04-28
10327,50191,2008-04-29,2009-04-28
10327,52746,2009-04-29,2010-04-28
10327,55538,2010-04-29,2011-04-28
10327,57393,2011-04-29,2012-04-28
10327,60263,2012-04-29,2013-04-28
10327,61900,2013-04-29,2014-04-28
10327,64634,2014-04-29,2015-04-28
10327,66458,2015-04-29,2016-04-28
10327,70206,2016-04-29,2017-04-28
10327,72889,2017-04-29,9999-01-01
10328,67392,1999-11-25,2000-11-24
10328,69478,2000-11-25,2001-11-24
10328,71619,2001-11-25,2002-11-24
10328,73015,2002-11-25,2003-11-24
10328,74169,2003-11-25,2004-11-24
10328,75987,2004-11-25,2005-11-24
10328,77577,2005-11-25,2006-11-24
10328,80825,2006-11-25,2007-11-24
10328,85614,2007-11-25,2007-12-07
10329,50896,1992-02-28,1993-02-27
10329,52720,1993-02-28,1994-02-27
10329,53590,1994-02-28,1995-02-27
10329,56498,1995-02-28,1996-02-27
10329,59230,1996-02-28,1997-02-27
10329,61137,1997-02-28,1998-02-27
10329,62122,1998-02-28,1999-02-27
10329,64109,1999-02-28,2000-02-27
10329,66782,2000-02-28,2001-02-27
10329,68721,2001-02-28,2002-02-27
10329,72157,2002-02-28,2003-02-27
10329,75423,2003-02-28,9999-01-01
10330,55801,2010-10-11,2011-10-10
10330,57071,2011-10-11,2012-10-10
10330,58723,2012-10-11,2013-10-10
10330,60466,2013-10-11,2014-10-10
10330,62029,2014-10-11,2015-10-10
10330,63982,2015-10-11,2016-10-10
10330,67295,2016-10-11,2017-10-10
10330,68425,2017-10-11,2018-10-10
10330,69898,2018-10-11,2019-10-10
10330,71641,2019-10-11,2020-10-10
10330,73906,2020-10-11,2021-10-10
10330,76660,2021-10-11,2022-10-10
10331,49172,2011-07-02,2012-07-01
10331,51526,2012-07-02,2013-07-01
10331,52592,2013-07-02,2014-07-01
10331,53811,2014-07-02,2014-12-19
10332,46011,2000-06-29,2001-06-28
10332,47397,2001-06-29,2002-06-28
10332,49382,2002-06-29,2003-06-28
10332,51182,2003-06-29,2004-06-28
10332,53358,2004-06-29,2005-06-28
10332,55836,2005-06-29,2006-06-28
10332,58665,2006-06-29,2007-06-28
10332,61924,2007-06-29,2008-06-28
10332,63421,2008-06-29,2009-06-28
10332,64852,2009-06-29,2010-06-28
10332,67573,2010-06-29,2011-06-28
10332,69591,2011-06-29,2012-06-28
10333,71150,2003-09-01,2004-08-31
10333,73532,2004-09-01,2005-08-31
10333,75285,2005-09-01,2006-08-31
10333,78359,2006-09-01,2007-08-31
10333,82790,2007-09-01,2008-08-31
10333,87079,2008-09-01,2009-08-31
10333,90211,2009-09-01,2010-08-31
10333,94309,2010-09-01,2011-08-31
10333,98739,2011-09-01,2012-08-31
10333,100715,2012-09-01,2013-08-31
10333,104171,2013-09-01,2014-08-31
10333,106750,2014-09-01,9999-01-01
10334,57634,1992-08-16,1993-08-15
10334,60616,1993-08-16,1994-08-15
10334,62395,1994-08-16,1995-08-15
10334,64380,1995-08-16,1996-08-15
10334,66059,1996-08-16,1997-08-15
10334,68305,1997-08-16,1998-08-15
10334,71522,1998-08-16,1999-08-15
10334,75398,1999-08-16,2000-08-15
10334,78000,2000-08-16,2001-08-15
10334,81349,2001-08-16,2002-08-15
10334,85239,2002-08-16,2003-08-15
10334,89624,2003-08-16,2004-08-15
10335,44711,2013-05-29,2014-05-28
10335,45817,2014-05-29,2015-05-28
10335,47477,2015-05-29,2016-05-28
10335,48749,2016-05-29,2017-05-28
10335,50286,2017-05-29,2018-05-28
10335,51109,2018-05-29,2019-05-28
10335,52084,2019-05-29,2020-05-28
10335,53245,2020-05-29,2021-05-28
10335,54765,2021-05-29,2022-05-28
10335,56064,2022-05-29,2023-05-28
10335,57689,2023-05-29,9999-01-01
10336,67217,2013-02-14,2014-02-13
10336,69373,2014-02-14,2015-02-13
10336,72202,2015-02-14,2016-02-13
10336,73593,2016-02-14,2017-02-13
10336,77208,2017-02-14,2018-02-13
10336,81482,2018-02-14,2019-02-13
10336,82958,2019-02-14,2020-02-13
10336,86696,2020-02-14,2020-06-19
10337,62511,2007-04-30,2008-04-29
10337,65538,2008-04-30,2009-04-29
10337,67012,2009-04-30,2010-04-29
10337,68338,2010-04-30,2011-04-29
10337,71977,2011-04-30,2012-04-29
10337,73179,2012-04-30,2013-04-29
10337,75581,2013-04-30,2014-04-29
10337,78428,2014-04-30,2015-04-29
10337,81437,2015-04-30,2016-04-29
10337,83300,2016-04-30,2017-04-29
10337,86972,2017-04-30,2018-04-29
10337,90223,2018-04-30,9999-01-01
10338,44211,2002-11-28,2003-11-27
10338,45023,2003-11-28,2004-11-27
10338,47001,2004-11-28,2005-11-27
10338,47767,2005-11-28,2006-11-27
10338,49046,2006-11-28,2007-11-27
10338,51151,2007-11-28,2008-11-27
10338,52534,2008-11-28,2009-11-27
10338,55103,2009-11-28,2010-11-27
10338,57173,2010-11-28,2011-11-27
10338,58248,2011-11-28,2012-11-27
10338,60358,2012-11-28,2013-11-27
10338,63541,2013-11-28,9999-01-01
10339,67644,2009-02-11,2010-02-10
10339,69749,2010-02-11,2011-02-10
10339,73098,2011-02-11,2012-02-10
10339,76536,2012-02-11,2013-02-10
10339,79350,2013-02-11,2014-02-10
10339,81422,2014-02-11,2015-02-10
10339,83713,2015-02-11,2016-02-10
10339,88264,2016-02-11,2017-02-10
10339,91312,2017-02-11,2018-02-10
10339,94838,2018-02-11,2019-02-10
10339,96793,2019-02-11,2020-02-10
10339,100025,2020-02-11,9999-01-01
10340,51573,1993-08-01,1994-07-31
10340,53496,1994-08-01,1995-07-31
10340,54749,1995-08-01,1996-07-31
10340,56373,1996-08-01,1997-07-31
10340,59297,1997-08-01,1998-07-31
10340,61829,1998-08-01,1999-07-31
10340,63898,1999-08-01,2000-07-31
10340,65932,2000-08-01,2001-07-31
10340,68469,2001-08-01,2002-07-31
10340,71354,2002-08-01,2003-07-31
10340,73194,2003-08-01,2004-07-31
10340,77542,2004-08-01,9999-01-01
10341,59939,2008-07-21,2009-07-20
10341,62233,2009-07-21,2010-07-20
10341,64708,2010-07-21,2011-07-20
10341,67530,2011-07-21,2012-07-20
10341,70979,2012-07-21,2013-07-20
10341,73760,2013-07-21,2014-07-20
10341,75417,2014-07-21,2015-07-20
10341,77587,2015-07-21,2016-07-20
10341,80587,2016-07-21,2017-07-20
10341,84892,2017-07-21,2018-07-20
10341,89626,2018-07-21,2019-07-20
10341,93510,2019-07-21,2020-07-20
10342,48174,1996-10-22,1997-10-21
10342,49722,1997-10-22,1998-10-21
10342,51037,1998-10-22,1999-10-21
10342,54048,1999-10-22,2000-10-21
10342,55481,2000-10-22,2001-10-21
10342,56763,2001-10-22,2002-10-21
10342,58852,2002-10-22,2003-10-21
10342,61373,2003-10-22,2004-10-21
10342,63017,2004-10-22,2005-10-21
10342,65314,2005-10-22,2006-10-21
10342,68541,2006-10-22,2007-10-21
10342,71355,2007-10-22,9999-01-01
10343,66303,2012-12-22,2013-12-21
10343,69339,2013-12-22,2014-07-10
10344,69751,2001-05-30,2002-05-29
10344,71966,2002-05-30,2003-05-29
10344,73324,2003-05-30,2004-05-29
10344,75339,2004-05-30,2005-05-29
10344,78094,2005-05-30,2006-05-29
10344,80398,2006-05-30,2007-05-29
10344,84655,2007-05-30,2008-05-29
10344,88785,2008-05-30,2009-05-29
10344,91034,2009-05-30,2010-05-29
10344,93399,2010-05-30,2011-05-29
10344,94928,2011-05-30,2012-05-29
10344,96355,2012-05-30,2013-05-29
10345,67437,2013-03-06,2014-03-05
10345,69996,2014-03-06,2015-03-05
10345,73019,2015-03-06,2016-03-05
10345,74352,2016-03-06,2016-07-01
10346,72075,2007-10-07,2008-10-06
10346,74549,2008-10-07,2009-10-06
10346,77910,2009-10-07,2010-10-06
10346,81086,2010-10-07,2011-10-06
10346,83908,2011-10-07,2012-10-06
10346,86455,2012-10-07,2013-10-06
10346,89332,2013-10-07,2014-10-06
10346,91613,2014-10-07,2015-10-06
10346,96864,2015-10-07,2016-10-06
10346,99185,2016-10-07,2017-10-06
10346,103404,2017-10-07,2018-10-06
10346,108739,2018-10-07,9999-01-01
10347,77332,2013-11-23,2014-11-22
10347,78623,2014-11-23,2015-11-22
10347,80166,2015-11-23,2016-11-22
10347,82254,2016-11-23,2017-11-22
10347,84349,2017-11-23,2018-11-22
10347,87589,2018-11-23,2019-11-22
10347,89555,2019-11-23,2020-11-22
10347,91201,2020-11-23,2021-11-22
10347,95131,2021-11-23,2022-11-22
10347,100346,2022-11-23,2023-11-22
10347,102244,2023-11-23,9999-01-01
10348,57577,2010-06-24,2011-06-23
10348,58825,2011-06-24,2012-06-23
10348,61650,2012-06-24,2013-06-23
10348,64572,2013-06-24,2014-06-23
10348,66707,2014-06-24,2015-06-23
10348,69392,2015-06-24,2016-06-23
10348,71983,2016-06-24,2017-06-23
10348,75471,2017-06-24,2018-06-23
10348,76935,2018-06-24,2019-06-23
10348,79807,2019-06-24,2020-06-23
10348,83748,2020-06-24,2021-06-23
10348,85432,2021-06-24,9999-01-01
10349,81852,1993-10-08,1994-10-07
10349,84259,1994-10-08,1995-10-07
10349,86436,1995-10-08,1996-10-07
10349,90506,1996-10-08,1997-10-07
10349,94094,1997-10-08,1998-10-07
10349,98835,1998-10-08,1999-10-07
10349,104228,1999-10-08,2000-10-07
10349,107740,2000-10-08,2001-10-07
10349,113875,2001-10-08,2002-10-07
10349,117509,2002-10-08,2003-10-07
10349,120563,2003-10-08,2004-10-07
10349,127433,2004-10-08,9999-01-01
10350,77319,2008-02-19,2009-02-18
10350,80236,2009-02-19,2010-02-18
10350,82028,2010-02-19,2011-02-18
10350,86019,2011-02-19,2012-02-18
10350,89751,2012-02-19,2013-02-18
10350,91125,2013-02-19,2014-02-18
10350,94948,2014-02-19,2015-02-18
10350,97901,2015-02-19,2016-02-18
10350,103071,2016-02-19,2017-02-18
10350,107181,2017-02-19,2018-02-18
10350,109841,2018-02-19,2019-02-18
10350,112042,2019-02-19,9999-01-01
10351,42739,1990-03-02,1991-03-01
10351,43638,1991-03-02,1992-03-01
10351,45376,1992-03-02,1993-03-01
10351,46944,1993-03-02,1994-03-01
10351,48859,1994-03-02,1995-03-01
10351,51712,1995-03-02,1996-03-01
10351,54054,1996-03-02,1997-03-01
10351,55124,1997-03-02,1998-03-01
10351,56193,1998-03-02,1999-03-01
10351,58718,1999-03-02,2000-03-01
10351,62008,2000-03-02,2001-03-01
10351,65527,2001-03-02,9999-01-01
10352,72294,1993-12-17,1994-12-16
10352,75575,1994-12-17,1995-12-16
10352,78288,1995-12-17,1996-12-16
10352,79646,1996-12-17,1997-12-16
10352,82718,1997-12-17,1998-12-16
10352,86437,1998-12-17,1999-12-16
10352,87940,1999-12-17,2000-12-16
10352,91201,2000-12-17,2001-12-16
10352,94787,2001-12-17,2002-12-16
10352,98201,2002-12-17,2003-12-16
10352,100667,2003-12-17,2004-12-16
10352,105646,2004-12-17,9999-01-01
10353,64957,2005-08-03,2006-08-02
10353,67786,2006-08-03,2007-08-02
10353,71529,2007-08-03,2008-08-02
10353,73398,2008-08-03,2009-08-02
10353,74940,2009-08-03,2010-08-02
10353,76870,2010-08-03,2011-08-02
10353,79044,2011-08-03,2012-08-02
10353,83297,2012-08-03,2013-08-02
10353,84774,2013-08-03,2014-08-02
10353,86566,2014-08-03,2015-08-02
10353,88541,2015-08-03,2016-08-02
10353,90474,2016-08-03,9999-01-01
10354,55119,2004-03-30,2005-03-29
10354,56935,2005-03-30,2006-03-29
10354,59842,2006-03-30,2007-03-29
10354,61126,2007-03-30,2008-03-29
10354,64295,2008-03-30,2009-03-29
10354,67451,2009-03-30,2010-03-29
10354,68801,2010-03-30,2011-03-29
10354,71406,2011-03-30,2012-03-29
10354,73470,2012-03-30,2013-03-29
10354,77492,2013-03-30,2014-03-29
10354,80752,2014-03-30,2015-03-29
10354,85052,2015-03-30,2016-03-29
10355,66107,2006-04-14,2007-04-13
10355,67461,2007-04-14,2008-04-13
10355,69841,2008-04-14,2009-04-13
10355,72416,2009-04-14,2010-04-13
10355,76165,2010-04-14,2011-04-13
10355,78028,2011-04-14,2012-04-13
10355,82293,2012-04-14,2013-04-13
10355,83971,2013-04-14,2014-04-13
10355,87479,2014-04-14,2015-04-13
10355,89553,2015-04-14,2016-04-13
10355,91628,2016-04-14,2017-04-13
10355,97051,2017-04-14,9999-01-01
10356,81628,2014-03-16,2015-03-15
10356,85638,2015-03-16,2016-03-15
10356,90616,2016-03-16,2017-03-15
10356,94872,2017-03-16,2018-03-15
10356,100546,2018-03-16,2019-03-15
10356,102246,2019-03-16,2020-03-15
10356,105268,2020-03-16,2020-09-21
10357,63898,2002-05-01,2003-04-30
10357,66127,2003-05-01,2004-04-30
10357,68933,2004-05-01,2005-04-30
10357,71491,2005-05-01,2006-04-30
10357,73326,2006-05-01,2007-04-30
10357,77484,2007-05-01,2008-04-30
10357,79050,2008-05-01,2009-04-30
10357,82261,2009-05-01,2010-04-30
10357,83743,2010-05-01,2011-04-30
10357,86105,2011-05-01,2012-04-30
10357,87540,2012-05-01,2013-04-30
10357,91464,2013-05-01,9999-01-01
10358,68482,2007-12-09,2008-12-08
10358,69964,2008-12-09,2009-12-08
10358,72689,2009-12-09,2010-12-08
10358,76981,2010-12-09,2011-12-08
10358,78771,2011-12-09,2012-12-08
10358,80359,2012-12-09,2013-12-08
10358,84497,2013-12-09,2014-12-08
10358,86198,2014-12-09,2015-12-08
10358,90710,2015-12-09,2016-12-08
10358,94511,2016-12-09,2017-12-08
10358,97792,2017-12-09,2018-12-08
10358,99801,2018-12-09,9999-01-01
10359,72777,2009-03-05,2010-03-04
10359,77138,2010-03-05,2011-03-04
10359,78550,2011-03-05,2012-03-04
10359,81834,2012-03-05,2013-03-04
10359,86663,2013-03-05,2014-03-04
10359,90796,2014-03-05,2015-03-04
10359,94200,2015-03-05,2016-03-04
10359,96305,2016-03-05,2017-03-04
10359,99784,2017-03-05,2018-03-04
10359,104288,2018-03-05,2019-03-04
10359,109696,2019-03-05,2020-03-04
10359,113479,2020-03-05,2021-03-04
10360,73334,2003-04-22,2004-04-21
10360,75249,2004-04-22,2005-04-21
10360,76739,2005-04-22,2006-04-21
10360,78960,2006-04-22,2007-04-21
10360,82001,2007-04-22,2008-04-21
10360,85185,2008-04-22,2009-04-21
10360,89405,2009-04-22,2010-04-21
10360,93994,2010-04-22,2011-04-21
10360,96383,2011-04-22,2012-04-21
10360,99569,2012-04-22,2013-04-21
10360,104821,2013-04-22,2014-04-21
10360,111075,2014-04-22,9999-01-01
10361,91766,2007-07-11,2008-07-10
10361,94391,2008-07-11,2009-07-10
10361,98722,2009-07-11,2010-07-10
10361,102649,2010-07-11,2011-07-10
10361,107174,2011-07-11,2012-07-10
10361,112820,2012-07-11,2013-07-10
10361,114856,2013-07-11,2014-07-10
10361,118017,2014-07-11,2015-07-10
10361,124393,2015-07-11,2016-07-10
10361,130411,2016-07-11,2017-07-10
10361,136829,2017-07-11,2018-07-10
10361,143133,2018-07-11,9999-01-01
10362,85705,1997-08-31,1998-08-30
10362,89979,1998-08-31,1999-08-30
10362,93363,1999-08-31,2000-08-30
10362,96433,2000-08-31,2001-08-30
10362,99124,2001-08-31,2002-08-30
10362,101328,2002-08-31,2003-08-30
10362,107133,2003-08-31,2004-08-30
10362,109426,2004-08-31,2005-08-30
10362,115287,2005-08-31,2006-08-30
10362,119861,2006-08-31,2007-08-30
10362,122926,2007-08-31,2008-08-30
10362,129678,2008-08-31,9999-01-01
10363,60756,2001-10-20,2002-10-19
10363,64169,2002-10-20,2003-10-19
10363,66444,2003-10-20,2004-10-19
10363,68756,2004-10-20,2005-10-19
10363,69979,2005-10-20,2006-10-19
10363,72822,2006-10-20,2007-10-19
10363,74699,2007-10-20,2008-10-19
10363,77811,2008-10-20,2009-10-19
10363,79332,2009-10-20,2010-10-19
10363,80884,2010-10-20,2011-10-19
10363,84227,2011-10-20,2012-10-19
10363,86113,2012-10-20,2013-10-19
10364,61958,2011-01-20,2012-01-19
10364,65424,2012-01-20,2013-01-19
10364,68392,2013-01-20,2014-01-19
10364,70657,2014-01-20,2015-01-19
10364,74336,2015-01-20,2016-01-19
10364,76833,2016-01-20,2017-01-19
10364,78612,2017-01-20,2018-01-19
10364,80488,2018-01-20,2018-04-18
10365,47192,2012-03-27,2013-03-26
10365,50009,2013-03-27,2014-03-26
10365,52565,2014-03-27,2015-03-26
10365,53807,2015-03-27,2016-03-26
10365,56691,2016-03-27,2017-03-26
10365,59002,2017-03-27,2018-03-26
10365,60482,2018-03-27,2019-03-26
10365,62140,2019-03-27,2020-03-26
10365,64267,2020-03-27,2021-03-26
10365,65924,2021-03-27,2022-03-26
10365,69857,2022-03-27,2023-03-26
10365,72997,2023-03-27,9999-01-01
10366,46328,2008-12-06,2009-12-05
10366,48904,2009-12-06,2010-12-05
10366,49729,2010-12-06,2011-12-05
10366,50685,2011-12-06,2012-12-05
10366,51764,2012-12-06,2013-12-05
10366,53035,2013-12-06,2014-12-05
10366,55490,2014-12-06,2015-12-05
10366,56658,2015-12-06,2016-12-05
10366,59591,2016-12-06,2017-12-05
10366,62582,2017-12-06,2018-12-05
10366,65795,2018-12-06,2019-12-05
10366,69647,2019-12-06,9999-01-01
10367,52522,2014-02-27,2015-02-26
10367,53814,2015-02-27,2016-02-26
10367,55478,2016-02-27,2017-02-26
10367,57857,2017-02-27,2018-02-26
10367,60627,2018-02-27,2019-02-26
10367,62410,2019-02-27,2020-02-26
10367,64593,2020-02-27,2021-02-26
10367,66461,2021-02-27,2022-02-26
10367,67905,2022-02-27,2023-02-26
10367,69565,2023-02-27,9999-01-01
10368,54984,2000-10-06,2001-10-05
10368,57959,2001-10-06,2002-10-05
10368,58977,2002-10-06,2003-10-05
10368,61426,2003-10-06,2004-10-05
10368,64937,2004-10-06,2005-10-05
10368,68029,2005-10-06,2006-10-05
10368,70894,2006-10-06,2007-10-05
10368,72289,2007-10-06,2008-10-05
10368,73918,2008-10-06,2009-10-05
10368,78244,2009-10-06,2010-10-05
10368,80607,2010-10-06,2011-10-05
10368,83343,2011-10-06,2012-10-05
10369,56872,1990-03-16,1991-03-15
10369,59706,1991-03-16,1992-03-15
10369,62659,1992-03-16,1993-03-15
10369,65270,1993-03-16,1994-03-15
10369,69158,1994-03-16,1995-03-15
10369,70570,1995-03-16,1996-03-15
10369,74088,1996-03-16,1997-03-15
10369,76626,1997-03-16,1998-03-15
10369,78820,1998-03-16,1999-03-15
10369,81337,1999-03-16,2000-03-15
10369,83104,2000-03-16,2001-03-15
10369,87148,2001-03-16,9999-01-01
10370,73496,2011-06-03,2012-06-02
10370,76516,2012-06-03,2013-06-02
10370,79869,2013-06-03,2014-06-02
10370,83496,2014-06-03,2015-06-02
10370,86961,2015-06-03,2016-06-02
10370,88480,2016-06-03,2017-06-02
10370,91698,2017-06-03,2018-06-02
10370,96272,2018-06-03,2019-06-02
10370,99902,2019-06-03,2020-06-02
10370,105140,2020-06-03,2021-06-02
10370,109894,2021-06-03,2022-06-02
10370,111812,2022-06-03,9999-01-01
10371,71817,2013-03-17,2014-03-16
10371,73721,2014-03-17,2015-03-16
10371,75614,2015-03-17,2016-03-16
10371,77057,2016-03-17,2017-03-16
10371,81498,2017-03-17,2018-03-16
10371,84224,2018-03-17,2019-03-16
10371,88578,2019-03-17,2020-03-16
10371,92514,2020-03-17,2021-03-16
10371,95043,2021-03-17,2022-03-16
10371,100259,2022-03-17,2023-03-16
10371,105820,2023-03-17,9999-01-01
10372,79399,1994-01-09,1995-01-08
10372,83572,1995-01-09,1996-01-08
10372,86025,1996-01-09,1997-01-08
10372,89500,1997-01-09,1998-01-08
10372,93773,1998-01-09,1999-01-08
10372,97689,1999-01-09,2000-01-08
10372,100032,2000-01-09,2001-01-08
10372,104573,2001-01-09,2002-01-08
10372,109310,2002-01-09,2003-01-08
10372,111570,2003-01-09,2004-01-08
10372,115629,2004-01-09,2005-01-08
10372,121259,2005-01-09,9999-01-01
10373,66278,1999-05-10,2000-05-09
10373,68685,2000-05-10,2001-05-09
10373,72444,2001-05-10,2002-05-09
10373,75726,2002-05-10,2003-05-09
10373,78369,2003-05-10,2004-05-09
10373,80936,2004-05-10,2005-05-09
10373,82655,2005-05-10,2006-05-09
10373,87035,2006-05-10,2007-05-09
10373,91969,2007-05-10,2008-05-09
10373,93662,2008-05-10,2009-05-09
10373,96296,2009-05-10,2010-05-09
10373,98281,2010-05-10,9999-01-01
10374,69671,1996-04-20,1997-04-19
10374,71684,1997-04-20,1998-04-19
10374,73632,1998-04-20,1999-04-19
10374,76399,1999-04-20,2000-04-19
10374,78654,2000-04-20,2001-04-19
10374,80194,2001-04-20,2002-04-19
10374,83061,2002-04-20,2003-04-19
10374,86788,2003-04-20,2004-04-19
10374,90109,2004-04-20,2005-04-19
10374,94727,2005-04-20,2006-04-19
10374,96278,2006-04-20,2007-04-19
10374,100367,2007-04-20,2008-04-19
10375,74042,2009-11-07,2010-11-06
10375,75278,2010-11-07,2011-11-06
10375,76971,2011-11-07,2012-11-06
10375,78896,2012-11-07,2013-11-06
10375,82271,2013-11-07,2014-11-06
10375,86369,2014-11-07,2015-11-06
10375,91292,2015-11-07,2016-11-06
10375,93320,2016-11-07,2017-11-06
10375,96919,2017-11-07,2018-11-06
10375,98748,2018-11-07,2019-11-06
10375,102702,2019-11-07,2020-11-06
10375,105260,2020-11-07,9999-01-01
10376,79881,1998-08-11,1999-08-10
10376,83496,1999-08-11,2000-08-10
10376,87632,2000-08-11,2001-08-10
10376,92666,2001-08-11,2002-08-10
10376,94405,2002-08-11,2003-08-10
10376,96591,2003-08-11,2004-08-10
10376,102100,2004-08-11,2005-08-10
10376,107469,2005-08-11,2006-08-10
10376,109888,2006-08-11,2007-08-10
10376,114489,2007-08-11,2008-08-10
10376,118235,2008-08-11,2009-08-10
10376,121983,2009-08-11,9999-01-01
10377,57621,2010-04-17,2011-04-16
10377,59084,2011-04-17,2012-04-16
10377,60354,2012-04-17,2013-04-16
10377,63503,2013-04-17,2014-04-16
10377,65969,2014-04-17,2015-04-16
10377,68566,2015-04-17,2016-04-16
10377,69693,2016-04-17,2017-04-16
10377,71054,2017-04-17,2018-04-16
10377,72355,2018-04-17,2019-04-16
10377,75187,2019-04-17,2020-04-16
10377,78442,2020-04-17,2021-04-16
10377,81075,2021-04-17,9999-01-01
10378,86242,1998-12-08,1999-12-07
10378,87565,1999-12-08,2000-12-07
10378,92757,2000-12-08,2001-12-07
10378,97110,2001-12-08,2002-12-07
10378,99242,2002-12-08,2003-12-07
10378,105086,2003-12-08,2004-12-07
10378,111386,2004-12-08,2005-12-07
10378,115788,2005-12-08,2006-12-07
10378,119350,2006-12-08,2007-12-07
10378,122808,2007-12-08,2008-12-07
10378,126423,2008-12-08,2009-12-07
10378,133305,2009-12-08,9999-01-01
10379,47178,2011-08-09,2012-08-08
10379,48688,2012-08-09,2013-08-08
10379,51404,2013-08-09,2014-08-08
10379,53361,2014-08-09,2015-08-08
10379,56001,2015-08-09,2016-08-08
10379,57443,2016-08-09,2017-08-08
10379,60785,2017-08-09,2018-08-08
10379,63819,2018-08-09,2019-08-08
10379,66493,2019-08-09,2020-08-08
10379,68200,2020-08-09,2021-08-08
10379,70733,2021-08-09,2022-08-08
10379,74965,2022-08-09,9999-01-01
10380,72707,1998-10-04,1999-10-03
10380,75903,1999-10-04,2000-10-03
10380,79830,2000-10-04,2001-10-03
10380,82670,2001-10-04,2002-10-03
10380,84751,2002-10-04,2003-10-03
10380,86866,2003-10-04,2004-10-03
10380,90824,2004-10-04,2005-10-03
10380,94930,2005-10-04,2006-10-03
10380,96734,2006-10-04,2007-10-03
10380,98798,2007-10-04,2008-10-03
10380,104073,2008-10-04,2009-10-03
10380,107442,2009-10-04,9999-01-01
10381,80141,1993-04-25,1994-04-24
10381,82010,1994-04-25,1995-04-24
10381,85044,1995-04-25,1996-04-24
10381,88049,1996-04-25,1997-04-24
10381,89873,1997-04-25,1998-04-24
10381,93032,1998-04-25,1999-04-24
10381,96552,1999-04-25,2000-04-24
10381,98943,2000-04-25,2001-04-24
10381,101712,2001-04-25,2002-04-24
10381,107115,2002-04-25,2003-04-24
10381,110622,2003-04-25,2004-04-24
10381,113827,2004-04-25,9999-01-01
10382,47916,1999-03-29,2000-03-28
10382,50641,2000-03-29,2001-03-28
10382,51926,2001-03-29,2002-03-28
10382,53567,2002-03-29,2003-03-28
10382,55613,2003-03-29,2004-03-28
10382,58220,2004-03-29,2005-03-28
10382,59134,2005-03-29,2006-03-28
10382,62222,2006-03-29,2007-03-28
10382,65530,2007-03-29,2008-03-28
10382,66769,2008-03-29,2009-03-28
10382,70141,2009-03-29,2010-03-28
10382,72672,2010-03-29,9999-01-01
10383,71934,2014-09-29,2015-09-28
10383,75563,2015-09-29,2016-09-28
10383,77770,2016-09-29,2017-09-28
10383,82341,2017-09-29,2018-09-28
10383,86665,2018-09-29,2019-09-28
10383,90960,2019-09-29,2020-09-28
10383,95629,2020-09-29,2021-09-28
10383,100579,2021-09-29,2022-09-28
10383,105476,2022-09-29,2023-09-28
10383,109728,2023-09-29,2024-08-11
10384,61649,2003-08-02,2004-08-01
10384,64806,2004-08-02,2005-08-01
10384,67066,2005-08-02,2006-08-01
10384,69451,2006-08-02,2007-08-01
10384,72572,2007-08-02,2008-08-01
10384,74113,2008-08-02,2009-08-01
10384,75417,2009-08-02,2010-08-01
10384,76988,2010-08-02,2011-08-01
10384,78643,2011-08-02,2012-08-01
10384,82835,2012-08-02,2013-01-31
10385,63932,2000-04-24,2001-04-23
10385,66717,2001-04-24,2002-04-23
10385,69259,2002-04-24,2003-04-23
10385,73366,2003-04-24,2004-04-23
10385,74523,2004-04-24,2005-04-23
10385,76960,2005-04-24,2006-04-23
10385,79785,2006-04-24,2007-04-23
10385,82806,2007-04-24,2008-04-23
10385,87381,2008-04-24,2009-04-23
10385,88839,2009-04-24,2010-04-23
10385,90599,2010-04-24,2011-04-23
10385,92221,2011-04-24,2011-07-25
10386,69452,2007-09-03,2008-09-02
10386,72145,2008-09-03,2009-09-02
10386,75527,2009-09-03,2010-09-02
10386,78645,2010-09-03,2011-09-02
10386,80889,2011-09-03,2012-09-02
10386,83792,2012-09-03,2013-09-02
10386,87567,2013-09-03,2014-09-02
10386,91947,2014-09-03,2015-09-02
10386,95644,2015-09-03,2016-09-02
10386,100113,2016-09-03,2017-09-02
10386,103582,2017-09-03,2018-09-02
10386,106827,2018-09-03,9999-01-01
10387,53431,2006-05-20,2007-05-19
10387,55568,2007-05-20,2008-05-19
10387,57053,2008-05-20,2009-05-19
10387,58349,2009-05-20,2010-05-19
10387,61692,2010-05-20,2011-05-19
10387,65030,2011-05-20,2012-05-19
10387,67437,2012-05-20,2012-11-14
10388,64605,2011-06-25,2012-06-24
10388,68459,2012-06-25,2013-06-24
10388,70162,2013-06-25,2014-06-24
10388,71779,2014-06-25,2015-06-24
10388,74828,2015-06-25,2016-06-24
10388,76310,2016-06-25,2017-06-24
10388,80048,2017-06-25,2018-06-24
10388,82598,2018-06-25,2019-06-24
10388,86918,2019-06-25,2020-06-24
10388,89539,2020-06-25,2021-06-24
10388,93776,2021-06-25,2022-06-24
10388,95973,2022-06-25,9999-01-01
10389,70799,1994-11-21,1995-11-20
10389,72523,1995-11-21,1996-11-20
10389,76760,1996-11-21,1997-11-20
10389,79426,1997-11-21,1998-11-20
10389,81238,1998-11-21,1999-11-20
10389,85102,1999-11-21,2000-11-20
10389,88215,2000-11-21,2001-11-20
10389,92338,2001-11-21,2002-11-20
10389,95530,2002-11-21,2003-11-20
10389,97118,2003-11-21,2004-11-20
10389,98677,2004-11-21,2005-11-20
10389,100508,2005-11-21,9999-01-01
10390,48731,2007-09-25,2008-09-24
10390,50220,2008-09-25,2009-09-24
10390,51077,2009-09-25,2010-09-24
10390,52148,2010-09-25,2011-09-24
10390,55097,2011-09-25,2012-09-24
10390,56159,2012-09-25,2013-09-24
10390,57615,2013-09-25,2014-09-24
10390,60428,2014-09-25,2015-09-24
10390,63185,2015-09-25,2016-09-24
10390,65833,2016-09-25,2017-09-24
10390,68956,2017-09-25,2018-09-24
10390,72229,2018-09-25,9999-01-01
10391,74483,2000-11-23,2001-11-22
10391,77306,2001-11-23,2002-11-22
10391,79312,2002-11-23,2003-11-22
10391,81547,2003-11-23,2004-11-22
10391,84615,2004-11-23,2005-11-22
10391,89631,2005-11-23,2006-11-22
10391,92690,2006-11-23,2007-11-22
10391,96149,2007-11-23,2008-11-22
10391,99895,2008-11-23,2009-11-22
10391,105262,2009-11-23,2010-11-22
10391,108053,2010-11-23,2011-11-22
10391,113457,2011-11-23,9999-01-01
10392,69847,2014-11-30,2015-11-29
10392,72309,2015-11-30,2016-11-29
10392,75088,2016-11-30,2017-11-29
10392,79226,2017-11-30,2018-11-29
10392,82889,2018-11-30,2019-11-29
10392,86963,2019-11-30,2020-11-29
10392,89494,2020-11-30,2021-11-29
10392,93968,2021-11-30,2022-11-29
10392,96416,2022-11-30,2023-11-29
10392,98730,2023-11-30,9999-01-01
10393,74278,1995-11-05,1996-11-04
10393,78568,1996-11-05,1997-11-04
10393,81840,1997-11-05,1998-11-04
10393,83979,1998-11-05,1999-11-04
10393,88974,1999-11-05,2000-11-04
10393,93947,2000-11-05,2001-11-04
10393,95467,2001-11-05,2002-11-04
10393,97550,2002-11-05,2003-11-04
10393,102504,2003-11-05,2004-11-04
10393,105873,2004-11-05,2005-11-04
10393,108194,2005-11-05,2006-11-04
10393,113597,2006-11-05,2007-11-04
10394,71242,2005-06-30,2006-06-29
10394,73050,2006-06-30,2007-06-29
10394,76989,2007-06-30,2008-06-29
10394,80722,2008-06-30,2009-06-29
10394,85511,2009-06-30,2009-11-29
10395,84344,1993-06-21,1994-06-20
10395,88358,1994-06-21,1995-06-20
10395,90871,1995-06-21,1996-06-20
10395,94110,1996-06-21,1997-06-20
10395,96472,1997-06-21,1998-06-20
10395,101504,1998-06-21,1999-06-20
10395,105393,1999-06-21,2000-06-20
10395,109460,2000-06-21,2001-06-20
10395,111914,2001-06-21,2002-06-20
10395,117803,2002-06-21,2003-06-20
10395,120225,2003-06-21,2004-06-20
10395,124973,2004-06-21,9999-01-01
10396,80311,1996-05-07,1997-05-06
10396,82297,1997-05-07,1998-05-06
10396,86390,1998-05-07,1999-05-06
10396,88189,1999-05-07,2000-05-06
10396,92348,2000-05-07,2001-05-06
10396,94607,2001-05-07,2002-05-06
10396,99766,2002-05-07,2003-05-06
10396,103845,2003-05-07,2004-05-06
10396,106384,2004-05-07,2005-05-06
10396,109894,2005-05-07,2006-05-06
10396,112669,2006-05-07,2007-05-06
10396,116269,2007-05-07,9999-01-01
10397,52728,2011-05-05,2012-05-04
10397,54455,2012-05-05,2013-05-04
10397,55618,2013-05-05,2014-05-04
10397,57793,2014-05-05,2015-05-04
10397,60116,2015-05-05,2016-05-04
10397,63421,2016-05-05,2017-05-04
10397,66559,2017-05-05,2018-05-04
10397,68603,2018-05-05,2019-05-04
10397,72004,2019-05-05,2020-05-04
10397,75610,2020-05-05,2021-05-04
10397,77960,2021-05-05,2022-05-04
10397,81632,2022-05-05,9999-01-01
10398,65373,2012-05-19,2013-05-18
10398,67028,2013-05-19,2014-05-18
10398,69255,2014-05-19,2015-05-18
10398,72510,2015-05-19,2016-05-18
10398,75409,2016-05-19,2017-05-18
10398,78218,2017-05-19,2018-05-18
10398,82008,2018-05-19,2019-05-18
10398,84179,2019-05-19,2020-05-18
10398,88211,2020-05-19,2021-05-18
10398,92049,2021-05-19,2022-05-18
10398,93430,2022-05-19,2023-05-18
10398,95789,2023-05-19,9999-01-01
10399,65747,2014-04-02,2015-04-01
10399,68236,2015-04-02,2016-04-01
10399,70899,2016-04-02,2017-04-01
10399,74762,2017-04-02,2018-04-01
10399,78603,2018-04-02,2019-04-01
10399,83164,2019-04-02,2020-04-01
10399,87614,2020-04-02,2021-04-01
10399,91315,2021-04-02,2022-04-01
10399,95650,2022-04-02,2023-04-01
10399,97216,2023-04-02,9999-01-01
10400,47074,2009-01-21,2010-01-20
10400,48083,2010-01-21,2011-01-20
10400,49680,2011-01-21,2012-01-20
10400,50759,2012-01-21,2013-01-20
10400,52298,2013-01-21,2014-01-20
10400,53375,2014-01-21,2015-01-20
10400,55735,2015-01-21,2016-01-20
10400,58462,2016-01-21,2017-01-20
10400,60824,2017-01-21,2018-01-20
10400,61929,2018-01-21,2019-01-20
10400,63446,2019-01-21,2020-01-20
10400,65721,2020-01-21,9999-01-01
10401,54743,2001-12-24,2002-12-23
10401,57923,2002-12-24,2003-12-23
10401,59736,2003-12-24,2004-12-23
10401,61130,2004-12-24,2005-12-23
10401,62837,2005-12-24,2006-12-23
10401,65937,2006-12-24,2007-12-23
10401,68123,2007-12-24,2008-12-23
10401,69613,2008-12-24,2009-12-23
10401,71593,2009-12-24,2010-12-23
10401,74096,2010-12-24,2011-12-23
10401,78086,2011-12-24,2012-12-23
10401,81891,2012-12-24,9999-01-01
10402,50008,2008-05-10,2009-05-09
10402,50880,2009-05-10,2010-05-09
10402,52539,2010-05-10,2011-05-09
10402,54463,2011-05-10,2012-05-09
10402,57274,2012-05-10,2013-05-09
10402,58268,2013-05-10,2014-05-09
10402,59455,2014-05-10,2015-05-09
10402,62541,2015-05-10,2016-05-09
10402,65143,2016-05-10,2017-05-09
10402,68440,2017-05-10,2018-05-09
10402,69972,2018-05-10,2019-05-09
10402,71403,2019-05-10,9999-01-01
10403,56806,2002-03-06,2003-03-05
10403,59936,2003-03-06,2004-03-05
10403,63362,2004-03-06,2005-03-05
10403,65547,2005-03-06,2006-03-05
10403,68612,2006-03-06,2007-03-05
10403,71057,2007-03-06,2008-03-05
10403,73811,2008-03-06,2009-03-05
10403,77463,2009-03-06,2010-03-05
10403,80685,2010-03-06,2011-03-05
10403,83320,2011-03-06,2012-03-05
10403,85673,2012-03-06,2013-03-05
10403,90603,2013-03-06,9999-01-01
10404,76682,2001-10-14,2002-10-13
10404,78953,2002-10-14,2003-10-13
10404,81974,2003-10-14,2004-10-13
10404,86529,2004-10-14,2005-10-13
10404,88773,2005-10-14,2006-04-29
10405,58766,1992-08-18,1993-08-17
10405,61342,1993-08-18,1994-08-17
10405,62643,1994-08-18,1995-08-17
10405,65839,1995-08-18,1996-08-17
10405,68774,1996-08-18,1997-08-17
10405,72107,1997-08-18,1998-08-17
10405,75917,1998-08-18,1999-08-17
10405,78884,1999-08-18,2000-08-17
10405,83147,2000-08-18,2001-08-17
10405,86636,2001-08-18,2002-08-17
10405,88383,2002-08-18,2003-08-17
10405,92722,2003-08-18,9999-01-01
10406,55544,2004-10-05,2005-10-04
10406,58028,2005-10-05,2006-10-04
10406,60963,2006-10-05,2007-10-04
10406,64129,2007-10-05,2008-10-04
10406,66975,2008-10-05,2009-10-04
10406,68255,2009-10-05,2010-10-04
10406,69668,2010-10-05,2011-10-04
10406,71349,2011-10-05,2012-10-04
10406,74250,2012-10-05,2013-10-04
10406,75780,2013-10-05,2014-10-04
10406,80066,2014-10-05,2015-10-04
10406,82890,2015-10-05,9999-01-01
10407,49776,2013-03-29,2014-03-28
10407,52210,2014-03-29,2015-03-28
10407,54835,2015-03-29,2016-03-28
10407,57752,2016-03-29,2017-03-28
10407,60943,2017-03-29,2018-03-28
10407,61997,2018-03-29,2019-03-28
10407,64008,2019-03-29,2020-03-28
10407,67611,2020-03-29,2021-03-28
10407,70928,2021-03-29,2022-03-28
10407,73758,2022-03-29,2023-03-28
10407,77662,2023-03-29,2023-09-17
10408,59172,1994-07-16,1995-07-15
10408,62364,1995-07-16,1996-07-15
10408,65600,1996-07-16,1997-07-15
10408,68060,1997-07-16,1998-07-15
10408,69161,1998-07-16,1999-07-15
10408,70527,1999-07-16,2000-07-15
10408,74277,2000-07-16,2001-07-15
10408,77938,2001-07-16,2002-07-15
10408,82581,2002-07-16,2003-07-15
10408,87475,2003-07-16,2004-07-15
10408,89014,2004-07-16,2005-07-15
10408,91548,2005-07-16,2006-07-15
10409,59530,2004-11-13,2005-11-12
10409,62434,2005-11-13,2006-11-12
10409,64066,2006-11-13,2007-11-12
10409,65429,2007-11-13,2008-11-12
10409,67998,2008-11-13,2009-11-12
10409,71411,2009-11-13,2010-11-12
10409,73529,2010-11-13,2011-11-12
10409,74659,2011-11-13,2012-11-12
10409,78392,2012-11-13,2013-11-12
10409,81423,2013-11-13,2014-11-12
10409,85862,2014-11-13,2015-11-12
10409,90142,2015-11-13,9999-01-01
10410,60945,1993-02-08,1994-02-07
10410,62907,1994-02-08,1995-02-07
10410,66601,1995-02-08,1996-02-07
10410,69653,1996-02-08,1997-02-07
10410,71975,1997-02-08,1998-02-07
10410,73752,1998-02-08,1999-02-07
10410,77491,1999-02-08,2000-02-07
10410,81052,2000-02-08,2001-02-07
10410,85706,2001-02-08,2002-02-07
10410,89328,2002-02-08,2003-02-07
10410,93110,2003-02-08,2004-02-07
10410,96108,2004-02-08,9999-01-01
10411,84858,1994-11-19,1995-11-18
10411,86410,1995-11-19,1996-11-18
10411,88759,1996-11-19,1997-11-18
10411,92135,1997-11-19,1998-11-18
10411,94536,1998-11-19,1999-11-18
10411,99963,1999-11-19,2000-11-18
10411,103233,2000-11-19,2001-11-18
10411,109073,2001-11-19,2002-11-18
10411,113694,2002-11-19,2003-11-18
10411,117135,2003-11-19,2004-11-18
10411,120083,2004-11-19,2005-11-18
10411,127260,2005-11-19,2006-11-18
10412,58018,1992-12-29,1993-12-28
10412,60875,1993-12-29,1994-12-28
10412,63575,1994-12-29,1995-12-28
10412,67336,1995-12-29,1996-12-28
10412,68866,1996-12-29,1997-12-28
10412,71617,1997-12-29,1998-12-28
10412,74211,1998-12-29,1999-12-28
10412,76524,1999-12-29,2000-12-28
10412,80313,2000-12-29,2001-12-28
10412,85109,2001-12-29,2002-12-28
10412,88263,2002-12-29,2003-12-28
10412,91203,2003-12-29,9999-01-01
10413,50622,2009-11-04,2010-11-03
10413,52884,2010-11-04,2011-11-03
10413,55827,2011-11-04,2012-11-03
10413,57844,2012-11-04,2013-11-03
10413,59375,2013-11-04,2014-11-03
10413,62407,2014-11-04,2015-11-03
10413,65514,2015-11-04,2016-11-03
10413,66813,2016-11-04,2017-03-25
10414,59768,1998-06-05,1999-06-04
10414,60840,1999-06-05,2000-06-04
10414,63236,2000-06-05,2001-06-04
10414,65680,2001-06-05,2002-06-04
10414,69474,2002-06-05,2003-06-04
10414,71739,2003-06-05,2004-06-04
10414,73972,2004-06-05,2005-06-04
10414,76372,2005-06-05,2006-06-04
10414,77884,2006-06-05,2007-06-04
10414,81214,2007-06-05,2008-06-04
10414,84190,2008-06-05,2009-06-04
10414,89004,2009-06-05,9999-01-01
10415,64453,1990-10-13,1991-10-12
10415,65578,1991-10-13,1992-10-12
10415,66801,1992-10-13,1993-10-12
10415,68233,1993-10-13,1994-10-12
10415,72116,1994-10-13,1995-10-12
10415,73834,1995-10-13,1996-10-12
10415,77197,1996-10-13,1997-10-12
10415,80166,1997-10-13,1998-10-12
10415,82907,1998-10-13,1999-10-12
10415,85823,1999-10-13,2000-10-12
10415,87604,2000-10-13,2001-10-12
10415,91481,2001-10-13,9999-01-01
10416,44559,2009-11-02,2010-11-01
10416,45938,2010-11-02,2011-11-01
10416,47095,2011-11-02,2012-11-01
10416,48226,2012-11-02,2013-11-01
10416,50244,2013-11-02,2014-11-01
10416,51379,2014-11-02,2015-11-01
10416,52941,2015-11-02,2016-11-01
10416,55262,2016-11-02,2017-11-01
10416,57669,2017-11-02,2018-11-01
10416,59586,2018-11-02,2019-11-01
10416,60635,2019-11-02,2020-11-01
10416,61969,2020-11-02,9999-01-01
10417,42610,1996-12-08,1997-12-07
10417,44527,1997-12-08,1998-12-07
10417,45813,1998-12-08,1999-12-07
10417,46848,1999-12-08,2000-12-07
10417,48004,2000-12-08,2001-12-07
10417,50742,2001-12-08,2002-12-07
10417,53748,2002-12-08,2003-12-07
10417,54907,2003-12-08,2004-12-07
10417,57456,2004-12-08,2005-12-07
10417,60470,2005-12-08,2006-12-07
10417,63219,2006-12-08,2007-12-07
10417,64513,2007-12-08,9999-01-01
10418,57924,2006-02-18,2007-02-17
10418,60104,2007-02-18,2008-02-17
10418,61321,2008-02-18,2009-02-17
10418,64791,2009-02-18,2010-02-17
10418,66109,2010-02-18,2011-02-17
10418,69198,2011-02-18,2012-02-17
10418,72266,2012-02-18,2013-02-17
10418,74927,2013-02-18,2014-02-17
10418,77437,2014-02-18,2015-02-17
10418,79338,2015-02-18,2016-02-17
10418,80847,2016-02-18,2017-02-17
10418,84029,2017-02-18,2018-02-17
10419,64261,2013-01-05,2014-01-04
10419,65975,2014-01-05,2015-01-04
10419,68742,2015-01-05,2016-01-04
10419,71537,2016-01-05,2017-01-04
10419,74727,2017-01-05,2018-01-04
10419,76534,2018-01-05,2019-01-04
10419,81033,2019-01-05,2020-01-04
10419,84475,2020-01-05,2021-01-04
10419,86312,2021-01-05,2022-01-04
10419,87626,2022-01-05,2023-01-04
10419,91179,2023-01-05,9999-01-01
10420,61981,1995-06-21,1996-06-20
10420,64277,1996-06-21,1997-06-20
10420,67678,1997-06-21,1998-06-20
10420,70783,1998-06-21,1999-06-20
10420,72898,1999-06-21,2000-06-20
10420,75939,2000-06-21,2001-06-20
10420,77958,2001-06-21,2002-06-20
10420,79850,2002-06-21,2003-06-20
10420,82548,2003-06-21,2004-06-20
10420,85294,2004-06-21,2005-06-20
10420,86652,2005-06-21,2006-06-20
10420,89866,2006-06-21,2007-06-20
10421,68437,2000-03-26,2001-03-25
10421,70784,2001-03-26,2002-03-25
10421,73524,2002-03-26,2003-03-25
10421,76606,2003-03-26,2004-03-25
10421,78566,2004-03-26,2005-03-25
10421,79821,2005-03-26,2006-03-25
10421,81886,2006-03-26,2007-03-25
10421,83353,2007-03-26,2008-03-25
10421,86570,2008-03-26,2009-03-25
10421,88405,2009-03-26,2010-03-25
10421,90767,2010-03-26,2011-03-25
10421,93472,2011-03-26,9999-01-01
10422,91084,2009-11-01,2010-10-31
10422,96182,2010-11-01,2011-10-31
10422,98744,2011-11-01,2012-10-31
10422,104478,2012-11-01,2013-10-31
10422,107204,2013-11-01,2014-10-31
10422,113155,2014-11-01,2015-10-31
10422,118663,2015-11-01,2016-10-31
10422,120724,2016-11-01,2017-10-31
10422,126563,2017-11-01,2018-10-31
10422,133891,2018-11-01,2019-10-31
10422,141764,2019-11-01,2020-10-31
10422,148580,2020-11-01,9999-01-01
10423,62723,2006-08-18,2007-08-17
10423,63766,2007-08-18,2008-08-17
10423,66065,2008-08-18,2009-08-17
10423,69434,2009-08-18,2010-08-17
10423,73254,2010-08-18,2011-08-17
10423,76937,2011-08-18,2012-08-17
10423,81009,2012-08-18,2013-08-17
10423,83372,2013-08-18,2014-08-17
10423,85847,2014-08-18,2015-08-17
10423,88061,2015-08-18,2016-08-17
10423,92099,2016-08-18,2017-08-17
10423,97229,2017-08-18,9999-01-01
10424,64946,2007-03-17,2008-03-16
10424,68073,2008-03-17,2009-03-16
10424,69423,2009-03-17,2010-03-16
10424,71847,2010-03-17,2011-03-16
10424,75985,2011-03-17,2012-03-16
10424,79652,2012-03-17,2013-03-16
10424,83506,2013-03-17,2014-03-16
10424,87832,2014-03-17,2015-03-16
10424,89638,2015-03-17,2016-03-16
10424,93477,2016-03-17,2017-03-16
10424,96560,2017-03-17,2018-03-16
10424,100547,2018-03-17,9999-01-01
10425,45903,2000-12-08,2001-12-07
10425,48488,2001-12-08,2002-12-07
10425,50793,2002-12-08,2003-12-07
10425,53303,2003-12-08,2004-12-07
10425,54248,2004-12-08,2005-12-07
10425,56101,2005-12-08,2006-12-07
10425,57424,2006-12-08,2007-12-07
10425,60664,2007-12-08,2008-12-07
10425,63906,2008-12-08,2009-12-07
10425,66361,2009-12-08,2010-09-16
10426,66488,1993-04-11,1994-04-10
10426,68173,1994-04-11,1995-04-10
10426,71384,1995-04-11,1996-04-10
10426,72599,1996-04-11,1997-04-10
10426,76940,1997-04-11,1998-04-10
10426,80634,1998-04-11,1999-04-10
10426,82095,1999-04-11,2000-04-10
10426,83982,2000-04-11,2001-04-10
10426,86542,2001-04-11,2001-10-01
10427,77509,2013-03-12,2014-03-11
10427,79114,2014-03-12,2015-03-11
10427,81316,2015-03-12,2016-03-11
10427,82781,2016-03-12,2017-03-11
10427,86173,2017-03-12,2018-03-11
10427,89886,2018-03-12,2019-03-11
10427,95184,2019-03-12,2020-03-11
10427,98179,2020-03-12,2021-03-11
10427,103110,2021-03-12,2022-03-11
10427,106392,2022-03-12,2023-03-11
10427,110181,2023-03-12,9999-01-01
10428,52759,1996-06-26,1997-06-25
10428,55816,1997-06-26,1998-06-25
10428,59013,1998-06-26,1999-06-25
10428,60213,1999-06-26,2000-06-25
10428,61211,2000-06-26,2001-06-25
10428,64663,2001-06-26,2002-06-25
10428,67739,2002-06-26,2003-06-25
10428,69072,2003-06-26,2004-06-25
10428,72381,2004-06-26,2005-06-25
10428,74403,2005-06-26,2006-06-25
10428,75582,2006-06-26,2007-06-25
10428,78854,2007-06-26,9999-01-01
10429,58456,2011-05-05,2012-05-04
10429,60678,2012-05-05,2013-05-04
10429,64089,2013-05-05,2014-05-04
10429,66539,2014-05-05,2015-05-04
10429,67979,2015-05-05,2016-05-04
10429,71874,2016-05-05,2017-05-04
10429,74067,2017-05-05,2018-05-04
10429,76299,2018-05-05,2019-05-04
10429,80085,2019-05-05,2020-05-04
10429,81710,2020-05-05,2021-05-04
10429,84743,2021-05-05,2022-05-04
10429,86803,2022-05-05,9999-01-01
10430,88626,2010-02-01,2011-01-31
10430,91763,2011-02-01,2012-01-31
10430,93297,2012-02-01,2013-01-31
10430,94731,2013-02-01,2014-01-31
10430,100093,2014-02-01,2015-01-31
10430,102212,2015-02-01,2016-01-31
10430,107671,2016-02-01,2017-01-31
10430,112153,2017-02-01,2018-01-31
10430,118460,2018-02-01,2019-01-31
10430,123932,2019-02-01,2020-01-31
10430,127771,2020-02-01,2021-01-31
10430,133061,2021-02-01,9999-01-01
10431,77459,1994-06-03,1995-06-02
10431,80544,1995-06-03,1996-06-02
10431,84606,1996-06-03,1997-06-02
10431,86507,1997-06-03,1998-06-02
10431,91182,1998-06-03,1999-06-02
10431,93158,1999-06-03,2000-06-02
10431,96783,2000-06-03,2001-06-02
10431,101762,2001-06-03,2002-06-02
10431,104958,2002-06-03,2003-06-02
10431,108649,2003-06-03,2004-06-02
10431,112905,2004-06-03,2005-06-02
10431,117273,2005-06-03,9999-01-01
10432,68139,2010-12-25,2011-12-24
10432,69215,2011-12-25,2012-12-24
10432,71623,2012-12-25,2013-05-04
10433,80014,2008-09-28,2009-09-27
10433,83804,2009-09-28,2010-09-27
10433,85894,2010-09-28,2011-09-27
10433,90982,2011-09-28,2012-09-27
10433,93902,2012-09-28,2013-09-27
10433,95741,2013-09-28,2014-09-27
10433,98380,2014-09-28,2015-09-27
10433,101172,2015-09-28,2016-09-27
10433,104722,2016-09-28,2017-09-27
10433,107741,2017-09-28,2018-09-27
10433,111972,2018-09-28,2019-09-27
10433,114797,2019-09-28,9999-01-01
10434,52756,1996-08-27,1997-08-26
10434,54975,1997-08-27,1998-08-26
10434,56364,1998-08-27,1999-08-26
10434,58951,1999-08-27,2000-08-26
10434,61135,2000-08-27,2001-08-26
10434,64356,2001-08-27,2002-08-26
10434,67118,2002-08-27,2003-08-26
10434,70036,2003-08-27,2004-08-26
10434,73951,2004-08-27,2005-08-26
10434,77983,2005-08-27,2006-08-26
10434,81212,2006-08-27,2007-08-26
10434,83463,2007-08-27,9999-01-01
10435,58076,2005-10-14,2006-10-13
10435,59734,2006-10-14,2007-10-13
10435,61631,2007-10-14,2008-10-13
10435,64775,2008-10-14,2009-10-13
10435,67032,2009-10-14,2010-10-13
10435,69450,2010-10-14,2011-10-13
10435,73396,2011-10-14,2012-10-13
10435,76243,2012-10-14,2013-10-13
10435,79776,2013-10-14,2014-10-13
10435,83637,2014-10-14,2015-10-13
10435,85044,2015-10-14,2016-10-13
10435,86432,2016-10-14,9999-01-01
10436,67891,2011-03-15,2012-03-14
10436,71000,2012-03-15,2013-03-14
10436,72588,2013-03-15,2014-03-14
10436,73987,2014-03-15,2015-03-14
10436,76962,2015-03-15,2016-03-14
10436,81410,2016-03-15,2017-03-14
10436,84341,2017-03-15,2018-03-14
10436,85997,2018-03-15,2019-03-14
10436,88727,2019-03-15,2020-03-14
10436,93751,2020-03-15,2021-03-14
10436,96733,2021-03-15,2022-03-14
10436,100483,2022-03-15,9999-01-01
10437,81064,2010-05-07,2011-05-06
10437,85230,2011-05-07,2012-05-06
10437,88148,2012-05-07,2013-05-06
10437,92207,2013-05-07,2014-05-06
10437,95620,2014-05-07,2015-05-06
10437,100517,2015-05-07,2016-05-06
10437,104457,2016-05-07,2017-05-06
10437,108420,2017-05-07,2018-05-06
10437,110884,2018-05-07,2019-05-06
10437,113998,2019-05-07,2020-05-06
10437,117457,2020-05-07,2021-05-06
10437,119552,2021-05-07,9999-01-01
10438,46126,1996-01-31,1997-01-30
10438,47312,1997-01-31,1998-01-30
10438,48261,1998-01-31,1999-01-30
10438,49461,1999-01-31,2000-01-30
10438,51546,2000-01-31,2001-01-30
10438,53196,2001-01-31,2002-01-30
10438,56179,2002-01-31,2003-01-30
10438,57118,2003-01-31,2004-01-30
10438,59338,2004-01-31,2005-01-30
10438,62460,2005-01-31,2005-04-12
10439,78098,2012-12-15,2013-12-14
10439,80220,2013-12-15,2014-12-14
10439,84357,2014-12-15,2015-12-14
10439,87758,2015-12-15,2016-12-14
10439,90504,2016-12-15,2017-12-14
10439,92784,2017-12-15,2018-12-14
10439,94416,2018-12-15,2019-12-14
10439,96864,2019-12-15,2020-12-14
10439,100462,2020-12-15,2021-12-14
10439,105784,2021-12-15,2022-12-14
10439,110142,2022-12-15,2023-12-14
10439,115180,2023-12-15,9999-01-01
10440,58780,1998-05-07,1999-05-06
10440,60261,1999-05-07,2000-05-06
10440,61521,2000-05-07,2001-05-06
10440,64048,2001-05-07,2002-05-06
10440,65749,2002-05-07,2003-05-06
10440,69542,2003-05-07,2004-05-06
10440,71988,2004-05-07,2005-05-06
10440,74085,2005-05-07,2006-05-06
10440,76343,2006-05-07,2007-05-06
10440,79716,2007-05-07,2008-05-06
10440,81150,2008-05-07,2009-05-06
10440,84318,2009-05-07,9999-01-01
10441,57644,2003-12-07,2004-12-06
10441,61054,2004-12-07,2005-12-06
10441,63303,2005-12-07,2006-12-06
10441,66988,2006-12-07,2007-12-06
10441,69414,2007-12-07,2008-12-06
10441,71923,2008-12-07,2009-12-06
10441,74914,2009-12-07,2010-12-06
10441,76694,2010-12-07,2011-12-06
10441,81236,2011-12-07,2012-12-06
10441,84291,2012-12-07,2013-12-06
10441,88177,2013-12-07,2014-12-06
10441,90427,2014-12-07,9999-01-01
10442,59679,1997-09-14,1998-09-13
10442,60713,1998-09-14,1999-09-13
10442,64350,1999-09-14,2000-09-13
10442,68089,2000-09-14,2001-09-13
10442,71988,2001-09-14,2002-09-13
10442,73179,2002-09-14,2003-09-13
10442,77092,2003-09-14,2004-09-13
10442,80700,2004-09-14,2005-09-13
10442,82559,2005-09-14,2006-09-13
10442,85774,2006-09-14,2007-09-13
10442,90675,2007-09-14,2008-09-13
10442,93465,2008-09-14,9999-01-01
10443,67042,2014-12-05,2015-12-04
10443,70892,2015-12-05,2016-12-04
10443,74739,2016-12-05,2017-12-04
10443,76855,2017-12-05,2018-12-04
10443,79319,2018-12-05,2019-12-04
10443,83053,2019-12-05,2020-12-04
10443,87654,2020-12-05,2021-12-04
10443,91313,2021-12-05,2022-12-04
10443,95461,2022-12-05,2023-12-04
10443,99149,2023-12-05,9999-01-01
10444,71458,1993-01-09,1994-01-08
10444,72920,1994-01-09,1995-01-08
10444,75893,1995-01-09,1996-01-08
10444,78608,1996-01-09,1997-01-08
10444,82858,1997-01-09,1998-01-08
10444,85603,1998-01-09,1999-01-08
10444,89013,1999-01-09,2000-01-08
10444,91402,2000-01-09,2001-01-08
10444,96239,2001-01-09,2002-01-08
10444,101528,2002-01-09,2003-01-08
10444,107436,2003-01-09,2004-01-08
10444,111702,2004-01-09,9999-01-01
10445,71345,2003-07-24,2004-07-23
10445,72498,2004-07-24,2005-07-23
10445,75236,2005-07-24,2006-07-23
10445,78750,2006-07-24,2007-07-23
10445,80967,2007-07-24,2008-07-23
10445,84893,2008-07-24,2009-07-23
10445,88268,2009-07-24,2010-07-23
10445,92054,2010-07-24,2011-07-23
10445,95172,2011-07-24,2012-07-23
10445,96698,2012-07-24,2013-07-23
10445,100467,2013-07-24,2014-07-23
10445,103030,2014-07-24,2015-07-23
10446,60369,1992-07-03,1993-07-02
10446,63920,1993-07-03,1994-07-02
10446,65029,1994-07-03,1995-07-02
10446,67670,1995-07-03,1996-07-02
10446,70362,1996-07-03,1997-07-02
10446,71930,1997-07-03,1998-07-02
10446,73467,1998-07-03,1999-07-02
10446,76880,1999-07-03,2000-07-02
10446,80543,2000-07-03,2001-07-02
10446,83007,2001-07-03,2002-07-02
10446,87305,2002-07-03,2003-07-02
10446,89625,2003-07-03,2004-07-02
10447,58696,2010-12-20,2011-12-19
10447,60863,2011-12-20,2012-12-19
10447,64488,2012-12-20,2013-12-19
10447,65838,2013-12-20,2014-12-19
10447,69126,2014-12-20,2015-12-19
10447,70504,2015-12-20,2016-12-19
10447,73444,2016-12-20,2017-12-19
10447,76801,2017-12-20,2018-12-19
10447,78085,2018-12-20,2019-12-19
10447,82181,2019-12-20,2020-12-19
10447,86560,2020-12-20,2021-12-19
10447,90889,2021-12-20,9999-01-01
10448,58275,1991-10-21,1992-10-20
10448,60533,1992-10-21,1993-10-20
10448,63990,1993-10-21,1994-10-20
10448,65754,1994-10-21,1995-10-20
10448,69229,1995-10-21,1996-10-20
10448,72009,1996-10-21,1997-10-20
10448,75346,1997-10-21,1998-10-20
10448,79698,1998-10-21,1999-10-20
10448,84008,1999-10-21,2000-10-20
10448,88394,2000-10-21,2001-10-20
10448,89731,2001-10-21,2002-10-20
10448,92270,2002-10-21,9999-01-01
10449,57115,2009-02-10,2010-02-09
10449,59639,2010-02-10,2011-02-09
10449,62291,2011-02-10,2012-02-09
10449,65176,2012-02-10,2013-02-09
10449,68259,2013-02-10,2014-02-09
10449,72120,2014-02-10,2015-02-09
10449,75298,2015-02-10,2016-02-09
10449,76996,2016-02-10,2017-02-09
10449,80747,2017-02-10,2018-02-09
10449,84028,2018-02-10,2019-02-09
10449,86922,2019-02-10,2020-02-09
10449,88735,2020-02-10,9999-01-01
10450,79551,1990-10-20,1991-10-19
10450,83082,1991-10-20,1992-10-19
10450,84514,1992-10-20,1993-10-19
10450,86998,1993-10-20,1994-10-19
10450,90736,1994-10-20,1995-10-19
10450,92327,1995-10-20,1996-10-19
10450,93802,1996-10-20,1997-10-19
10450,99166,1997-10-20,1998-10-19
10450,104636,1998-10-20,1999-10-19
10450,107730,1999-10-20,2000-10-19
10450,111430,2000-10-20,2001-10-19
10450,113555,2001-10-20,9999-01-01
10451,79187,1998-10-01,1999-09-30
10451,82655,1999-10-01,2000-09-30
10451,86653,2000-10-01,2001-09-30
10451,89973,2001-10-01,2002-09-30
10451,95179,2002-10-01,2003-02-24
10452,44225,2013-08-18,2014-08-17
10452,45922,2014-08-18,2015-08-17
10452,48315,2015-08-18,2016-08-17
10452,50187,2016-08-18,2017-08-17
10452,52673,2017-08-18,2018-08-17
10452,54141,2018-08-18,2019-08-17
10452,55529,2019-08-18,2020-08-17
10452,57976,2020-08-18,2021-08-17
10452,61333,2021-08-18,2022-08-17
10452,63007,2022-08-18,2023-08-17
10452,65928,2023-08-18,9999-01-01
10453,42675,2002-12-01,2003-11-30
10453,43806,2003-12-01,2004-11-30
10453,46282,2004-12-01,2005-11-30
10453,48574,2005-12-01,2006-11-30
10453,49772,2006-12-01,2007-11-30
10453,51867,2007-12-01,2008-11-30
10453,54731,2008-12-01,2009-11-30
10453,57413,2009-12-01,2010-11-30
10453,60548,2010-12-01,2011-11-30
10453,63953,2011-12-01,2012-11-30
10453,67058,2012-12-01,2013-11-30
10453,71023,2013-12-01,9999-01-01
10454,84143,1995-07-04,1996-07-03
10454,88267,1996-07-04,1997-07-03
10454,92122,1997-07-04,1998-07-03
10454,95694,1998-07-04,1999-07-03
10454,97657,1999-07-04,2000-07-03
10454,100151,2000-07-04,2001-07-03
10454,105052,2001-07-04,2002-07-03
10454,108992,2002-07-04,2003-07-03
10454,113333,2003-07-04,2004-07-03
10454,117346,2004-07-04,2005-07-03
10454,121675,2005-07-04,2006-07-03
10454,127509,2006-07-04,9999-01-01
10455,82607,1995-03-23,1996-03-22
10455,84828,1996-03-23,1997-03-22
10455,86775,1997-03-23,1998-03-22
10455,90058,1998-03-23,1999-03-22
10455,91514,1999-03-23,2000-03-22
10455,96313,2000-03-23,2001-03-22
10455,102005,2001-03-23,2002-03-22
10455,104202,2002-03-23,2003-03-22
10455,110408,2003-03-23,2004-03-22
10455,115496,2004-03-23,2005-03-22
10455,121880,2005-03-23,2006-03-22
10455,128133,2006-03-23,9999-01-01
10456,55376,2012-12-21,2013-12-20
10456,57156,2013-12-21,2014-12-20
10456,59689,2014-12-21,2015-12-20
10456,63270,2015-12-21,2016-12-20
10456,66876,2016-12-21,2017-12-20
10456,69218,2017-12-21,2017-12-22
10457,48609,2013-06-01,2014-05-31
10457,51316,2014-06-01,2015-05-31
10457,52245,2015-06-01,2016-05-31
10457,53947,2016-06-01,2017-05-31
10457,56740,2017-06-01,2018-05-31
10457,59601,2018-06-01,2019-05-31
10457,62216,2019-06-01,2020-05-31
10457,64377,2020-06-01,2021-05-31
10457,67866,2021-06-01,2022-05-31
10457,71184,2022-06-01,2023-05-31
10457,74250,2023-06-01,9999-01-01
10458,49161,2007-01-10,2008-01-09
10458,50332,2008-01-10,2009-01-09
10458,52678,2009-01-10,2010-01-09
10458,53585,2010-01-10,2011-01-09
10458,56653,2011-01-10,2012-01-09
10458,59809,2012-01-10,2013-01-09
10458,61606,2013-01-10,2014-01-09
10458,64930,2014-01-10,2015-01-09
10458,67882,2015-01-10,2016-01-09
10458,70094,2016-01-10,2017-01-09
10458,73633,2017-01-10,2018-01-09
10458,77871,2018-01-10,9999-01-01
10459,76825,1992-04-02,1993-04-01
10459,81039,1993-04-02,1994-04-01
10459,82424,1994-04-02,1995-04-01
10459,83788,1995-04-02,1996-04-01
10459,86254,1996-04-02,1997-04-01
10459,90274,1997-04-02,1998-04-01
10459,92156,1998-04-02,1999-04-01
10459,93721,1999-04-02,2000-04-01
10459,99093,2000-04-02,2001-04-01
10459,100579,2001-04-02,2002-04-01
10459,105891,2002-04-02,2003-04-01
10459,111373,2003-04-02,9999-01-01
10460,62313,2008-03-25,2009-03-24
10460,64563,2009-03-25,2010-03-24
10460,66012,2010-03-25,2011-03-24
10460,69921,2011-03-25,2012-03-24
10460,72918,2012-03-25,2013-03-24
10460,76525,2013-03-25,2014-03-24
10460,79536,2014-03-25,2015-03-24
10460,83824,2015-03-25,2016-03-24
10460,86428,2016-03-25,2017-03-24
10460,90493,2017-03-25,2018-03-24
10460,95449,2018-03-25,2019-03-24
10460,98645,2019-03-25,2020-03-24
10461,58524,2014-06-20,2015-06-19
10461,60454,2015-06-20,2016-06-19
10461,63363,2016-06-20,2017-06-19
10461,65058,2017-06-20,2018-06-19
10461,66761,2018-06-20,2019-06-19
10461,69762,2019-06-20,2020-06-19
10461,73103,2020-06-20,2021-06-19
10461,74926,2021-06-20,2022-06-19
10461,76433,2022-06-20,2023-06-19
10461,80525,2023-06-20,9999-01-01
10462,62927,2002-12-13,2003-12-12
10462,65280,2003-12-13,2004-12-12
10462,67753,2004-12-13,2005-12-12
10462,69507,2005-12-13,2006-12-12
10462,73048,2006-12-13,2007-12-12
10462,77047,2007-12-13,2008-12-12
10462,81382,2008-12-13,2009-12-12
10462,82643,2009-12-13,2010-12-12
10462,87236,2010-12-13,2011-12-12
10462,92447,2011-12-13,2012-12-12
10462,96170,2012-12-13,2013-12-12
10462,99604,2013-12-13,2014-12-12
10463,74541,2013-03-04,2014-03-03
10463,76890,2014-03-04,2015-03-03
10463,78411,2015-03-04,2016-03-03
10463,82253,2016-03-04,2017-03-03
10463,85289,2017-03-04,2018-03-03
10463,89799,2018-03-04,2019-03-03
10463,94523,2019-03-04,2020-03-03
10463,97744,2020-03-04,2021-03-03
10463,103312,2021-03-04,2022-03-03
10463,108484,2022-03-04,2023-03-03
10463,112425,2023-03-04,9999-01-01
10464,57438,2007-10-12,2008-10-11
10464,59904,2008-10-12,2009-10-11
10464,62215,2009-10-12,2010-10-11
10464,65580,2010-10-12,2011-10-11
10464,69450,2011-10-12,2012-10-11
10464,70869,2012-10-12,2013-10-11
10464,74225,2013-10-12,2014-10-11
10464,77209,2014-10-12,2015-10-11
10464,78952,2015-10-12,2016-10-11
10464,82805,2016-10-12,2017-10-11
10464,87577,2017-10-12,2018-10-11
10464,90247,2018-10-12,9999-01-01
10465,48859,1995-10-10,1996-10-09
10465,50334,1996-10-10,1997-10-09
10465,51571,1997-10-10,1998-05-30
10466,58935,1999-04-24,2000-04-23
10466,61770,2000-04-24,2001-04-23
10466,63858,2001-04-24,2002-04-23
10466,65046,2002-04-24,2003-04-23
10466,67220,2003-04-24,2004-04-23
10466,68665,2004-04-24,2005-04-23
10466,70289,2005-04-24,2006-04-23
10466,74458,2006-04-24,2007-04-23
10466,77753,2007-04-24,2008-04-23
10466,81638,2008-04-24,2009-04-23
10466,84931,2009-04-24,2010-04-23
10466,88216,2010-04-24,9999-01-01
10467,66814,2011-01-12,2012-01-11
10467,69545,2012-01-12,2013-01-11
10467,71716,2013-01-12,2014-01-11
10467,72938,2014-01-12,2015-01-11
10467,75975,2015-01-12,2016-01-11
10467,77151,2016-01-12,2017-01-11
10467,78851,2017-01-12,2018-01-11
10467,81314,2018-01-12,2019-01-11
10467,84219,2019-01-12,2020-01-11
10467,86200,2020-01-12,2021-01-11
10467,89200,2021-01-12,2022-01-11
10467,93615,2022-01-12,9999-01-01
10468,81113,1998-06-02,1999-06-01
10468,85658,1999-06-02,2000-06-01
10468,89597,2000-06-02,2001-06-01
10468,91025,2001-06-02,2002-06-01
10468,96279,2002-06-02,2003-06-01
10468,101092,2003-06-02,2004-06-01
10468,104786,2004-06-02,2005-06-01
10468,106771,2005-06-02,2006-06-01
10468,111496,2006-06-02,2007-06-01
10468,113955,2007-06-02,2008-06-01
10468,116474,2008-06-02,2009-06-01
10468,123089,2009-06-02,9999-01-01
10469,59708,1996-01-13,1997-01-12
10469,63087,1997-01-13,1998-01-12
10469,66304,1998-01-13,1999-01-12
10469,69152,1999-01-13,2000-01-12
10469,71604,2000-01-13,2001-01-12
10469,73943,2001-01-13,2002-01-12
10469,75114,2002-01-13,2003-01-12
10469,76821,2003-01-13,2004-01-12
10469,79845,2004-01-13,2005-01-12
10469,81814,2005-01-13,2006-01-12
10469,86568,2006-01-13,2007-01-12
10469,88867,2007-01-13,9999-01-01
10470,59565,1998-03-01,1999-02-28
10470,60541,1999-03-01,2000-02-29
10470,63780,2000-03-01,2001-02-28
10470,67594,2001-03-01,2002-02-28
10470,69913,2002-03-01,2003-02-28
10470,72325,2003-03-01,2004-02-29
10470,73658,2004-03-01,2005-02-28
10470,76763,2005-03-01,2006-02-28
10470,81045,2006-03-01,2007-02-28
10470,83823,2007-03-01,2008-02-29
10470,88491,2008-03-01,2009-02-28
10470,91977,2009-03-01,9999-01-01
10471,71883,1993-04-12,1994-04-11
10471,74903,1994-04-12,1995-04-11
10471,78373,1995-04-12,1996-04-11
10471,81330,1996-04-12,1997-04-11
10471,84832,1997-04-12,1998-04-11
10471,88238,1998-04-12,1999-04-11
10471,93192,1999-04-12,2000-04-11
10471,97257,2000-04-12,2001-04-11
10471,101245,2001-04-12,2002-04-11
10471,105644,2002-04-12,2003-04-11
10471,109467,2003-04-12,2004-04-11
10471,113675,2004-04-12,2005-04-11
10472,54127,1994-02-27,1995-02-26
10472,56886,1995-02-27,1995-08-25
10473,83951,2005-02-09,2006-02-08
10473,85755,2006-02-09,2007-02-08
10473,89926,2007-02-09,2008-02-08
10473,94468,2008-02-09,2009-02-08
10473,99035,2009-02-09,2010-02-08
10473,100733,2010-02-09,2011-02-08
10473,105565,2011-02-09,2012-02-08
10473,107758,2012-02-09,2013-02-08
10473,113473,2013-02-09,2014-02-08
10473,117532,2014-02-09,2015-02-08
10473,121385,2015-02-09,2016-02-08
10473,127967,2016-02-09,2017-02-06
10474,65831,1994-04-03,1995-04-02
10474,66981,1995-04-03,1996-04-02
10474,70937,1996-04-03,1997-04-02
10474,73812,1997-04-03,1998-04-02
10474,77666,1998-04-03,1999-04-02
10474,82146,1999-04-03,2000-04-02
10474,86255,2000-04-03,2001-04-02
10474,89926,2001-04-03,2002-04-02
10474,94906,2002-04-03,2003-04-02
10474,97542,2003-04-03,2004-04-02
10474,102404,2004-04-03,2005-04-02
10474,104317,2005-04-03,9999-01-01
10475,64744,1996-12-07,1997-12-06
10475,65980,1997-12-07,1998-12-06
10475,69171,1998-12-07,1999-12-06
10475,70986,1999-12-07,2000-12-06
10475,75017,2000-12-07,2001-12-06
10475,78100,2001-12-07,2002-12-06
10475,82702,2002-12-07,2003-12-06
10475,85109,2003-12-07,2004-12-06
10475,86732,2004-12-07,2005-12-06
10475,88981,2005-12-07,2006-12-06
10475,93632,2006-12-07,2007-12-06
10475,95680,2007-12-07,9999-01-01
10476,76614,1999-11-12,2000-11-11
10476,80002,2000-11-12,2001-11-11
10476,83465,2001-11-12,2002-11-11
10476,87263,2002-11-12,2003-11-11
10476,88885,2003-11-12,2004-11-11
10476,92488,2004-11-12,2005-11-11
10476,95576,2005-11-12,2006-11-11
10476,97393,2006-11-12,2007-11-11
10476,101734,2007-11-12,2008-05-02
10477,62842,2013-06-26,2014-06-25
10477,65451,2014-06-26,2015-06-25
10477,68916,2015-06-26,2016-06-25
10477,70242,2016-06-26,2017-06-25
10477,73951,2017-06-26,2018-06-25
10477,75693,2018-06-26,2019-06-25
10477,77235,2019-06-26,2020-06-25
10477,80355,2020-06-26,2021-06-25
10477,83968,2021-06-26,2022-06-25
10477,88223,2022-06-26,2023-06-25
10477,90496,2023-06-26,9999-01-01
10478,70506,2009-05-30,2010-05-29
10478,72505,2010-05-30,2011-05-29
10478,75621,2011-05-30,2012-05-29
10478,80110,2012-05-30,2013-05-29
10478,82151,2013-05-30,2014-05-29
10478,86142,2014-05-30,2015-05-29
10478,90115,2015-05-30,2016-05-29
10478,94744,2016-05-30,2017-05-29
10478,99557,2017-05-30,2018-05-29
10478,104374,2018-05-30,2019-05-29
10478,109388,2019-05-30,2020-05-29
10478,111131,2020-05-30,9999-01-01
10479,71785,1995-11-20,1996-11-19
10479,74611,1996-11-20,1997-11-19
10479,76591,1997-11-20,1998-11-19
10479,79994,1998-11-20,1999-11-19
10479,83793,1999-11-20,2000-11-19
10479,85251,2000-11-20,2001-11-19
10479,87948,2001-11-20,2002-11-19
10479,93053,2002-11-20,2003-11-19
10479,97409,2003-11-20,2004-11-19
10479,102647,2004-11-20,2005-11-19
10479,107007,2005-11-20,2006-11-19
10479,109314,2006-11-20,9999-01-01
10480,63344,2013-08-18,2014-08-17
10480,64719,2014-08-18,2015-08-17
10480,66352,2015-08-18,2016-08-17
10480,68453,2016-08-18,2017-08-17
10480,69793,2017-08-18,2018-08-17
10480,72413,2018-08-18,2019-08-17
10480,73545,2019-08-18,2020-08-17
10480,76297,2020-08-18,2021-08-17
10480,79824,2021-08-18,2022-08-17
10480,81720,2022-08-18,2023-08-17
10480,86564,2023-08-18,9999-01-01
10481,58932,2002-08-30,2003-08-29
10481,60326,2003-08-30,2004-08-29
10481,63916,2004-08-30,2005-08-29
10481,65996,2005-08-30,2006-08-29
10481,69752,2006-08-30,2007-08-29
10481,72405,2007-08-30,2008-08-29
10481,76626,2008-08-30,2009-08-29
10481,80758,2009-08-30,2010-08-29
10481,82152,2010-08-30,2011-08-29
10481,83765,2011-08-30,2012-08-29
10481,88261,2012-08-30,2013-08-29
10481,92710,2013-08-30,9999-01-01
10482,63071,1994-06-23,1995-06-22
10482,66167,1995-06-23,1996-06-22
10482,69543,1996-06-23,1997-06-22
10482,73564,1997-06-23,1998-06-22
10482,77488,1998-06-23,1999-06-22
10482,81903,1999-06-23,2000-06-22
10482,85561,2000-06-23,2001-06-22
10482,87674,2001-06-23,2002-06-22
10482,90737,2002-06-23,2003-06-22
10482,93568,2003-06-23,2004-06-22
10482,95084,2004-06-23,2005-06-22
10482,98305,2005-06-23,9999-01-01
10483,57504,2006-06-24,2007-06-23
10483,60122,2007-06-24,2008-06-23
10483,63285,2008-06-24,2009-06-23
10483,67007,2009-06-24,2010-06-23
10483,70827,2010-06-24,2011-06-23
10483,73794,2011-06-24,2012-06-23
10483,78042,2012-06-24,2013-06-23
10483,80400,2013-06-24,2014-06-23
10483,81719,2014-06-24,2015-06-23
10483,86271,2015-06-24,2016-06-23
10483,90105,2016-06-24,2017-06-23
10483,92240,2017-06-24,9999-01-01
10484,55198,1998-03-25,1999-03-24
10484,58404,1999-03-25,2000-03-24
10484,61635,2000-03-25,2001-03-24
10484,63166,2001-03-25,2002-03-24
10484,64572,2002-03-25,2003-03-24
10484,68261,2003-03-25,2004-03-24
10484,69381,2004-03-25,2005-03-24
10484,72866,2005-03-25,2006-03-24
10484,73976,2006-03-25,2007-03-24
10484,76469,2007-03-25,2008-03-24
10484,81038,2008-03-25,2009-03-24
10484,85210,2009-03-25,9999-01-01
10485,49278,2007-07-07,2008-07-06
10485,51864,2008-07-07,2009-07-06
10485,54612,2009-07-07,2010-07-06
10485,57770,2010-07-07,2011-07-06
10485,61150,2011-07-07,2012-07-06
10485,62983,2012-07-07,2013-07-06
10485,66747,2013-07-07,2014-07-06
10485,70566,2014-07-07,2015-07-06
10485,72901,2015-07-07,2016-07-06
10485,74707,2016-07-07,2017-07-06
10485,77262,2017-07-07,2018-07-06
10485,80801,2018-07-07,9999-01-01
10486,67873,2008-10-20,2009-10-19
10486,69455,2009-10-20,2010-10-19
10486,72128,2010-10-20,2011-10-19
10486,74946,2011-10-20,2012-10-19
10486,79316,2012-10-20,2013-10-19
10486,82810,2013-10-20,2014-10-19
10486,85364,2014-10-20,2015-10-19
10486,88756,2015-10-20,2016-10-19
10486,92633,2016-10-20,2017-10-19
10486,95113,2017-10-20,2018-10-19
10486,99924,2018-10-20,2019-10-19
10486,104688,2019-10-20,9999-01-01
10487,65209,1995-08-02,1996-08-01
10487,68451,1996-08-02,1997-08-01
10487,70579,1997-08-02,1998-08-01
10487,73971,1998-08-02,1999-08-01
10487,77974,1999-08-02,2000-08-01
10487,80370,2000-08-02,2001-08-01
10487,83130,2001-08-02,2002-08-01
10487,86213,2002-08-02,2003-08-01
10487,90765,2003-08-02,2004-08-01
10487,94360,2004-08-02,2005-08-01
10487,99282,2005-08-02,2006-08-01
10487,102663,2006-08-02,9999-01-01
10488,60885,2001-09-27,2002-09-26
10488,63676,2002-09-27,2003-09-26
10488,65420,2003-09-27,2004-09-26
10488,67533,2004-09-27,2005-09-26
10488,69501,2005-09-27,2006-09-26
10488,72403,2006-09-27,2007-09-26
10488,74721,2007-09-27,2008-09-26
10488,77013,2008-09-27,2009-09-26
10488,79038,2009-09-27,2010-09-26
10488,83656,2010-09-27,2011-09-26
10488,88414,2011-09-27,2012-09-26
10488,90418,2012-09-27,9999-01-01
10489,62974,2001-12-21,2002-12-20
10489,65023,2002-12-21,2003-12-20
10489,68761,2003-12-21,2004-12-20
10489,72765,2004-12-21,2005-12-20
10489,76248,2005-12-21,2006-12-20
10489,78447,2006-12-21,2007-05-24
10490,66354,1992-04-04,1993-04-03
10490,68245,1993-04-04,1994-04-03
10490,72049,1994-04-04,1995-04-03
10490,75117,1995-04-04,1996-04-03
10490,76498,1996-04-04,1997-04-03
10490,78035,1997-04-04,1998-04-03
10490,81738,1998-04-04,1999-04-03
10490,83903,1999-04-04,2000-04-03
10490,87281,2000-04-04,2001-04-03
10490,89313,2001-04-04,2002-04-03
10490,90752,2002-04-04,2003-04-03
10490,92636,2003-04-04,9999-01-01
10491,54641,1994-01-01,1994-12-31
10491,56473,1995-01-01,1995-12-31
10491,58022,1996-01-01,1996-12-31
10491,60080,1997-01-01,1997-12-31
10491,62401,1998-01-01,1998-12-31
10491,65505,1999-01-01,1999-12-31
10491,67501,2000-01-01,2000-12-31
10491,70146,2001-01-01,2001-12-31
10491,72963,2002-01-01,2002-12-31
10491,74574,2003-01-01,2003-12-31
10491,77506,2004-01-01,2004-12-31
10491,81096,2005-01-01,9999-01-01
10492,44121,2011-09-23,2012-09-22
10492,44906,2012-09-23,2013-09-22
10492,46462,2013-09-23,2014-09-22
10492,48833,2014-09-23,2015-09-22
10492,49675,2015-09-23,2016-09-22
10492,51191,2016-09-23,2017-09-22
10492,53130,2017-09-23,2018-09-22
10492,56247,2018-09-23,2019-09-22
10492,58578,2019-09-23,2020-09-22
10492,61185,2020-09-23,2021-09-22
10492,63808,2021-09-23,2022-09-22
10492,67248,2022-09-23,9999-01-01
10493,65647,2007-03-23,2008-03-22
10493,68562,2008-03-23,2009-03-22
10493,70029,2009-03-23,2010-03-22
10493,73180,2010-03-23,2011-03-22
10493,76450,2011-03-23,2012-03-22
10493,79617,2012-03-23,2013-03-22
10493,81229,2013-03-23,2014-03-22
10493,83216,2014-03-23,2015-03-22
10493,84805,2015-03-23,2016-03-22
10493,88278,2016-03-23,2017-03-22
10493,91695,2017-03-23,2018-03-22
10493,93216,2018-03-23,9999-01-01
10494,65697,2011-04-20,2012-04-19
10494,67837,2012-04-20,2013-04-19
10494,69148,2013-04-20,2014-04-19
10494,70477,2014-04-20,2015-04-19
10494,73071,2015-04-20,2016-04-19
10494,75772,2016-04-20,2017-04-19
10494,80055,2017-04-20,2018-04-19
10494,84822,2018-04-20,2019-04-19
10494,88715,2019-04-20,2020-04-19
10494,92377,2020-04-20,2021-04-19
10494,94782,2021-04-20,2022-04-19
10494,97166,2022-04-20,9999-01-01
10495,67023,2004-12-13,2005-12-12
10495,69106,2005-12-13,2006-12-12
10495,70531,2006-12-13,2007-12-12
10495,72706,2007-12-13,2008-12-12
10495,76699,2008-12-13,2009-12-12
10495,79358,2009-12-13,2010-12-12
10495,81173,2010-12-13,2011-12-12
10495,82619,2011-12-13,2012-12-12
10495,85080,2012-12-13,2013-12-12
10495,90141,2013-12-13,2014-12-12
10495,95191,2014-12-13,2015-12-12
10495,97798,2015-12-13,9999-01-01
10496,71930,1995-05-24,1996-05-23
10496,74383,1996-05-24,1997-05-23
10496,76277,1997-05-24,1998-05-23
10496,78202,1998-05-24,1999-05-23
10496,79517,1999-05-24,2000-05-23
10496,82799,2000-05-24,2001-05-23
10496,85268,2001-05-24,2002-05-23
10496,89716,2002-05-24,2003-05-23
10496,91338,2003-05-24,2004-05-23
10496,93006,2004-05-24,2005-05-23
10496,95585,2005-05-24,2006-05-23
10496,99484,2006-05-24,9999-01-01
10497,67412,1995-11-23,1996-11-22
10497,71324,1996-11-23,1997-11-22
10497,72793,1997-11-23,1998-11-22
10497,76009,1998-11-23,1999-11-22
10497,79191,1999-11-23,2000-11-22
10497,82362,2000-11-23,2001-11-22
10497,85675,2001-11-23,2002-11-22
10497,88761,2002-11-23,2003-11-22
10497,92503,2003-11-23,2004-11-22
10497,95242,2004-11-23,2005-11-22
10497,98521,2005-11-23,2006-11-22
10497,102356,2006-11-23,9999-01-01
10498,81225,2005-07-02,2006-07-01
10498,82963,2006-07-02,2007-07-01
10498,86521,2007-07-02,2008-07-01
10498,88334,2008-07-02,2009-07-01
10498,90982,2009-07-02,2010-07-01
10498,92475,2010-07-02,2011-07-01
10498,95865,2011-07-02,2012-07-01
10498,99916,2012-07-02,2013-07-01
10498,103165,2013-07-02,2014-07-01
10498,107345,2014-07-02,2015-07-01
10498,112051,2015-07-02,2016-07-01
10498,116416,2016-07-02,9999-01-01
10499,71339,1994-04-22,1995-04-21
10499,75304,1995-04-22,1996-04-21
10499,79046,1996-04-22,1997-04-21
10499,80988,1997-04-22,1998-04-21
10499,83737,1998-04-22,1999-04-21
10499,85477,1999-04-22,2000-04-21
10499,87077,2000-04-22,2001-04-21
10499,89275,2001-04-22,2002-04-21
10499,93852,2002-04-22,2003-04-21
10499,96073,2003-04-22,2004-04-21
10499,101063,2004-04-22,2005-04-21
10499,104530,2005-04-22,9999-01-01
10500,73236,2006-06-20,2007-06-19
10500,75231,2007-06-20,2008-06-19
10500,78416,2008-06-20,2009-06-19
10500,80307,2009-06-20,2010-06-19
10500,84471,2010-06-20,2011-06-19
10500,89232,2011-06-20,2012-06-19
10500,91183,2012-06-20,2013-06-19
10500,94049,2013-06-20,2014-06-19
10500,98691,2014-06-20,2015-06-19
10500,104571,2015-06-20,2016-06-19
10500,110019,2016-06-20,2017-06-19
10500,112618,2017-06-20,2018-06-19
10501,83262,1997-11-27,1998-11-26
10501,84775,1998-11-27,1999-11-26
10501,89346,1999-11-27,2000-11-26
10501,94017,2000-11-27,2001-11-26
10501,96502,2001-11-27,2002-11-26
10501,98042,2002-11-27,2003-11-26
10501,103772,2003-11-27,2004-11-26
10501,108258,2004-11-27,2005-11-26
10501,111498,2005-11-27,2006-11-26
10501,113462,2006-11-27,2007-11-26
10501,118461,2007-11-27,2008-11-26
10501,124812,2008-11-27,9999-01-01
10502,79277,2013-04-12,2014-04-11
10502,82184,2014-04-12,2015-04-11
10502,86423,2015-04-12,2016-04-11
10502,89021,2016-04-12,2017-04-11
10502,92272,2017-04-12,2018-04-11
10502,97115,2018-04-12,2019-04-11
10502,101446,2019-04-12,2020-04-11
10502,106240,2020-04-12,2021-04-11
10502,111662,2021-04-12,2022-04-11
10502,117030,2022-04-12,2023-04-11
10502,121919,2023-04-12,9999-01-01
10503,66403,1998-01-26,1999-01-25
10503,67704,1999-01-26,2000-01-25
10503,69065,2000-01-26,2001-01-25
10503,71382,2001-01-26,2002-01-25
10503,74341,2002-01-26,2003-01-25
10503,76186,2003-01-26,2004-01-25
10503,77898,2004-01-26,2005-01-25
10503,81124,2005-01-26,2006-01-25
10503,85349,2006-01-26,2007-01-25
10503,88769,2007-01-26,2008-01-25
10503,93176,2008-01-26,2009-01-25
10503,97756,2009-01-26,2010-01-25
10504,56648,1998-06-13,1999-06-12
10504,58045,1999-06-13,2000-06-12
10504,61462,2000-06-13,2001-06-12
10504,65122,2001-06-13,2002-06-12
10504,67772,2002-06-13,2003-06-12
10504,69495,2003-06-13,2004-06-12
10504,70724,2004-06-13,2005-06-12
10504,74196,2005-06-13,2006-06-12
10504,75755,2006-06-13,2007-06-12
10504,78457,2007-06-13,2008-06-12
10504,81790,2008-06-13,2009-06-12
10504,83573,2009-06-13,2010-06-12
10505,73578,1998-11-22,1999-11-21
10505,75454,1999-11-22,2000-11-21
10505,79952,2000-11-22,2001-11-21
10505,84455,2001-11-22,2002-11-21
10505,86472,2002-11-22,2003-11-21
10505,89403,2003-11-22,2004-11-21
10505,93938,2004-11-22,2005-11-21
10505,99327,2005-11-22,2006-11-21
10505,103224,2006-11-22,2007-11-21
10505,104802,2007-11-22,2008-11-21
10505,107516,2008-11-22,2009-11-21
10505,110166,2009-11-22,9999-01-01
10506,54380,2001-07-31,2002-07-30
10506,57383,2002-07-31,2003-07-30
10506,59630,2003-07-31,2004-07-30
10506,61897,2004-07-31,2005-07-30
10506,62848,2005-07-31,2006-07-30
10506,65574,2006-07-31,2007-07-30
10506,66824,2007-07-31,2008-07-30
10506,68422,2008-07-31,2009-07-30
10506,69873,2009-07-31,2010-07-30
10506,72815,2010-07-31,2011-07-30
10506,76580,2011-07-31,2012-07-30
10506,77937,2012-07-31,2013-07-30
10507,52035,1991-09-24,1992-09-23
10507,54035,1992-09-24,1993-09-23
10507,56528,1993-09-24,1994-09-23
10507,58188,1994-09-24,1995-09-23
10507,61004,1995-09-24,1996-09-23
10507,62185,1996-09-24,1997-09-23
10507,63726,1997-09-24,1998-09-23
10507,67048,1998-09-24,1999-09-23
10507,69687,1999-09-24,2000-09-23
10507,73583,2000-09-24,2001-09-23
10507,77034,2001-09-24,2002-09-23
10507,79135,2002-09-24,2003-09-23
10508,55756,1990-05-26,1991-05-25
10508,57202,1991-05-26,1992-05-25
10508,60172,1992-05-26,1993-05-25
10508,63522,1993-05-26,1994-05-25
10508,64902,1994-05-26,1995-05-25
10508,68017,1995-05-26,1996-05-25
10508,69919,1996-05-26,1997-05-25
10508,73101,1997-05-26,1998-05-25
10508,77470,1998-05-26,1999-05-25
10508,81093,1999-05-26,2000-05-25
10508,85626,2000-05-26,2001-05-25
10508,89661,2001-05-26,9999-01-01
10509,69803,1990-08-04,1991-08-03
10509,71687,1991-08-04,1992-08-03
10509,73378,1992-08-04,1993-08-03
10509,74632,1993-08-04,1994-08-03
10509,76164,1994-08-04,1995-08-03
10509,80196,1995-08-04,1996-08-03
10509,84889,1996-08-04,1997-08-03
10509,87563,1997-08-04,1998-08-03
10509,91371,1998-08-04,1999-08-03
10509,95657,1999-08-04,2000-08-03
10509,100751,2000-08-04,2001-08-03
10509,106182,2001-08-04,9999-01-01
10510,79185,2009-02-13,2010-02-12
10510,80888,2010-02-13,2011-02-12
10510,85081,2011-02-13,2012-02-12
10510,88108,2012-02-13,2012-03-30
10511,76286,1999-08-15,2000-08-14
10511,79690,2000-08-15,2001-08-14
10511,82298,2001-08-15,2002-08-14
10511,85377,2002-08-15,2003-08-14
10511,88984,2003-08-15,2004-08-14
10511,92240,2004-08-15,2005-08-14
10511,96947,2005-08-15,2006-08-14
10511,102308,2006-08-15,2007-08-14
10511,106126,2007-08-15,2008-08-14
10511,108830,2008-08-15,2009-08-14
10511,112643,2009-08-15,2010-08-14
10511,115208,2010-08-15,9999-01-01
10512,43328,2010-09-26,2011-09-25
10512,45415,2011-09-26,2012-09-25
10512,47193,2012-09-26,2013-09-25
10512,48990,2013-09-26,2014-09-25
10512,49825,2014-09-26,2015-09-25
10512,51684,2015-09-26,2016-09-25
10512,53142,2016-09-26,2017-09-25
10512,56049,2017-09-26,2018-09-25
10512,58868,2018-09-26,2019-09-25
10512,61799,2019-09-26,2020-09-25
10512,63552,2020-09-26,2021-09-25
10512,67162,2021-09-26,9999-01-01
10513,56206,1992-02-05,1993-02-04
10513,58264,1993-02-05,1994-02-04
10513,59148,1994-02-05,1995-02-04
10513,61282,1995-02-05,1996-02-04
10513,63615,1996-02-05,1997-02-04
10513,65686,1997-02-05,1998-02-04
10513,69396,1998-02-05,1999-02-04
10513,70874,1999-02-05,2000-02-04
10513,73615,2000-02-05,2001-02-04
10513,75753,2001-02-05,2002-02-04
10513,77727,2002-02-05,2003-02-04
10513,81250,2003-02-05,9999-01-01
10514,70391,1990-04-25,1991-04-24
10514,72328,1991-04-25,1992-04-24
10514,74493,1992-04-25,1993-04-24
10514,78885,1993-04-25,1994-04-24
10514,81442,1994-04-25,1995-04-24
10514,82682,1995-04-25,1996-04-24
10514,85211,1996-04-25,1997-04-24
10514,88075,1997-04-25,1998-04-24
10514,90292,1998-04-25,1999-04-24
10514,92430,1999-04-25,2000-04-24
10514,96632,2000-04-25,2001-04-24
10514,101446,2001-04-25,9999-01-01
10515,71444,2002-03-29,2003-03-28
10515,75293,2003-03-29,2004-03-28
10515,78073,2004-03-29,2005-03-28
10515,80687,2005-03-29,2006-03-28
10515,85426,2006-03-29,2007-03-28
10515,89534,2007-03-29,2008-03-28
10515,90995,2008-03-29,2009-03-28
10515,93519,2009-03-29,2009-08-20
10516,58053,2014-11-07,2015-11-06
10516,60857,2015-11-07,2016-11-06
10516,64323,2016-11-07,2017-11-06
10516,66529,2017-11-07,2018-11-06
10516,69445,2018-11-07,2019-11-06
10516,71704,2019-11-07,2020-11-06
10516,73441,2020-11-07,2021-11-06
10516,77494,2021-11-07,2022-11-06
10516,81147,2022-11-07,2023-11-06
10516,83944,2023-11-07,9999-01-01
10517,73562,2002-05-06,2003-05-05
10517,76020,2003-05-06,2004-05-05
10517,79447,2004-05-06,2005-05-05
10517,81922,2005-05-06,2006-05-05
10517,83949,2006-05-06,2007-05-05
10517,86784,2007-05-06,2008-05-05
10517,88500,2008-05-06,2009-05-05
10517,93736,2009-05-06,2010-05-05
10517,96405,2010-05-06,2011-05-05
10517,97990,2011-05-06,2012-05-05
10517,101345,2012-05-06,2013-05-05
10517,106164,2013-05-06,9999-01-01
10518,76016,2014-01-08,2015-01-07
10518,77862,2015-01-08,2016-01-07
10518,79915,2016-01-08,2017-01-07
10518,81208,2017-01-08,2018-01-07
10518,82620,2018-01-08,2019-01-07
10518,85619,2019-01-08,2020-01-07
10518,87342,2020-01-08,2021-01-07
10518,90594,2021-01-08,2022-01-07
10518,95200,2022-01-08,2023-01-07
10518,99629,2023-01-08,9999-01-01
10519,75396,2008-03-28,2009-03-27
10519,78191,2009-03-28,2010-03-27
10519,80783,2010-03-28,2011-03-27
10519,84686,2011-03-28,2012-03-27
10519,89359,2012-03-28,2013-03-27
10519,90862,2013-03-28,2014-03-27
10519,95147,2014-03-28,2015-03-27
10519,98783,2015-03-28,2016-03-27
10519,102298,2016-03-28,2017-03-27
10519,108141,2017-03-28,2018-03-27
10519,114197,2018-03-28,2019-03-27
10519,120781,2019-03-28,9999-01-01
10520,71525,2014-01-14,2015-01-13
10520,73495,2015-01-14,2016-01-13
10520,77397,2016-01-14,2017-01-13
10520,78958,2017-01-14,2018-01-13
10520,82603,2018-01-14,2019-01-13
10520,84485,2019-01-14,2020-01-13
10520,88967,2020-01-14,2021-01-13
10520,91908,2021-01-14,2022-01-13
10520,94409,2022-01-14,2023-01-13
10520,97674,2023-01-14,9999-01-01
10521,55491,2007-07-30,2008-07-29
10521,57778,2008-07-30,2009-07-29
10521,60530,2009-07-30,2010-07-29
10521,63752,2010-07-30,2011-07-29
10521,66561,2011-07-30,2012-07-29
10521,67705,2012-07-30,2013-07-29
10521,69532,2013-07-30,2014-07-29
10521,72419,2014-07-30,2015-07-29
10521,73784,2015-07-30,2016-07-29
10521,76464,2016-07-30,2017-07-29
10521,78762,2017-07-30,2018-07-29
10521,80958,2018-07-30,9999-01-01
10522,64104,1994-10-30,1995-10-29
10522,67144,1995-10-30,1996-10-29
10522,70654,1996-10-30,1997-10-29
10522,74423,1997-10-30,1998-10-29
10522,75773,1998-10-30,1999-10-29
10522,78747,1999-10-30,2000-10-29
10522,82949,2000-10-30,2001-10-29
10522,85315,2001-10-30,2002-10-29
10522,88103,2002-10-30,2003-10-29
10522,91477,2003-10-30,2004-10-29
10522,96174,2004-10-30,2005-10-29
10522,97821,2005-10-30,9999-01-01
10523,43340,2009-06-13,2010-06-12
10523,44660,2010-06-13,2011-06-12
10523,46065,2011-06-13,2012-06-12
10523,48037,2012-06-13,2013-06-12
10523,49952,2013-06-13,2014-06-12
10523,52482,2014-06-13,2015-06-12
10523,55299,2015-06-13,2016-06-12
10523,56282,2016-06-13,2017-06-12
10523,58087,2017-06-13,2018-06-12
10523,59115,2018-06-13,2019-06-12
10523,61627,2019-06-13,2020-06-12
10523,64758,2020-06-13,9999-01-01
10524,61723,2004-06-17,2005-06-16
10524,64761,2005-06-17,2006-06-16
10524,67986,2006-06-17,2007-06-16
10524,71771,2007-06-17,2008-06-16
10524,73712,2008-06-17,2009-06-16
10524,75789,2009-06-17,2010-06-16
10524,78391,2010-06-17,2010-06-17
10525,63770,2005-11-19,2006-11-18
10525,64973,2006-11-19,2007-11-18
10525,67967,2007-11-19,2008-11-18
10525,70883,2008-11-19,2009-11-18
10525,74598,2009-11-19,2010-11-18
10525,76384,2010-11-19,2011-11-18
10525,80801,2011-11-19,2012-11-18
10525,83205,2012-11-19,2013-11-18
10525,86737,2013-11-19,2014-11-18
10525,88824,2014-11-19,2015-11-18
10525,92852,2015-11-19,2016-11-18
10525,97558,2016-11-19,9999-01-01
10526,57106,2014-07-09,2015-07-08
10526,60091,2015-07-09,2016-07-08
10526,61451,2016-07-09,2017-07-08
10526,64189,2017-07-09,2018-07-08
10526,65295,2018-07-09,2019-07-08
10526,68804,2019-07-09,2020-07-08
10526,72837,2020-07-09,2021-07-08
10526,75363,2021-07-09,2022-07-08
10526,78769,2022-07-09,2023-07-08
10526,80774,2023-07-09,9999-01-01
10527,66718,2009-07-08,2010-07-07
10527,69515,2010-07-08,2011-07-07
10527,70601,2011-07-08,2012-07-07
10527,74384,2012-07-08,2013-07-07
10527,77190,2013-07-08,2014-07-07
10527,81692,2014-07-08,2015-07-07
10527,85321,2015-07-08,2016-07-07
10527,88931,2016-07-08,2017-07-07
10527,94230,2017-07-08,2018-07-07
10527,97361,2018-07-08,2019-07-07
10527,99293,2019-07-08,2020-07-07
10527,104637,2020-07-08,9999-01-01
10528,71315,2004-11-10,2005-11-09
10528,73612,2005-11-10,2006-11-09
10528,76990,2006-11-10,2007-11-09
10528,78433,2007-11-10,2008-11-09
10528,81246,2008-11-10,2009-11-09
10528,84208,2009-11-10,2010-11-09
10528,89203,2010-11-10,2011-11-09
10528,90969,2011-11-10,2012-11-09
10528,94892,2012-11-10,2013-11-09
10528,98662,2013-11-10,2014-11-09
10528,100284,2014-11-10,2015-11-09
10528,102926,2015-11-10,9999-01-01
10529,81908,2006-09-22,2007-09-21
10529,85035,2007-09-22,2008-09-21
10529,88763,2008-09-22,2009-09-21
10529,93833,2009-09-22,2010-09-21
10529,95534,2010-09-22,2011-09-21
10529,97549,2011-09-22,2012-09-21
10529,100392,2012-09-22,2013-09-21
10529,106300,2013-09-22,2014-09-21
10529,109939,2014-09-22,2015-09-21
10529,112967,2015-09-22,2016-09-21
10529,118708,2016-09-22,2017-09-21
10529,124447,2017-09-22,9999-01-01
10530,56069,2002-10-27,2003-10-26
10530,59217,2003-10-27,2004-10-26
10530,61659,2004-10-27,2005-10-26
10530,64106,2005-10-27,2006-10-26
10530,65998,2006-10-27,2007-10-26
10530,67472,2007-10-27,2008-10-26
10530,69598,2008-10-27,2009-10-26
10530,70754,2009-10-27,2010-10-26
10530,73120,2010-10-27,2011-10-26
10530,75579,2011-10-27,2012-10-26
10530,78523,2012-10-27,2013-10-26
10530,80027,2013-10-27,9999-01-01
10531,62943,2013-04-29,2014-04-28
10531,66574,2014-04-29,2015-04-28
10531,67594,2015-04-29,2015-05-29
10532,62696,1993-04-21,1994-04-20
10532,64915,1994-04-21,1995-04-20
10532,67458,1995-04-21,1996-04-20
10532,70049,1996-04-21,1997-04-20
10532,73720,1997-04-21,1998-04-20
10532,75064,1998-04-21,1999-04-20
10532,77179,1999-04-21,2000-04-20
10532,79699,2000-04-21,2001-04-20
10532,81319,2001-04-21,2002-04-20
10532,85272,2002-04-21,2003-04-20
10532,89942,2003-04-21,2004-04-20
10532,94864,2004-04-21,9999-01-01
10533,62519,2000-08-15,2001-08-14
10533,64343,2001-08-15,2002-08-14
10533,66729,2002-08-15,2003-08-14
10533,69181,2003-08-15,2004-08-14
10533,71038,2004-08-15,2005-08-14
10533,73954,2005-08-15,2006-08-14
10533,75543,2006-08-15,2007-08-14
10533,77538,2007-08-15,2008-08-14
10533,79155,2008-08-15,2009-08-14
10533,83280,2009-08-15,2010-08-14
10533,84565,2010-08-15,2011-08-14
10533,87743,2011-08-15,9999-01-01
10534,84001,1991-05-13,1992-05-12
10534,86602,1992-05-13,1993-05-12
10534,89749,1993-05-13,1994-05-12
10534,94006,1994-05-13,1995-05-12
10534,98076,1995-05-13,1996-05-12
10534,103691,1996-05-13,1997-05-12
10534,105654,1997-05-13,1998-05-12
10534,110976,1998-05-13,1999-05-12
10534,113851,1999-05-13,2000-05-12
10534,119106,2000-05-13,2001-05-12
10534,121478,2001-05-13,2002-05-12
10534,126598,2002-05-13,2003-05-12
10535,62758,2005-11-18,2006-11-17
10535,65442,2006-11-18,2007-11-17
10535,68474,2007-11-18,2008-11-17
10535,70219,2008-11-18,2009-11-17
10535,72523,2009-11-18,2010-11-17
10535,75526,2010-11-18,2011-11-17
10535,76892,2011-11-18,2012-11-17
10535,78067,2012-11-18,2013-11-17
10535,80835,2013-11-18,2014-11-17
10535,84832,2014-11-18,2015-11-17
10535,89793,2015-11-18,2016-11-17
10535,92843,2016-11-18,9999-01-01
10536,71684,2008-07-13,2009-07-12
10536,73305,2009-07-13,2010-07-12
10536,75754,2010-07-13,2011-07-12
10536,80012,2011-07-13,2012-07-12
10536,83033,2012-07-13,2013-07-12
10536,86550,2013-07-13,2014-07-12
10536,88518,2014-07-13,2015-07-12
10536,89892,2015-07-13,2016-07-12
10536,94229,2016-07-13,2017-07-12
10536,99688,2017-07-13,2018-07-12
10536,102212,2018-07-13,2019-07-12
10536,107174,2019-07-13,2020-07-12
10537,77459,2011-05-11,2012-05-10
10537,81257,2012-05-11,2013-05-10
10537,84205,2013-05-11,2014-05-10
10537,86435,2014-05-11,2015-05-10
10537,89516,2015-05-11,2016-05-10
10537,91353,2016-05-11,2017-05-10
10537,92800,2017-05-11,2018-05-10
10537,94481,2018-05-11,2019-05-10
10537,98502,2019-05-11,2020-05-10
10537,102969,2020-05-11,2021-05-10
10537,105923,2021-05-11,2022-05-10
10537,110868,2022-05-11,9999-01-01
10538,57533,2004-06-13,2005-06-12
10538,60692,2005-06-13,2006-06-12
10538,64071,2006-06-13,2007-06-12
10538,67105,2007-06-13,2008-06-12
10538,70426,2008-06-13,2009-06-12
10538,73006,2009-06-13,2010-06-12
10538,74856,2010-06-13,2011-06-12
10538,79316,2011-06-13,2012-06-12
10538,84043,2012-06-13,2013-06-12
10538,85983,2013-06-13,2014-06-12
10538,89043,2014-06-13,2015-06-12
10538,91712,2015-06-13,9999-01-01
10539,54603,2004-04-10,2005-04-09
10539,56903,2005-04-10,2006-04-09
10539,59161,2006-04-10,2007-04-09
10539,60989,2007-04-10,2008-04-09
10539,64139,2008-04-10,2009-04-09
10539,65482,2009-04-10,2010-04-09
10539,68846,2010-04-10,2011-04-09
10539,69908,2011-04-10,2012-04-09
10539,71079,2012-04-10,2013-04-09
10539,73539,2013-04-10,2014-04-09
10539,76703,2014-04-10,2015-04-09
10539,80186,2015-04-10,9999-01-01
10540,62829,2008-11-22,2009-11-21
10540,66310,2009-11-22,2010-11-21
10540,69996,2010-11-22,2011-11-21
10540,71939,2011-11-22,2012-11-21
10540,75692,2012-11-22,2013-11-21
10540,77575,2013-11-22,2014-11-21
10540,80276,2014-11-22,2015-11-21
10540,82990,2015-11-22,2016-11-21
10540,86998,2016-11-22,2017-11-21
10540,91998,2017-11-22,2018-11-21
10540,97282,2018-11-22,2019-11-21
10540,99736,2019-11-22,2020-11-21
10541,89895,1996-02-06,1997-02-05
10541,91786,1997-02-06,1998-02-05
10541,93431,1998-02-06,1999-02-05
10541,98205,1999-02-06,2000-02-05
10541,104095,2000-02-06,2001-02-05
10541,108498,2001-02-06,2002-02-05
10541,113702,2002-02-06,2003-02-05
10541,117096,2003-02-06,2004-02-05
10541,120210,2004-02-06,2005-02-05
10541,125156,2005-02-06,2006-02-05
10541,129471,2006-02-06,2007-02-05
10541,133466,2007-02-06,9999-01-01
10542,80475,2010-09-03,2011-09-02
10542,83226,2011-09-03,2012-09-02
10542,84841,2012-09-03,2013-09-02
10542,86508,2013-09-03,2014-09-02
10542,87901,2014-09-03,2015-09-02
10542,90335,2015-09-03,2016-09-02
10542,93455,2016-09-03,2017-09-02
10542,98953,2017-09-03,2018-09-02
10542,104013,2018-09-03,2019-09-02
10542,106255,2019-09-03,2020-09-02
10542,108146,2020-09-03,2021-09-02
10542,114049,2021-09-03,9999-01-01
10543,91598,1998-05-06,1999-05-05
10543,95473,1999-05-06,2000-05-05
10543,100774,2000-05-06,2001-05-05
10543,103102,2001-05-06,2002-05-05
10543,105938,2002-05-06,2003-05-05
10543,109266,2003-05-06,2004-05-05
10543,111629,2004-05-06,2005-05-05
10543,113450,2005-05-06,2006-05-05
10543,118015,2006-05-06,2007-05-05
10543,124336,2007-05-06,2008-05-05
10543,129629,2008-05-06,2009-05-05
10543,136387,2009-05-06,9999-01-01
10544,51613,2000-01-03,2001-01-02
10544,54684,2001-01-03,2002-01-02
10544,57519,2002-01-03,2003-01-02
10544,59486,2003-01-03,2004-01-02
10544,61749,2004-01-03,2005-01-02
10544,64931,2005-01-03,2006-01-02
10544,66785,2006-01-03,2007-01-02
10544,70380,2007-01-03,2008-01-02
10544,74370,2008-01-03,2009-01-02
10544,77976,2009-01-03,2010-01-02
10544,79320,2010-01-03,2011-01-02
10544,82895,2011-01-03,9999-01-01
10545,47145,1995-01-17,1996-01-16
10545,49362,1996-01-17,1997-01-16
10545,52069,1997-01-17,1998-01-16
10545,53090,1998-01-17,1999-01-16
10545,55357,1999-01-17,2000-01-16
10545,57914,2000-01-17,2001-01-16
10545,58850,2001-01-17,2002-01-16
10545,61959,2002-01-17,2003-01-16
10545,63837,2003-01-17,2004-01-16
10545,65255,2004-01-17,2005-01-16
10545,68316,2005-01-17,2006-01-16
10545,71340,2006-01-17,9999-01-01
10546,65148,2010-01-26,2011-01-25
10546,67761,2011-01-26,2012-01-25
10546,70005,2012-01-26,2013-01-25
10546,72900,2013-01-26,2014-01-25
10546,75110,2014-01-26,2015-01-25
10546,77152,2015-01-26,2016-01-25
10546,79769,2016-01-26,2017-01-25
10546,82161,2017-01-26,2018-01-25
10546,85496,2018-01-26,2019-01-25
10546,89440,2019-01-26,2020-01-25
10546,91815,2020-01-26,2021-01-25
10546,96410,2021-01-26,2021-04-13
10547,50819,2007-06-30,2008-06-29
10547,53153,2008-06-30,2009-06-29
10547,55862,2009-06-30,2010-06-29
10547,58513,2010-06-30,2011-06-29
10547,60716,2011-06-30,2012-06-29
10547,64068,2012-06-30,2013-06-29
10547,66361,2013-06-30,2014-06-29
10547,68228,2014-06-30,2015-06-29
10547,71660,2015-06-30,2016-06-29
10547,74179,2016-06-30,2017-06-29
10547,78129,2017-06-30,2018-06-29
10547,80500,2018-06-30,9999-01-01
10548,72474,1994-05-17,1995-05-16
10548,76183,1995-05-17,1996-05-16
10548,79712,1996-05-17,1997-05-16
10548,83964,1997-05-17,1998-05-16
10548,88487,1998-05-17,1999-05-16
10548,91060,1999-05-17,2000-05-16
10548,96364,2000-05-17,2001-05-16
10548,101829,2001-05-17,2002-05-16
10548,105716,2002-05-17,2003-05-16
10548,111661,2003-05-17,2004-05-16
10548,117804,2004-05-17,2005-05-16
10548,123894,2005-05-17,9999-01-01
10549,80626,2013-08-21,2014-08-20
10549,82962,2014-08-21,2015-08-20
10549,85519,2015-08-21,2016-08-20
10549,88368,2016-08-21,2017-08-20
10549,93045,2017-08-21,2018-08-20
10549,97105,2018-08-21,2019-08-20
10549,102460,2019-08-21,2020-08-20
10549,105783,2020-08-21,2021-08-20
10549,108446,2021-08-21,2022-08-20
10549,113271,2022-08-21,2023-08-20
10549,119894,2023-08-21,9999-01-01
10550,65918,2001-07-29,2002-07-28
10550,67507,2002-07-29,2003-07-28
10550,69347,2003-07-29,2004-07-28
10550,72637,2004-07-29,2005-07-28
10550,75288,2005-07-29,2006-07-28
10550,76794,2006-07-29,2007-07-28
10550,78150,2007-07-29,2008-07-28
10550,79883,2008-07-29,2009-07-28
10550,84370,2009-07-29,2010-07-28
10550,88710,2010-07-29,2011-07-28
10550,93557,2011-07-29,2012-07-28
10550,96368,2012-07-29,9999-01-01
10551,96346,1991-03-31,1992-03-30
10551,98791,1992-03-31,1993-03-30
10551,102356,1993-03-31,1994-03-30
10551,106848,1994-03-31,1995-03-30
10551,108717,1995-03-31,1996-03-30
10551,114810,1996-03-31,1997-03-30
10551,119234,1997-03-31,1998-03-30
10551,124375,1998-03-31,1999-03-30
10551,128190,1999-03-31,2000-03-30
10551,131783,2000-03-31,2001-03-30
10551,135287,2001-03-31,2002-03-30
10551,138970,2002-03-31,9999-01-01
10552,74002,1995-05-18,1996-05-17
10552,75601,1996-05-18,1997-05-17
10552,78436,1997-05-18,1998-05-17
10552,82821,1998-05-18,1999-05-17
10552,84720,1999-05-18,2000-05-17
10552,89353,2000-05-18,2001-05-17
10552,93525,2001-05-18,2002-05-17
10552,97440,2002-05-18,2003-05-17
10552,100601,2003-05-18,2004-05-17
10552,102862,2004-05-18,2005-05-17
10552,105943,2005-05-18,2006-05-17
10552,108650,2006-05-18,9999-01-01
10553,47108,2007-01-28,2008-01-27
10553,49656,2008-01-28,2009-01-27
10553,51243,2009-01-28,2010-01-27
10553,53452,2010-01-28,2011-01-27
10553,56214,2011-01-28,2012-01-27
10553,59124,2012-01-28,2013-01-27
10553,60548,2013-01-28,2014-01-27
10553,61800,2014-01-28,2015-01-27
10553,65325,2015-01-28,2016-01-27
10553,69080,2016-01-28,2017-01-27
10553,70665,2017-01-28,2018-01-27
10553,73861,2018-01-28,9999-01-01
10554,62724,2003-03-02,2004-03-01
10554,65830,2004-03-02,2005-03-01
10554,69290,2005-03-02,2006-03-01
10554,70474,2006-03-02,2007-03-01
10554,72192,2007-03-02,2008-03-01
10554,75122,2008-03-02,2009-03-01
10554,78408,2009-03-02,2010-03-01
10554,81437,2010-03-02,2011-03-01
10554,83168,2011-03-02,2012-03-01
10554,87074,2012-03-02,2013-03-01
10554,91133,2013-03-02,2014-03-01
10554,92688,2014-03-02,9999-01-01
10555,56246,1999-12-25,2000-12-24
10555,58924,2000-12-25,2001-12-24
10555,61991,2001-12-25,2002-12-24
10555,65434,2002-12-25,2003-12-24
10555,67755,2003-12-25,2004-12-24
10555,71266,2004-12-25,2005-12-24
10555,74787,2005-12-25,2006-12-24
10555,78898,2006-12-25,2007-12-24
10555,83308,2007-12-25,2008-12-24
10555,88165,2008-12-25,2009-12-24
10555,90343,2009-12-25,2010-12-24
10555,91942,2010-12-25,9999-01-01
10556,44828,2007-01-30,2008-01-29
10556,45761,2008-01-30,2009-01-29
10556,47998,2009-01-30,2010-01-29
10556,50308,2010-01-30,2011-01-29
10556,51281,2011-01-30,2012-01-29
10556,54214,2012-01-30,2013-01-29
10556,55616,2013-01-30,2014-01-29
10556,58092,2014-01-30,2015-01-29
10556,59811,2015-01-30,2016-01-29
10556,62508,2016-01-30,2017-01-29
10556,63862,2017-01-30,2018-01-29
10556,64860,2018-01-30,9999-01-01
10557,79097,1994-03-20,1995-03-19
10557,81637,1995-03-20,1996-03-19
10557,85773,1996-03-20,1997-03-19
10557,89165,1997-03-20,1998-03-19
10557,92958,1998-03-20,1999-03-19
10557,94944,1999-03-20,2000-03-19
10557,98577,2000-03-20,2001-03-19
10557,103317,2001-03-20,2002-03-19
10557,106788,2002-03-20,2003-03-19
10557,109927,2003-03-20,2004-03-19
10557,116051,2004-03-20,2005-03-19
10557,119908,2005-03-20,9999-01-01
10558,70371,2006-11-05,2007-11-04
10558,72990,2007-11-05,2008-11-04
10558,76309,2008-11-05,2009-11-04
10558,78715,2009-11-05,2010-11-04
10558,80890,2010-11-05,2011-11-04
10558,82718,2011-11-05,2012-11-04
10558,85358,2012-11-05,2013-11-04
10558,88356,2013-11-05,2014-11-04
10558,92461,2014-11-05,2015-11-04
10558,97780,2015-11-05,2016-11-04
10558,99723,2016-11-05,2017-11-04
10558,101986,2017-11-05,9999-01-01
10559,49813,2005-12-27,2006-12-26
10559,51136,2006-12-27,2007-12-26
10559,53159,2007-12-27,2008-12-26
10559,55178,2008-12-27,2009-12-26
10559,58404,2009-12-27,2010-12-26
10559,60405,2010-12-27,2011-12-26
10559,61539,2011-12-27,2012-12-26
10559,62777,2012-12-27,2013-12-26
10559,64279,2013-12-27,2014-12-26
10559,66953,2014-12-27,2015-12-26
10559,70632,2015-12-27,2016-12-26
10559,73872,2016-12-27,9999-01-01
10560,75167,1999-09-24,2000-09-23
10560,79617,2000-09-24,2001-09-23
10560,80890,2001-09-24,2002-09-23
10560,85246,2002-09-24,2003-09-23
10560,89563,2003-09-24,2004-09-23
10560,91947,2004-09-24,2005-09-23
10560,95649,2005-09-24,2006-09-23
10560,97473,2006-09-24,2007-09-23
10560,103141,2007-09-24,2008-09-23
10560,109011,2008-09-24,2009-09-23
10560,112835,2009-09-24,2010-09-23
10560,117441,2010-09-24,2011-09-23
10561,52632,1995-11-13,1996-11-12
10561,53667,1996-11-13,1997-11-12
10561,55264,1997-11-13,1998-11-12
10561,57207,1998-11-13,1999-11-12
10561,58927,1999-11-13,2000-11-12
10561,61692,2000-11-13,2001-11-12
10561,64124,2001-11-13,2002-11-12
10561,65829,2002-11-13,2003-11-12
10561,67695,2003-11-13,2004-11-12
10561,71291,2004-11-13,2005-11-12
10561,72544,2005-11-13,2006-11-12
10561,76138,2006-11-13,9999-01-01
10562,69307,2007-02-05,2008-02-04
10562,73045,2008-02-05,2009-02-04
10562,76040,2009-02-05,2010-02-04
10562,80161,2010-02-05,2011-02-04
10562,83712,2011-02-05,2012-02-04
10562,85859,2012-02-05,2013-02-04
10562,89705,2013-02-05,2014-02-04
10562,92164,2014-02-05,2015-02-04
10562,94709,2015-02-05,2016-02-04
10562,98767,2016-02-05,2017-02-04
10562,103451,2017-02-05,2018-02-04
10562,108144,2018-02-05,9999-01-01
10563,50216,2001-02-12,2002-02-11
10563,52610,2002-02-12,2003-02-11
10563,54849,2003-02-12,2004-02-11
10563,57323,2004-02-12,2005-02-11
10563,58912,2005-02-12,2006-02-11
10563,60306,2006-02-12,2007-02-11
10563,63662,2007-02-12,2008-02-11
10563,64976,2008-02-12,2009-02-11
10563,67647,2009-02-12,2010-02-11
10563,69366,2010-02-12,2011-02-11
10563,70916,2011-02-12,2012-02-11
10563,73962,2012-02-12,9999-01-01
10564,47983,2009-03-07,2010-03-06
10564,50680,2010-03-07,2011-03-06
10564,53362,2011-03-07,2012-03-06
10564,55850,2012-03-07,2013-03-06
10564,58699,2013-03-07,2014-03-06
10564,61325,2014-03-07,2015-03-06
10564,63036,2015-03-07,2016-03-06
10564,64804,2016-03-07,2017-03-06
10564,66679,2017-03-07,2018-03-06
10564,69261,2018-03-07,2019-03-06
10564,70697,2019-03-07,2020-03-06
10564,74771,2020-03-07,9999-01-01
10565,59720,1994-05-29,1995-05-28
10565,61602,1995-05-29,1996-05-28
10565,64016,1996-05-29,1997-05-28
10565,67647,1997-05-29,1998-05-28
10565,71690,1998-05-29,1999-05-28
10565,75445,1999-05-29,2000-05-28
10565,78940,2000-05-29,2001-05-28
10565,83554,2001-05-29,2002-05-28
10565,86288,2002-05-29,2003-05-28
10565,89956,2003-05-29,2004-05-28
10565,94091,2004-05-29,2005-05-28
10565,97254,2005-05-29,9999-01-01
10566,77769,1997-04-20,1998-04-19
10566,80796,1998-04-20,1999-04-19
10566,85315,1999-04-20,2000-04-19
10566,88809,2000-04-20,2001-04-19
10566,92817,2001-04-20,2002-04-19
10566,95194,2002-04-20,2003-04-19
10566,100748,2003-04-20,2004-04-19
10566,104488,2004-04-20,2005-04-19
10566,109413,2005-04-20,2006-04-19
10566,112512,2006-04-20,2007-04-19
10566,115634,2007-04-20,2008-04-19
10566,118095,2008-04-20,9999-01-01
10567,64849,1990-05-01,1991-04-30
10567,67657,1991-05-01,1992-04-30
10567,70545,1992-05-01,1993-04-30
10567,72164,1993-05-01,1994-04-30
10567,73587,1994-05-01,1995-04-30
10567,75096,1995-05-01,1996-04-30
10567,76772,1996-05-01,1997-04-30
10567,79856,1997-05-01,1998-04-30
10567,82731,1998-05-01,1999-02-21
10568,68878,1992-03-07,1993-03-06
10568,71958,1993-03-07,1994-03-06
10568,74940,1994-03-07,1995-03-06
10568,78879,1995-03-07,1996-03-06
10568,80339,1996-03-07,1997-03-06
10568,83980,1997-03-07,1998-03-06
10568,85396,1998-03-07,1999-03-06
10568,88090,1999-03-07,2000-03-06
10568,92778,2000-03-07,2001-03-06
10568,96269,2001-03-07,2002-03-06
10568,97715,2002-03-07,2003-03-06
10568,103436,2003-03-07,9999-01-01
10569,70903,1997-05-04,1998-05-03
10569,73461,1998-05-04,1999-05-03
10569,75212,1999-05-04,2000-05-03
10569,77700,2000-05-04,2001-05-03
10569,79943,2001-05-04,2002-05-03
10569,83375,2002-05-04,2003-05-03
10569,85304,2003-05-04,2004-05-03
10569,90142,2004-05-04,2005-05-03
10569,93565,2005-05-04,2006-05-03
10569,95303,2006-05-04,2007-05-03
10569,100644,2007-05-04,2008-05-03
10569,104324,2008-05-04,9999-01-01
10570,93571,2004-11-08,2005-11-07
10570,95638,2005-11-08,2006-11-07
10570,100774,2006-11-08,2007-11-07
10570,104724,2007-11-08,2008-11-07
10570,106887,2008-11-08,2009-11-07
10570,109165,2009-11-08,2010-11-07
10570,112096,2010-11-08,2011-11-07
10570,115734,2011-11-08,2012-11-07
10570,121791,2012-11-08,2013-11-07
10570,124396,2013-11-08,2014-11-07
10570,126638,2014-11-08,2015-11-07
10570,130511,2015-11-08,9999-01-01
10571,61746,2001-09-16,2002-09-15
10571,63078,2002-09-16,2003-09-15
10571,66062,2003-09-16,2004-09-15
10571,68015,2004-09-16,2005-09-15
10571,69144,2005-09-16,2006-09-15
10571,73070,2006-09-16,2007-09-15
10571,75967,2007-09-16,2008-09-15
10571,78196,2008-09-16,2009-09-15
10571,82669,2009-09-16,2010-09-15
10571,86437,2010-09-16,2011-09-15
10571,89877,2011-09-16,2012-09-15
10571,94005,2012-09-16,2013-09-15
10572,74443,2007-05-25,2008-05-24
10572,78623,2008-05-25,2009-05-24
10572,81054,2009-05-25,2010-05-24
10572,84085,2010-05-25,2011-05-24
10572,86362,2011-05-25,2012-05-24
10572,88049,2012-05-25,2013-05-24
10572,93142,2013-05-25,2014-05-24
10572,96706,2014-05-25,2015-05-24
10572,100834,2015-05-25,2016-05-24
10572,105540,2016-05-25,2017-05-24
10572,109885,2017-05-25,2018-05-24
10572,112927,2018-05-25,9999-01-01
10573,54335,1997-08-03,1998-08-02
10573,57500,1998-08-03,1999-08-02
10573,60186,1999-08-03,2000-08-02
10573,62521,2000-08-03,2001-08-02
10573,65997,2001-08-03,2002-08-02
10573,69540,2002-08-03,2003-08-02
10573,71313,2003-08-03,2004-08-02
10573,73285,2004-08-03,2005-08-02
10573,76987,2005-08-03,2006-08-02
10573,80410,2006-08-03,2007-08-02
10573,82490,2007-08-03,2008-08-02
10573,84017,2008-08-03,9999-01-01
10574,60289,1999-03-19,2000-03-18
10574,63724,2000-03-19,2001-03-18
10574,66894,2001-03-19,2002-03-18
10574,70083,2002-03-19,2003-03-18
10574,72961,2003-03-19,2004-03-18
10574,75101,2004-03-19,2005-03-18
10574,77355,2005-03-19,2006-03-18
10574,79759,2006-03-19,2007-03-18
10574,83336,2007-03-19,2008-03-18
10574,84633,2008-03-19,2009-03-18
10574,88169,2009-03-19,2010-03-18
10574,90510,2010-03-19,9999-01-01
10575,50767,1996-01-24,1997-01-23
10575,52589,1997-01-24,1998-01-23
10575,53738,1998-01-24,1999-01-23
10575,54880,1999-01-24,2000-01-23
10575,57489,2000-01-24,2001-01-23
10575,58724,2001-01-24,2002-01-23
10575,60854,2002-01-24,2003-01-23
10575,64444,2003-01-24,2004-01-23
10575,68287,2004-01-24,2005-01-23
10575,70943,2005-01-24,2006-01-23
10575,72246,2006-01-24,2007-01-23
10575,73435,2007-01-24,9999-01-01
10576,78140,2003-10-15,2004-10-14
10576,80172,2004-10-15,2005-10-14
10576,82702,2005-10-15,2006-10-14
10576,86355,2006-10-15,2007-10-14
10576,88826,2007-10-15,2008-10-14
10576,92488,2008-10-15,2009-10-14
10576,96969,2009-10-15,2010-10-14
10576,98571,2010-10-15,2011-10-14
10576,103977,2011-10-15,2012-10-14
10576,108588,2012-10-15,2013-10-14
10576,112765,2013-10-15,2014-10-14
10576,118205,2014-10-15,9999-01-01
10577,53245,1999-04-08,2000-04-07
10577,54665,2000-04-08,2001-04-07
10577,57568,2001-04-08,2002-04-07
10577,59194,2002-04-08,2003-04-07
10577,61941,2003-04-08,2004-04-07
10577,63413,2004-04-08,2005-04-07
10577,65838,2005-04-08,2006-04-07
10577,69083,2006-04-08,2007-04-07
10577,72605,2007-04-08,2008-04-07
10577,74893,2008-04-08,2009-04-07
10577,77996,2009-04-08,2010-04-07
10577,80231,2010-04-08,9999-01-01
10578,60863,2004-09-30,2005-09-29
10578,63812,2005-09-30,2006-09-29
10578,65023,2006-09-30,2007-09-29
10578,68809,2007-09-30,2008-09-29
10578,70875,2008-09-30,2009-09-29
10578,75058,2009-09-30,2010-09-29
10578,77715,2010-09-30,2011-09-29
10578,79952,2011-09-30,2012-09-29
10578,82684,2012-09-30,2013-09-29
10578,85307,2013-09-30,2014-09-29
10578,88059,2014-09-30,2015-09-29
10578,90193,2015-09-30,9999-01-01
10579,59588,2000-08-05,2001-08-04
10579,62748,2001-08-05,2002-08-04
10579,65268,2002-08-05,2003-08-04
10579,66556,2003-08-05,2004-08-04
10579,68484,2004-08-05,2005-08-04
10579,70830,2005-08-05,2006-08-04
10579,73542,2006-08-05,2007-08-04
10579,76123,2007-08-05,2008-08-04
10579,78738,2008-08-05,2009-08-04
10579,81061,2009-08-05,2010-08-04
10579,85079,2010-08-05,2011-08-04
10579,87018,2011-08-05,9999-01-01
10580,67785,2014-12-12,2015-12-11
10580,71149,2015-12-12,2016-12-11
10580,73092,2016-12-12,2017-12-11
10580,77468,2017-12-12,2018-12-11
10580,81800,2018-12-12,2019-12-11
10580,84230,2019-12-12,2020-12-11
10580,88860,2020-12-12,2021-12-11
10580,93776,2021-12-12,2022-12-11
10580,95258,2022-12-12,2023-12-11
10580,99992,2023-12-12,9999-01-01
10581,59927,2011-10-19,2012-10-18
10581,63164,2012-10-19,2013-10-18
10581,65554,2013-10-19,2014-10-18
10581,67896,2014-10-19,2015-10-18
10581,71388,2015-10-19,2016-10-18
10581,74212,2016-10-19,2017-10-18
10581,78448,2017-10-19,2018-10-18
10581,80386,2018-10-19,2019-10-18
10581,84227,2019-10-19,2020-10-18
10581,85659,2020-10-19,2021-10-18
10581,87020,2021-10-19,2022-10-18
10581,88342,2022-10-19,2023-10-18
10582,60256,2014-02-24,2015-02-23
10582,63373,2015-02-24,2016-02-23
10582,65894,2016-02-24,2017-02-23
10582,69470,2017-02-24,2018-02-23
10582,71413,2018-02-24,2019-02-23
10582,74265,2019-02-24,2020-02-23
10582,78423,2020-02-24,2021-02-23
10582,82737,2021-02-24,2022-02-23
10582,86524,2022-02-24,2023-02-23
10582,91166,2023-02-24,9999-01-01
10583,74300,2013-08-08,2014-08-07
10583,76235,2014-08-08,2015-08-07
10583,80504,2015-08-08,2016-08-07
10583,81983,2016-08-08,2017-08-07
10583,85262,2017-08-08,2018-08-07
10583,88504,2018-08-08,2019-08-07
10583,92999,2019-08-08,2020-08-07
10583,97669,2020-08-08,2021-08-07
10583,100813,2021-08-08,2022-08-07
10583,104622,2022-08-08,2023-08-07
10583,107453,2023-08-08,2023-08-25
10584,77655,2009-10-12,2010-10-11
10584,80050,2010-10-12,2011-10-11
10584,84163,2011-10-12,2012-10-11
10584,87540,2012-10-12,2013-10-11
10584,91537,2013-10-12,2014-10-11
10584,95608,2014-10-12,2015-10-11
10584,99387,2015-10-12,2016-10-11
10584,104314,2016-10-12,2017-10-11
10584,108944,2017-10-12,2018-10-11
10584,113270,2018-10-12,2019-10-11
10584,117777,2019-10-12,2020-10-11
10584,124432,2020-10-12,9999-01-01
10585,71814,2003-11-23,2004-11-22
10585,73178,2004-11-23,2005-11-22
10585,77532,2005-11-23,2006-06-14
10586,69365,1992-08-20,1993-08-19
10586,70783,1993-08-20,1994-08-19
10586,71946,1994-08-20,1995-08-19
10586,76100,1995-08-20,1996-08-19
10586,79828,1996-08-20,1997-08-19
10586,81702,1997-08-20,1998-08-19
10586,86467,1998-08-20,1999-08-19
10586,88474,1999-08-20,2000-08-19
10586,93690,2000-08-20,2000-12-01
10587,83809,1997-05-02,1998-05-01
10587,85577,1998-05-02,1999-05-01
10587,90108,1999-05-02,2000-05-01
10587,94648,2000-05-02,2001-05-01
10587,99682,2001-05-02,2002-05-01
10587,101345,2002-05-02,2003-05-01
10587,106088,2003-05-02,2004-05-01
10587,111977,2004-05-02,2005-05-01
10587,117994,2005-05-02,2006-05-01
10587,120641,2006-05-02,2007-05-01
10587,123590,2007-05-02,2008-05-01
10587,129416,2008-05-02,2009-05-01
10588,41581,2012-09-22,2013-09-21
10588,42404,2013-09-22,2014-09-21
10588,43171,2014-09-22,2015-09-21
10588,45503,2015-09-22,2016-09-21
10588,46814,2016-09-22,2017-09-21
10588,48438,2017-09-22,2018-09-21
10588,51195,2018-09-22,2019-09-21
10588,52471,2019-09-22,2020-09-21
10588,54956,2020-09-22,2021-09-21
10588,58072,2021-09-22,2022-09-21
10588,59420,2022-09-22,2023-09-21
10588,61283,2023-09-22,9999-01-01
10589,48213,1990-09-13,1991-09-12
10589,50864,1991-09-13,1992-09-12
10589,52503,1992-09-13,1993-09-12
10589,53339,1993-09-13,1994-09-12
10589,55177,1994-09-13,1995-09-12
10589,57113,1995-09-13,1996-09-12
10589,59681,1996-09-13,1997-09-12
10589,63143,1997-09-13,1998-09-12
10589,64601,1998-09-13,1999-09-12
10589,65880,1999-09-13,2000-09-12
10589,68145,2000-09-13,2001-09-12
10589,69908,2001-09-13,9999-01-01
10590,48387,2007-04-22,2008-04-21
10590,49238,2008-04-22,2009-04-21
10590,50887,2009-04-22,2010-04-21
10590,53414,2010-04-22,2011-04-21
10590,54990,2011-04-22,2012-04-21
10590,57894,2012-04-22,2013-04-21
10590,59966,2013-04-22,2014-04-21
10590,62028,2014-04-22,2015-04-21
10590,64704,2015-04-22,2016-04-21
10590,67399,2016-04-22,2017-04-21
10590,70102,2017-04-22,2018-04-21
10590,71760,2018-04-22,9999-01-01
10591,72902,2001-10-05,2002-10-04
10591,75882,2002-10-05,2003-10-04
10591,80304,2003-10-05,2004-10-04
10591,83608,2004-10-05,2005-10-04
10591,85087,2005-10-05,2006-10-04
10591,87151,2006-10-05,2007-10-04
10591,91676,2007-10-05,2008-10-04
10591,95087,2008-10-05,2009-10-04
10591,97146,2009-10-05,2010-10-04
10591,100580,2010-10-05,2011-10-04
10591,104922,2011-10-05,2012-10-04
10591,107983,2012-10-05,9999-01-01
10592,47341,2003-02-15,2004-02-14
10592,49541,2004-02-15,2005-02-14
10592,51373,2005-02-15,2006-02-14
10592,53777,2006-02-15,2007-02-14
10592,54875,2007-02-15,2008-02-14
10592,57046,2008-02-15,2009-02-14
10592,59881,2009-02-15,2010-02-14
10592,61444,2010-02-15,2011-02-14
10592,64045,2011-02-15,2012-02-14
10592,65608,2012-02-15,2013-02-14
10592,68501,2013-02-15,2014-02-14
10592,71392,2014-02-15,2015-02-14
10593,68975,1997-09-02,1998-09-01
10593,71332,1998-09-02,1999-09-01
10593,73846,1999-09-02,2000-09-01
10593,76254,2000-09-02,2001-09-01
10593,78424,2001-09-02,2002-09-01
10593,82412,2002-09-02,2003-09-01
10593,85776,2003-09-02,2004-09-01
10593,87202,2004-09-02,2005-09-01
10593,90052,2005-09-02,2006-09-01
10593,94292,2006-09-02,2007-09-01
10593,98917,2007-09-02,2008-09-01
10593,103665,2008-09-02,9999-01-01
10594,52172,1996-11-13,1997-11-12
10594,54142,1997-11-13,1998-11-12
10594,55160,1998-11-13,1999-11-12
10594,57613,1999-11-13,2000-11-12
10594,59489,2000-11-13,2001-11-12
10594,62594,2001-11-13,2002-11-12
10594,64878,2002-11-13,2003-11-12
10594,66588,2003-11-13,2004-11-12
10594,69433,2004-11-13,2005-11-12
10594,70717,2005-11-13,2006-11-12
10594,72973,2006-11-13,2007-11-12
10594,74249,2007-11-13,9999-01-01
10595,61551,2008-08-29,2009-08-28
10595,63432,2009-08-29,2010-08-28
10595,64848,2010-08-29,2011-08-28
10595,67545,2011-08-29,2012-08-28
10595,71130,2012-08-29,2013-08-28
10595,75151,2013-08-29,2014-08-28
10595,77238,2014-08-29,2015-08-28
10595,81745,2015-08-29,2016-08-28
10595,83328,2016-08-29,2017-08-28
10595,87613,2017-08-29,2018-08-28
10595,92157,2018-08-29,2019-08-28
10595,94945,2019-08-29,9999-01-01
10596,45678,1994-05-11,1995-05-10
10596,47928,1995-05-11,1996-05-10
10596,49989,1996-05-11,1997-05-10
10596,52972,1997-05-11,1998-05-10
10596,54451,1998-05-11,1999-05-10
10596,57492,1999-05-11,2000-05-10
10596,59151,2000-05-11,2001-05-10
10596,62011,2001-05-11,2002-05-10
10596,63873,2002-05-11,2003-05-10
10596,66654,2003-05-11,2004-05-10
10596,69784,2004-05-11,2005-05-10
10596,72674,2005-05-11,9999-01-01
10597,57741,1997-12-02,1998-12-01
10597,60194,1998-12-02,1999-12-01
10597,63063,1999-12-02,2000-12-01
10597,65554,2000-12-02,2001-12-01
10597,69078,2001-12-02,2002-12-01
10597,72333,2002-12-02,2003-12-01
10597,75206,2003-12-02,2004-12-01
10597,76700,2004-12-02,2005-12-01
10597,78915,2005-12-02,2006-12-01
10597,81764,2006-12-02,2007-12-01
10597,83949,2007-12-02,2008-12-01
10597,88725,2008-12-02,9999-01-01
10598,73818,1995-10-13,1996-10-12
10598,74991,1996-10-13,1997-10-12
10598,76335,1997-10-13,1998-10-12
10598,79693,1998-10-13,1999-10-12
10598,82895,1999-10-13,2000-10-12
10598,87386,2000-10-13,2001-10-12
10598,89568,2001-10-13,2002-10-12
10598,94348,2002-10-13,2003-10-12
10598,96725,2003-10-13,2004-10-12
10598,102395,2004-10-13,2005-10-12
10598,108440,2005-10-13,2006-10-12
10598,111248,2006-10-13,9999-01-01
10599,72573,2013-03-22,2014-03-21
10599,73856,2014-03-22,2015-03-21
10599,77497,2015-03-22,2016-03-21
10599,81467,2016-03-22,2017-03-21
10599,84270,2017-03-22,2018-03-21
10599,87284,2018-03-22,2019-03-21
10599,88644,2019-03-22,2020-03-21
10599,93910,2020-03-22,2021-03-21
10599,96109,2021-03-22,2021-05-19
10600,49263,2000-03-16,2001-03-15
10600,50548,2001-03-16,2002-03-15
10600,52106,2002-03-16,2003-03-15
10600,53832,2003-03-16,2004-03-15
10600,56014,2004-03-16,2005-03-15
10600,58370,2005-03-16,2006-03-15
10600,61522,2006-03-16,2007-03-15
10600,64974,2007-03-16,2008-03-15
10600,68120,2008-03-16,2009-03-15
10600,71551,2009-03-16,2010-03-15
10600,75247,2010-03-16,2011-03-15
10600,78686,2011-03-16,2012-03-15
10601,53085,1991-11-04,1992-11-03
10601,55422,1992-11-04,1993-11-03
10601,57842,1993-11-04,1994-11-03
10601,59212,1994-11-04,1995-11-03
10601,62429,1995-11-04,1996-11-03
10601,64655,1996-11-04,1997-11-03
10601,66811,1997-11-04,1998-11-03
10601,68566,1998-11-04,1999-11-03
10601,70015,1999-11-04,2000-11-03
10601,74074,2000-11-04,2001-11-03
10601,76991,2001-11-04,2002-11-03
10601,78584,2002-11-04,9999-01-01
10602,68395,1996-01-06,1997-01-05
10602,69432,1997-01-06,1998-01-05
10602,73241,1998-01-06,1999-01-05
10602,75342,1999-01-06,2000-01-05
10602,79198,2000-01-06,2001-01-05
10602,80814,2001-01-06,2002-01-05
10602,82285,2002-01-06,2003-01-05
10602,83886,2003-01-06,2004-01-05
10602,87108,2004-01-06,2005-01-05
10602,91320,2005-01-06,2006-01-05
10602,96293,2006-01-06,2007-01-05
10602,100318,2007-01-06,9999-01-01
10603,67716,2010-07-13,2011-07-12
10603,70314,2011-07-13,2012-07-12
10603,74493,2012-07-13,2013-07-12
10603,75728,2013-07-13,2014-07-12
10603,78158,2014-07-13,2015-07-12
10603,80634,2015-07-13,2016-07-12
10603,81888,2016-07-13,2017-07-12
10603,84113,2017-07-13,2018-07-12
10603,86048,2018-07-13,2019-07-12
10603,89137,2019-07-13,2020-07-12
10603,94438,2020-07-13,2021-07-12
10603,96228,2021-07-13,9999-01-01
10604,67780,2000-12-18,2001-12-17
10604,69983,2001-12-18,2002-12-17
10604,71501,2002-12-18,2003-12-17
10604,75454,2003-12-18,2004-12-17
10604,79660,2004-12-18,2005-12-17
10604,80949,2005-12-18,2006-12-17
10604,82692,2006-12-18,2007-12-17
10604,86050,2007-12-18,2008-12-17
10604,90589,2008-12-18,2009-12-17
10604,95560,2009-12-18,2010-12-17
10604,98243,2010-12-18,2011-12-17
10604,100453,2011-12-18,9999-01-01
10605,66974,1996-03-07,1997-03-06
10605,70285,1997-03-07,1998-03-06
10605,73158,1998-03-07,1999-03-06
10605,77422,1999-03-07,2000-03-06
10605,80590,2000-03-07,2001-03-06
10605,82855,2001-03-07,2002-03-06
10605,85552,2002-03-07,2003-03-06
10605,90101,2003-03-07,2004-03-06
10605,94761,2004-03-07,2005-03-06
10605,96773,2005-03-07,2006-03-06
10605,101104,2006-03-07,2007-03-06
10605,106580,2007-03-07,9999-01-01
10606,72921,1999-10-18,2000-10-17
10606,76797,2000-10-18,2001-10-17
10606,78376,2001-10-18,2002-10-17
10606,82152,2002-10-18,2003-10-17
10606,83687,2003-10-18,2004-10-17
10606,88268,2004-10-18,2005-10-17
10606,90588,2005-10-18,2006-10-17
10606,95702,2006-10-18,2007-10-17
10606,100035,2007-10-18,2008-10-17
10606,103033,2008-10-18,2009-10-17
10606,107910,2009-10-18,2010-10-17
10606,111032,2010-10-18,9999-01-01
10607,57120,2013-12-25,2014-12-24
10607,58727,2014-12-25,2015-12-24
10607,59787,2015-12-25,2016-12-24
10607,61592,2016-12-25,2017-12-24
10607,64192,2017-12-25,2018-12-24
10607,66662,2018-12-25,2019-12-24
10607,69717,2019-12-25,2020-12-24
10607,72592,2020-12-25,2021-12-24
10607,76235,2021-12-25,2022-12-24
10607,79232,2022-12-25,2023-12-24
10607,81763,2023-12-25,9999-01-01
10608,66363,2012-09-24,2013-09-23
10608,69377,2013-09-24,2014-09-23
10608,70814,2014-09-24,2015-09-23
10608,72620,2015-09-24,2016-09-23
10608,74081,2016-09-24,2017-09-23
10608,77205,2017-09-24,2018-09-23
10608,79482,2018-09-24,2019-09-23
10608,82801,2019-09-24,2020-09-23
10608,87027,2020-09-24,2021-09-23
10608,91449,2021-09-24,2022-09-23
10608,94570,2022-09-24,2023-09-23
10608,99093,2023-09-24,9999-01-01
10609,66067,2010-06-01,2011-05-31
10609,69921,2011-06-01,2012-05-31
10609,72912,2012-06-01,2013-05-31
10609,76340,2013-06-01,2014-05-31
10609,78206,2014-06-01,2015-05-31
10609,79417,2015-06-01,2016-05-31
10609,82047,2016-06-01,2017-05-05
10610,67132,1990-03-06,1991-03-05
10610,69554,1991-03-06,1992-03-05
10610,70666,1992-03-06,1993-03-05
10610,74674,1993-03-06,1994-03-05
10610,78550,1994-03-06,1995-03-05
10610,81078,1995-03-06,1996-03-05
10610,83610,1996-03-06,1997-03-05
10610,85529,1997-03-06,1998-03-05
10610,89930,1998-03-06,1999-03-05
10610,92963,1999-03-06,2000-03-05
10610,95849,2000-03-06,2001-03-05
10610,99971,2001-03-06,9999-01-01
10611,54327,1995-11-11,1996-11-10
10611,56840,1996-11-11,1997-11-10
10611,59559,1997-11-11,1998-11-10
10611,62451,1998-11-11,1999-11-10
10611,65642,1999-11-11,2000-11-10
10611,67899,2000-11-11,2001-11-10
10611,71722,2001-11-11,2002-11-10
10611,74147,2002-11-11,2003-11-10
10611,75585,2003-11-11,2004-11-10
10611,79241,2004-11-11,2005-11-10
10611,81456,2005-11-11,2006-11-10
10611,86240,2006-11-11,9999-01-01
10612,79083,1994-05-17,1995-05-16
10612,83477,1995-05-17,1996-05-16
10612,85022,1996-05-17,1997-05-16
10612,88554,1997-05-17,1998-05-16
10612,91638,1998-05-17,1999-05-16
10612,94569,1999-05-17,2000-05-16
10612,99787,2000-05-17,2001-03-26
10613,42787,2009-01-28,2010-01-27
10613,43508,2010-01-28,2011-01-27
10613,44710,2011-01-28,2012-01-27
10613,47263,2012-01-28,2013-01-27
10613,49287,2013-01-28,2014-01-27
10613,50657,2014-01-28,2015-01-27
10613,52148,2015-01-28,2016-01-27
10613,52988,2016-01-28,2016-09-10
10614,63159,1992-12-19,1993-12-18
10614,65937,1993-12-19,1994-12-18
10614,67090,1994-12-19,1995-12-18
10614,69503,1995-12-19,1996-12-18
10614,71128,1996-12-19,1997-12-18
10614,72516,1997-12-19,1998-12-18
10614,74512,1998-12-19,1999-12-18
10614,78843,1999-12-19,2000-12-18
10614,81388,2000-12-19,2001-12-18
10614,85680,2001-12-19,2002-12-18
10614,87300,2002-12-19,2003-12-18
10614,88679,2003-12-19,9999-01-01
10615,60301,2006-05-31,2007-05-30
10615,63412,2007-05-31,2008-05-30
10615,65618,2008-05-31,2009-05-30
10615,67641,2009-05-31,2010-05-30
10615,69271,2010-05-31,2011-05-30
10615,73016,2011-05-31,2012-05-30
10615,75126,2012-05-31,2013-05-30
10615,76581,2013-05-31,2014-05-30
10615,78714,2014-05-31,2015-05-30
10615,80258,2015-05-31,2016-05-30
10615,84059,2016-05-31,2017-05-30
10615,85917,2017-05-31,9999-01-01
10616,64517,1993-09-16,1994-09-15
10616,66063,1994-09-16,1995-09-15
10616,68489,1995-09-16,1996-09-15
10616,72150,1996-09-16,1997-09-15
10616,75983,1997-09-16,1998-09-15
10616,79393,1998-09-16,1999-09-15
10616,83732,1999-09-16,2000-09-15
10616,87043,2000-09-16,2001-09-15
10616,92073,2001-09-16,2002-09-15
10616,94946,2002-09-16,2003-09-15
10616,98148,2003-09-16,2004-09-15
10616,103401,2004-09-16,9999-01-01
10617,67492,2013-07-25,2014-07-24
10617,70186,2014-07-25,2015-07-24
10617,71424,2015-07-25,2016-07-24
10617,72720,2016-07-25,2017-07-24
10617,76518,2017-07-25,2018-07-24
10617,78586,2018-07-25,2019-07-24
10617,82503,2019-07-25,2020-07-24
10617,86966,2020-07-25,2021-07-24
10617,89830,2021-07-25,2022-07-24
10617,92279,2022-07-25,2023-07-24
10617,96701,2023-07-25,9999-01-01
10618,51361,2011-12-22,2012-12-21
10618,53228,2012-12-22,2013-12-21
10618,55693,2013-12-22,2014-12-21
10618,57921,2014-12-22,2015-12-21
10618,60612,2015-12-22,2016-12-21
10618,63460,2016-12-22,2017-12-21
10618,65261,2017-12-22,2018-12-21
10618,66627,2018-12-22,2019-12-21
10618,70580,2019-12-22,2020-12-21
10618,72374,2020-12-22,2021-12-21
10618,73560,2021-12-22,2022-12-21
10618,76785,2022-12-22,9999-01-01
10619,37332,2008-10-09,2009-10-08
10619,38479,2009-10-09,2010-10-08
10619,39570,2010-10-09,2011-10-08
10619,41334,2011-10-09,2012-10-08
10619,43661,2012-10-09,2013-10-08
10619,44917,2013-10-09,2014-10-08
10619,47462,2014-10-09,2015-10-08
10619,49419,2015-10-09,2016-10-08
10619,50827,2016-10-09,2017-10-08
10619,52779,2017-10-09,2018-10-08
10619,55304,2018-10-09,2019-10-08
10619,56505,2019-10-09,9999-01-01
10620,57762,1997-06-12,1998-06-11
10620,60653,1998-06-12,1999-06-11
10620,62894,1999-06-12,2000-06-11
10620,63988,2000-06-12,2001-06-11
10620,67732,2001-06-12,2002-06-11
10620,69590,2002-06-12,2003-06-11
10620,73198,2003-06-12,2004-06-11
10620,77319,2004-06-12,2005-06-11
10620,78546,2005-06-12,2006-06-11
10620,82674,2006-06-12,2007-06-11
10620,86291,2007-06-12,2008-06-11
10620,89201,2008-06-12,9999-01-01
10621,69761,2008-02-09,2009-02-08
10621,73343,2009-02-09,2010-02-08
10621,75418,2010-02-09,2011-02-08
10621,76669,2011-02-09,2012-02-08
10621,78415,2012-02-09,2013-02-08
10621,80852,2013-02-09,2014-02-08
10621,84566,2014-02-09,2015-02-08
10621,86855,2015-02-09,2016-02-08
10621,89464,2016-02-09,2017-02-08
10621,93297,2017-02-09,2018-02-08
10621,98001,2018-02-09,2019-02-08
10621,99521,2019-02-09,9999-01-01
10622,66641,2006-09-04,2007-09-03
10622,67912,2007-09-04,2008-09-03
10622,70540,2008-09-04,2009-09-03
10622,72496,2009-09-04,2010-09-03
10622,76357,2010-09-04,2011-09-03
10622,80623,2011-09-04,2012-09-03
10622,85092,2012-09-04,2013-09-03
10622,87584,2013-09-04,2014-09-03
10622,91458,2014-09-04,2015-09-03
10622,93915,2015-09-04,2016-09-03
10622,98640,2016-09-04,2017-09-03
10622,100778,2017-09-04,9999-01-01
10623,82126,1997-02-24,1998-02-23
10623,85881,1998-02-24,1999-02-23
10623,90404,1999-02-24,2000-02-23
10623,93000,2000-02-24,2001-02-23
10623,96546,2001-02-24,2002-02-23
10623,98877,2002-02-24,2003-02-23
10623,104583,2003-02-24,2004-02-23
10623,106302,2004-02-24,2005-02-23
10623,108344,2005-02-24,2006-02-23
10623,110800,2006-02-24,2007-02-23
10623,114994,2007-02-24,2008-02-23
10623,118371,2008-02-24,9999-01-01
10624,64594,2011-05-20,2012-05-19
10624,67589,2012-05-20,2013-05-19
10624,69992,2013-05-20,2014-05-19
10624,74158,2014-05-20,2015-05-19
10624,76063,2015-05-20,2016-05-19
10624,79029,2016-05-20,2017-05-19
10624,82552,2017-05-20,2018-05-19
10624,87349,2018-05-20,2019-05-19
10624,92257,2019-05-20,2020-05-19
10624,94665,2020-05-20,2021-05-19
10624,99085,2021-05-20,2022-05-19
10624,104786,2022-05-20,9999-01-01
10625,52834,2003-05-31,2004-05-30
10625,55561,2004-05-31,2005-05-30
10625,56520,2005-05-31,2006-05-30
10625,58854,2006-05-31,2007-05-30
10625,60102,2007-05-31,2008-05-30
10625,61408,2008-05-31,2009-05-30
10625,64045,2009-05-31,2010-05-30
10625,65130,2010-05-31,2011-05-30
10625,67590,2011-05-31,2012-05-30
10625,69621,2012-05-31,2013-05-30
10625,71883,2013-05-31,2014-05-30
10625,73035,2014-05-31,9999-01-01
10626,102510,1998-08-18,1999-08-17
10626,106956,1999-08-18,2000-08-17
10626,111339,2000-08-18,2001-08-17
10626,115766,2001-08-18,2002-08-17
10626,122055,2002-08-18,2003-08-17
10626,127205,2003-08-18,2004-08-17
10626,130885,2004-08-18,2005-08-17
10626,134932,2005-08-18,2006-08-17
10626,139822,2006-08-18,2007-08-17
10626,145580,2007-08-18,2008-08-17
10626,154189,2008-08-18,2009-08-17
10626,156690,2009-08-18,9999-01-01
10627,36875,2006-05-07,2007-05-06
10627,38866,2007-05-07,2008-05-06
10627,40423,2008-05-07,2009-05-06
10627,41529,2009-05-07,2010-05-06
10627,43982,2010-05-07,2011-05-06
10627,45308,2011-05-07,2012-05-06
10627,46757,2012-05-07,2013-05-06
10627,47547,2013-05-07,2014-05-06
10627,49972,2014-05-07,2015-05-06
10627,51194,2015-05-07,2016-05-06
10627,52651,2016-05-07,2017-05-06
10627,53653,2017-05-07,9999-01-01
10628,51164,1991-10-09,1992-10-08
10628,53911,1992-10-09,1993-10-08
10628,57046,1993-10-09,1994-10-08
10628,59005,1994-10-09,1995-10-08
10628,61591,1995-10-09,1996-10-08
10628,64383,1996-10-09,1997-10-08
10628,67987,1997-10-09,1998-10-08
10628,69780,1998-10-09,1999-10-08
10628,71746,1999-10-09,2000-10-08
10628,73329,2000-10-09,2001-10-08
10628,74811,2001-10-09,2002-10-08
10628,77754,2002-10-09,9999-01-01
10629,62114,1996-06-21,1997-06-20
10629,65635,1997-06-21,1998-06-20
10629,66646,1998-06-21,1999-06-20
10629,68664,1999-06-21,2000-06-20
10629,72336,2000-06-21,2001-06-20
10629,76351,2001-06-21,2002-06-20
10629,80727,2002-06-21,2003-06-20
10629,85050,2003-06-21,2004-06-20
10629,89010,2004-06-21,2005-06-20
10629,90435,2005-06-21,2006-06-20
10629,93122,2006-06-21,2007-06-20
10629,95025,2007-06-21,9999-01-01
10630,36252,2011-11-03,2012-11-02
10630,37893,2012-11-03,2013-11-02
10630,38993,2013-11-03,2014-11-02
10630,40796,2014-11-03,2015-11-02
10630,42729,2015-11-03,2016-11-02
10630,43374,2016-11-03,2017-11-02
10630,44883,2017-11-03,2018-11-02
10630,47285,2018-11-03,2019-11-02
10630,48521,2019-11-03,2020-11-02
10630,50073,2020-11-03,2021-11-02
10630,50828,2021-11-03,2022-11-02
10630,52890,2022-11-03,9999-01-01
10631,72320,2009-07-19,2010-07-18
10631,74563,2010-07-19,2011-07-18
10631,77306,2011-07-19,2012-07-18
10631,81453,2012-07-19,2013-07-18
10631,84519,2013-07-19,2014-07-18
10631,87385,2014-07-19,2015-07-18
10631,91598,2015-07-19,2016-07-18
10631,93083,2016-07-19,2017-07-18
10631,97657,2017-07-19,2018-07-18
10631,103412,2018-07-19,2019-07-18
10631,105075,2019-07-19,2020-07-18
10631,110359,2020-07-19,9999-01-01
10632,67083,1996-08-17,1997-08-16
10632,68779,1997-08-17,1998-08-16
10632,72008,1998-08-17,1999-08-16
10632,75548,1999-08-17,2000-08-16
10632,78513,2000-08-17,2001-08-16
10632,80440,2001-08-17,2002-08-16
10632,82102,2002-08-17,2003-08-16
10632,85173,2003-08-17,2004-08-16
10632,88153,2004-08-17,2005-08-16
10632,91456,2005-08-17,2006-08-16
10632,95876,2006-08-17,2007-08-16
10632,99516,2007-08-17,9999-01-01
10633,61152,1997-09-01,1998-08-31
10633,63140,1998-09-01,1999-08-31
10633,64519,1999-09-01,2000-08-31
10633,65957,2000-09-01,2001-08-31
10633,67917,2001-09-01,2002-08-31
10633,69353,2002-09-01,2003-08-31
10633,71013,2003-09-01,2004-08-31
10633,72465,2004-09-01,2005-08-31
10633,76434,2005-09-01,2006-08-31
10633,80211,2006-09-01,2007-08-31
10633,83902,2007-09-01,2008-08-31
10633,88061,2008-09-01,9999-01-01
10634,85222,2008-10-06,2009-10-05
10634,87616,2009-10-06,2010-10-05
10634,90970,2010-10-06,2011-10-05
10634,93861,2011-10-06,2012-10-05
10634,95734,2012-10-06,2013-10-05
10634,101415,2013-10-06,2014-10-05
10634,105582,2014-10-06,2015-10-05
10634,109595,2015-10-06,2016-10-05
10634,115331,2016-10-06,2017-10-05
10634,117868,2017-10-06,2018-10-05
10634,120505,2018-10-06,2019-10-05
10634,122471,2019-10-06,9999-01-01
10635,59777,2012-11-19,2013-11-18
10635,61280,2013-11-19,2014-11-18
10635,64814,2014-11-19,2015-11-18
10635,67771,2015-11-19,2016-11-18
10635,70031,2016-11-19,2017-11-18
10635,71258,2017-11-19,2018-11-18
10635,74079,2018-11-19,2019-11-18
10635,77259,2019-11-19,2020-11-18
10635,80474,2020-11-19,2020-12-17
10636,65419,2009-05-29,2010-05-28
10636,68785,2010-05-29,2011-05-28
10636,71449,2011-05-29,2012-05-28
10636,75663,2012-05-29,2013-05-28
10636,78381,2013-05-29,2014-05-28
10636,82357,2014-05-29,2015-05-28
10636,86078,2015-05-29,2016-05-28
10636,91154,2016-05-29,2017-05-28
10636,94882,2017-05-29,2018-05-28
10636,99965,2018-05-29,2019-05-28
10636,103962,2019-05-29,2020-05-28
10636,106729,2020-05-29,9999-01-01
10637,43958,2004-08-25,2005-08-24
10637,46336,2005-08-25,2006-08-24
10637,47087,2006-08-25,2007-08-24
10637,48552,2007-08-25,2008-08-24
10637,50868,2008-08-25,2009-08-24
10637,53238,2009-08-25,2010-08-24
10637,54651,2010-08-25,2011-08-24
10637,57235,2011-08-25,2012-08-24
10637,59725,2012-08-25,2013-08-24
10637,61792,2013-08-25,2014-08-24
10637,63521,2014-08-25,2015-08-24
10637,66276,2015-08-25,9999-01-01
10638,58649,2011-05-26,2012-05-25
10638,61410,2012-05-26,2013-05-25
10638,63476,2013-05-26,2014-05-25
10638,65260,2014-05-26,2015-05-25
10638,67570,2015-05-26,2016-05-25
10638,70805,2016-05-26,2017-05-25
10638,71877,2017-05-26,2018-05-25
10638,75877,2018-05-26,2019-05-25
10638,77502,2019-05-26,2020-05-25
10638,79939,2020-05-26,2021-05-25
10638,83458,2021-05-26,2022-05-25
10638,86824,2022-05-26,2022-09-25
10639,51699,1996-04-19,1997-04-18
10639,53508,1997-04-19,1998-04-18
10639,55873,1998-04-19,1999-04-18
10639,56769,1999-04-19,2000-04-18
10639,57643,2000-04-19,2001-04-18
10639,60853,2001-04-19,2002-04-18
10639,63523,2002-04-19,2003-04-18
10639,67044,2003-04-19,2004-04-18
10639,71006,2004-04-19,2005-04-18
10639,73043,2005-04-19,2006-04-18
10639,74517,2006-04-19,2007-04-18
10639,78795,2007-04-19,9999-01-01
10640,54960,1995-06-19,1996-06-18
10640,57619,1996-06-19,1997-06-18
10640,58747,1997-06-19,1998-06-18
10640,60696,1998-06-19,1999-06-18
10640,63947,1999-06-19,2000-06-18
10640,65270,2000-06-19,2001-06-18
10640,68165,2001-06-19,2002-06-18
10640,70246,2002-06-19,2003-06-18
10640,72114,2003-06-19,2004-06-18
10640,75465,2004-06-19,2005-06-18
10640,78435,2005-06-19,2006-06-18
10640,79674,2006-06-19,2007-06-18
10641,60585,1993-09-02,1994-09-01
10641,62146,1994-09-02,1995-09-01
10641,63165,1995-09-02,1996-09-01
10641,66901,1996-09-02,1997-09-01
10641,70030,1997-09-02,1998-09-01
10641,71758,1998-09-02,1999-09-01
10641,75283,1999-09-02,2000-09-01
10641,79133,2000-09-02,2001-09-01
10641,83353,2001-09-02,2002-09-01
10641,85267,2002-09-02,2003-09-01
10641,88003,2003-09-02,2004-09-01
10641,90636,2004-09-02,9999-01-01
10642,83842,2010-04-17,2011-04-16
10642,86165,2011-04-17,2012-04-16
10642,89206,2012-04-17,2013-04-16
10642,92546,2013-04-17,2014-04-16
10642,96430,2014-04-17,2015-04-16
10642,100463,2015-04-17,2016-04-16
10642,103818,2016-04-17,2017-04-16
10642,108556,2017-04-17,2018-04-16
10642,112005,2018-04-17,2019-04-16
10642,118658,2019-04-17,2020-04-16
10642,121430,2020-04-17,2021-04-16
10642,127628,2021-04-17,9999-01-01
10643,96553,1994-07-17,1995-07-16
10643,98109,1995-07-17,1996-07-16
10643,103388,1996-07-17,1997-07-16
10643,108805,1997-07-17,1998-07-16
10643,113262,1998-07-17,1999-07-16
10643,119552,1999-07-17,2000-07-16
10643,125811,2000-07-17,2001-07-16
10643,129184,2001-07-17,2002-07-16
10643,132980,2002-07-17,2003-07-16
10643,140255,2003-07-17,2004-07-16
10643,148569,2004-07-17,2005-07-16
10643,151189,2005-07-17,9999-01-01
10644,48025,2000-12-23,2001-12-22
10644,50110,2001-12-23,2002-12-22
10644,51281,2002-12-23,2003-12-22
10644,53902,2003-12-23,2004-12-22
10644,54801,2004-12-23,2005-12-22
10644,56976,2005-12-23,2006-12-22
10644,60212,2006-12-23,2007-12-22
10644,61802,2007-12-23,2008-12-22
10644,64938,2008-12-23,2009-12-22
10644,67018,2009-12-23,2010-12-22
10644,70233,2010-12-23,2011-12-22
10644,73287,2011-12-23,9999-01-01
10645,78838,2010-09-29,2011-09-28
10645,80888,2011-09-29,2012-09-28
10645,83698,2012-09-29,2013-09-28
10645,87324,2013-09-29,2014-09-28
10645,91649,2014-09-29,2015-09-28
10645,95069,2015-09-29,2016-09-28
10645,98446,2016-09-29,2017-09-28
10645,102447,2017-09-29,2018-09-28
10645,107928,2018-09-29,2019-09-28
10645,109710,2019-09-29,2020-09-28
10645,112128,2020-09-29,2021-09-28
10645,118473,2021-09-29,9999-01-01
10646,53029,2005-06-13,2006-06-12
10646,55066,2006-06-13,2007-06-12
10646,58110,2007-06-13,2008-06-12
10646,59714,2008-06-13,2009-06-12
10646,62841,2009-06-13,2010-06-12
10646,65411,2010-06-13,2011-06-12
10646,67263,2011-06-13,2012-06-12
10646,68512,2012-06-13,2013-06-12
10646,69589,2013-06-13,2014-06-12
10646,71872,2014-06-13,2015-06-12
10646,75066,2015-06-13,2016-06-12
10646,77551,2016-06-13,9999-01-01
10647,69305,1991-05-06,1992-05-05
10647,72911,1992-05-06,1993-05-05
10647,76609,1993-05-06,1994-05-05
10647,80194,1994-05-06,1995-05-05
10647,84129,1995-05-06,1996-05-05
10647,89047,1996-05-06,1997-05-05
10647,91425,1997-05-06,1998-05-05
10647,96254,1998-05-06,1999-05-05
10647,100996,1999-05-06,2000-05-05
10647,107039,2000-05-06,2001-05-05
10647,112061,2001-05-06,2002-05-05
10647,117010,2002-05-06,9999-01-01
10648,58083,1998-01-02,1999-01-01
10648,60501,1999-01-02,2000-01-01
10648,63565,2000-01-02,2001-01-01
10648,64818,2001-01-02,2002-01-01
10648,67853,2002-01-02,2003-01-01
10648,71897,2003-01-02,2004-01-01
10648,73038,2004-01-02,2005-01-01
10648,76033,2005-01-02,2006-01-01
10648,80006,2006-01-02,2007-01-01
10648,82627,2007-01-02,2008-01-01
10648,87344,2008-01-02,2009-01-01
10648,92097,2009-01-02,9999-01-01
10649,74894,1993-01-30,1994-01-29
10649,77045,1994-01-30,1995-01-29
10649,78645,1995-01-30,1996-01-29
10649,81404,1996-01-30,1997-01-29
10649,85359,1997-01-30,1998-01-29
10649,87418,1998-01-30,1999-01-29
10649,88957,1999-01-30,2000-01-29
10649,93962,2000-01-30,2001-01-29
10649,97715,2001-01-30,2002-01-29
10649,101755,2002-01-30,2003-01-29
10649,105290,2003-01-30,2004-01-29
10649,110364,2004-01-30,9999-01-01
10650,60571,1996-12-03,1997-12-02
10650,63401,1997-12-03,1998-12-02
10650,66455,1998-12-03,1999-12-02
10650,69931,1999-12-03,2000-12-02
10650,71746,2000-12-03,2001-12-02
10650,75601,2001-12-03,2002-12-02
10650,78593,2002-12-03,2003-12-02
10650,80162,2003-12-03,2004-12-02
10650,82173,2004-12-03,2005-12-02
10650,85701,2005-12-03,2006-09-23
10651,81592,1993-01-01,1993-12-31
10651,86366,1994-01-01,1994-12-31
10651,90047,1995-01-01,1995-12-31
10651,93773,1996-01-01,1996-12-31
10651,97498,1997-01-01,1997-12-31
10651,99507,1998-01-01,1998-12-31
10651,102974,1999-01-01,1999-12-31
10651,108188,2000-01-01,2000-12-31
10651,113656,2001-01-01,2001-12-31
10651,118601,2002-01-01,2002-12-31
10651,124783,2003-01-01,2003-12-31
10651,126998,2004-01-01,9999-01-01
10652,76960,2005-09-06,2006-09-05
10652,78261,2006-09-06,2007-09-05
10652,82441,2007-09-06,2008-09-05
10652,86131,2008-09-06,2009-09-05
10652,90733,2009-09-06,2010-09-05
10652,93059,2010-09-06,2011-09-05
10652,98209,2011-09-06,2012-09-05
10652,101651,2012-09-06,2013-09-05
10652,104183,2013-09-06,2014-09-05
10652,106850,2014-09-06,2015-09-05
10652,109001,2015-09-06,2016-09-05
10652,114781,2016-09-06,2017-09-05
10653,66241,2009-04-17,2010-04-16
10653,69674,2010-04-17,2011-04-16
10653,70795,2011-04-17,2011-11-13
10654,70688,1990-01-11,1991-01-10
10654,73787,1991-01-11,1992-01-10
10654,77403,1992-01-11,1993-01-10
10654,81598,1993-01-11,1994-01-10
10654,84653,1994-01-11,1995-01-10
10654,86558,1995-01-11,1996-01-10
10654,88142,1996-01-11,1997-01-10
10654,90968,1997-01-11,1998-01-10
10654,94514,1998-01-11,1998-11-02
10655,64256,2002-03-22,2003-03-21
10655,67373,2003-03-22,2004-03-21
10655,70236,2004-03-22,2005-03-21
10655,72534,2005-03-22,2006-03-21
10655,75484,2006-03-22,2007-03-21
10655,77182,2007-03-22,2008-03-21
10655,79976,2008-03-22,2009-03-21
10655,82421,2009-03-22,2010-03-21
10655,84289,2010-03-22,2011-03-21
10655,85763,2011-03-22,2012-03-21
10655,90416,2012-03-22,2013-03-21
10655,95370,2013-03-22,9999-01-01
10656,48877,1994-02-08,1995-02-07
10656,51266,1995-02-08,1996-02-07
10656,53339,1996-02-08,1997-02-07
10656,54712,1997-02-08,1998-02-07
10656,55766,1998-02-08,1999-02-07
10656,58565,1999-02-08,2000-02-07
10656,59656,2000-02-08,2001-02-07
10656,60936,2001-02-08,2002-02-07
10656,63327,2002-02-08,2003-02-07
10656,65360,2003-02-08,2004-02-07
10656,67052,2004-02-08,2005-02-07
10656,70036,2005-02-08,9999-01-01
10657,62028,1991-09-09,1992-09-08
10657,65664,1992-09-09,1993-09-08
10657,68523,1993-09-09,1994-09-08
10657,71654,1994-09-09,1995-09-08
10657,73390,1995-09-09,1996-09-08
10657,75199,1996-09-09,1997-09-08
10657,79184,1997-09-09,1998-09-08
10657,83819,1998-09-09,1999-09-08
10657,87440,1999-09-09,2000-09-08
10657,89589,2000-09-09,2001-09-08
10657,92818,2001-09-09,2002-09-08
10657,98025,2002-09-09,2003-09-08
10658,101731,1999-08-01,2000-07-31
10658,105300,2000-08-01,2001-07-31
10658,110152,2001-08-01,2002-04-19
10659,75219,2004-05-20,2005-05-19
10659,78826,2005-05-20,2006-05-19
10659,81060,2006-05-20,2007-05-19
10659,82485,2007-05-20,2008-05-19
10659,85777,2008-05-20,2009-05-19
10659,89814,2009-05-20,2010-05-19
10659,93937,2010-05-20,2011-05-19
10659,97104,2011-05-20,2012-05-19
10659,101249,2012-05-20,2013-05-19
10659,105745,2013-05-20,2014-05-19
10659,110412,2014-05-20,2015-05-19
10659,115827,2015-05-20,9999-01-01
10660,51907,2004-09-04,2005-09-03
10660,54284,2005-09-04,2006-09-03
10660,57194,2006-09-04,2007-09-03
10660,59198,2007-09-04,2008-09-03
10660,61172,2008-09-04,2009-09-03
10660,63890,2009-09-04,2010-09-03
10660,65160,2010-09-04,2011-09-03
10660,67056,2011-09-04,2012-09-03
10660,68995,2012-09-04,2013-09-03
10660,70837,2013-09-04,2014-09-03
10660,72864,2014-09-04,2015-09-03
10660,76221,2015-09-04,9999-01-01
10661,60417,1996-01-06,1997-01-05
10661,62906,1997-01-06,1998-01-05
10661,65788,1998-01-06,1999-01-05
10661,69130,1999-01-06,2000-01-05
10661,73069,2000-01-06,2001-01-05
10661,77440,2001-01-06,2002-01-05
10661,82012,2002-01-06,2003-01-05
10661,84167,2003-01-06,2004-01-05
10661,88483,2004-01-06,2005-01-05
10661,91464,2005-01-06,2006-01-05
10661,94666,2006-01-06,2007-01-05
10661,98858,2007-01-06,2008-01-05
10662,68888,1991-09-29,1992-09-28
10662,70087,1992-09-29,1993-09-28
10662,72876,1993-09-29,1994-09-28
10662,76243,1994-09-29,1995-09-28
10662,79427,1995-09-29,1996-09-28
10662,81115,1996-09-29,1997-09-28
10662,82654,1997-09-29,1998-09-28
10662,85174,1998-09-29,1999-09-28
10662,89652,1999-09-29,2000-09-28
10662,93352,2000-09-29,2001-09-28
10662,95971,2001-09-29,2002-09-28
10662,101054,2002-09-29,9999-01-01
10663,66964,1991-03-02,1992-03-01
10663,70832,1992-03-02,1993-03-01
10663,73310,1993-03-02,1994-03-01
10663,76597,1994-03-02,1995-03-01
10663,77858,1995-03-02,1996-03-01
10663,79880,1996-03-02,1997-03-01
10663,83466,1997-03-02,1998-03-01
10663,87102,1998-03-02,1999-03-01
10663,91943,1999-03-02,2000-03-01
10663,93527,2000-03-02,2001-03-01
10663,97184,2001-03-02,2002-03-01
10663,99554,2002-03-02,9999-01-01
10664,56585,1990-01-10,1991-01-09
10664,58330,1991-01-10,1992-01-09
10664,60707,1992-01-10,1993-01-09
10664,62832,1993-01-10,1994-01-09
10664,64937,1994-01-10,1995-01-09
10664,67711,1995-01-10,1996-01-09
10664,69207,1996-01-10,1997-01-09
10664,70871,1997-01-10,1998-01-09
10664,73926,1998-01-10,1999-01-09
10664,77527,1999-01-10,2000-01-09
10664,79264,2000-01-10,2001-01-09
10664,82549,2001-01-10,9999-01-01
10665,63179,1991-11-10,1992-11-09
10665,65979,1992-11-10,1993-11-09
10665,68078,1993-11-10,1994-11-09
10665,71490,1994-11-10,1995-11-09
10665,73480,1995-11-10,1996-11-09
10665,77786,1996-11-10,1997-11-09
10665,79322,1997-11-10,1998-11-09
10665,82234,1998-11-10,1999-11-09
10665,84253,1999-11-10,2000-11-09
10665,88897,2000-11-10,2001-11-09
10665,93676,2001-11-10,2002-11-09
10665,97592,2002-11-10,9999-01-01
10666,65237,2009-03-26,2010-03-25
10666,66392,2010-03-26,2011-03-25
10666,68351,2011-03-26,2012-03-25
10666,71210,2012-03-26,2013-03-25
10666,72385,2013-03-26,2014-03-25
10666,76571,2014-03-26,2015-03-25
10666,80992,2015-03-26,2016-03-25
10666,83623,2016-03-26,2017-03-25
10666,87363,2017-03-26,2018-03-25
10666,90006,2018-03-26,2019-03-25
10666,94380,2019-03-26,2020-03-25
10666,99962,2020-03-26,9999-01-01
10667,61283,1996-02-04,1997-02-03
10667,62645,1997-02-04,1998-02-03
10667,65072,1998-02-04,1999-02-03
10667,67218,1999-02-04,2000-02-03
10667,68255,2000-02-04,2001-02-03
10667,70333,2001-02-04,2002-02-03
10667,73184,2002-02-04,2003-02-03
10667,75280,2003-02-04,2004-02-03
10667,78276,2004-02-04,2005-02-03
10667,79868,2005-02-04,2006-02-03
10667,83076,2006-02-04,2007-02-03
10667,85175,2007-02-04,2008-02-03
10668,40914,2004-11-22,2005-11-21
10668,42431,2005-11-22,2006-11-21
10668,44065,2006-11-22,2007-11-21
10668,45409,2007-11-22,2008-11-21
10668,46191,2008-11-22,2009-11-21
10668,47996,2009-11-22,2010-11-21
10668,49752,2010-11-22,2011-11-21
10668,51149,2011-11-22,2012-11-21
10668,52239,2012-11-22,2013-11-21
10668,53332,2013-11-22,2014-11-21
10668,55411,2014-11-22,2015-11-21
10668,57854,2015-11-22,9999-01-01
10669,90238,2002-12-05,2003-12-04
10669,95460,2003-12-05,2004-12-04
10669,100115,2004-12-05,2005-12-04
10669,105133,2005-12-05,2006-12-04
10669,107055,2006-12-05,2007-12-04
10669,110026,2007-12-05,2008-12-04
10669,114136,2008-12-05,2009-12-04
10669,120058,2009-12-05,2010-12-04
10669,125909,2010-12-05,2011-12-04
10669,132334,2011-12-05,2012-12-04
10669,139130,2012-12-05,2013-12-04
10669,142489,2013-12-05,9999-01-01
10670,52678,1992-03-29,1993-03-28
10670,54633,1993-03-29,1994-03-28
10670,55948,1994-03-29,1995-03-28
10670,57510,1995-03-29,1996-03-28
10670,58711,1996-03-29,1997-03-28
10670,59758,1997-03-29,1998-03-28
10670,60834,1998-03-29,1998-12-18
10671,72908,2013-06-29,2014-06-28
10671,75787,2014-06-29,2015-06-28
10671,79703,2015-06-29,2016-06-28
10671,81521,2016-06-29,2017-06-28
10671,83436,2017-06-29,2018-06-28
10671,86027,2018-06-29,2019-06-28
10671,88117,2019-06-29,2020-06-28
10671,93233,2020-06-29,2021-06-28
10671,98662,2021-06-29,2022-06-28
10671,101869,2022-06-29,2023-06-28
10671,106712,2023-06-29,9999-01-01
10672,66273,2007-01-18,2008-01-17
10672,68515,2008-01-18,2009-01-17
10672,70532,2009-01-18,2010-01-17
10672,73089,2010-01-18,2011-01-17
10672,75253,2011-01-18,2012-01-17
10672,77099,2012-01-18,2013-01-17
10672,81253,2013-01-18,2014-01-17
10672,83472,2014-01-18,2015-01-17
10672,86507,2015-01-18,2016-01-17
10672,90780,2016-01-18,2017-01-17
10672,92267,2017-01-18,2018-01-17
10672,97596,2018-01-18,9999-01-01
10673,76400,1990-04-07,1991-04-06
10673,80625,1991-04-07,1992-04-06
10673,84830,1992-04-07,1993-04-06
10673,89748,1993-04-07,1994-04-06
10673,91847,1994-04-07,1995-04-06
10673,94944,1995-04-07,1996-04-06
10673,96684,1996-04-07,1997-04-06
10673,99097,1997-04-07,1998-04-06
10673,103933,1998-04-07,1999-04-06
10673,105617,1999-04-07,2000-04-06
10673,109170,2000-04-07,2001-04-06
10673,111490,2001-04-07,9999-01-01
10674,65096,1992-03-31,1993-03-30
10674,67704,1993-03-31,1994-03-30
10674,70643,1994-03-31,1995-03-30
10674,73644,1995-03-31,1996-03-30
10674,76758,1996-03-31,1997-03-30
10674,80260,1997-03-31,1998-03-30
10674,83118,1998-03-31,1999-03-30
10674,85476,1999-03-31,2000-03-30
10674,90010,2000-03-31,2001-03-30
10674,95152,2001-03-31,2002-03-30
10674,99341,2002-03-31,2003-03-30
10674,103739,2003-03-31,9999-01-01
10675,85561,2011-01-27,2012-01-26
10675,88427,2012-01-27,2013-01-26
10675,90617,2013-01-27,2014-01-26
10675,94562,2014-01-27,2015-01-26
10675,99019,2015-01-27,2016-01-26
10675,103546,2016-01-27,2017-01-26
10675,106962,2017-01-27,2018-01-26
10675,111170,2018-01-27,2019-01-26
10675,116227,2019-01-27,2020-01-26
10675,121047,2020-01-27,2021-01-26
10675,127896,2021-01-27,2022-01-26
10675,135416,2022-01-27,9999-01-01
10676,51946,2010-06-19,2011-06-18
10676,53865,2011-06-19,2012-06-18
10676,56602,2012-06-19,2013-06-18
10676,59205,2013-06-19,2014-06-18
10676,61018,2014-06-19,2015-06-18
10676,63108,2015-06-19,2016-06-18
10676,65548,2016-06-19,2017-06-18
10676,67968,2017-06-19,2018-06-18
10676,69481,2018-06-19,2019-06-18
10676,72077,2019-06-19,2020-06-18
10676,75212,2020-06-19,2021-06-18
10676,76590,2021-06-19,9999-01-01
10677,83717,2008-11-14,2009-11-13
10677,85882,2009-11-14,2010-11-13
10677,90269,2010-11-14,2011-11-13
10677,94979,2011-11-14,2012-11-13
10677,98364,2012-11-14,2013-11-13
10677,101271,2013-11-14,2014-11-13
10677,105154,2014-11-14,2015-11-13
10677,111198,2015-11-14,2016-11-13
10677,115051,2016-11-14,2017-11-13
10677,116794,2017-11-14,2018-11-13
10677,122471,2018-11-14,2019-11-13
10677,124671,2019-11-14,9999-01-01
10678,68529,2007-03-04,2008-03-03
10678,69583,2008-03-04,2009-03-03
10678,73623,2009-03-04,2010-03-03
10678,75728,2010-03-04,2011-03-03
10678,78138,2011-03-04,2012-03-03
10678,80318,2012-03-04,2013-03-03
10678,84985,2013-03-04,2014-03-03
10678,88267,2014-03-04,2015-03-03
10678,90140,2015-03-04,2016-03-03
10678,93133,2016-03-04,2017-03-03
10678,96375,2017-03-04,2018-03-03
10678,98881,2018-03-04,9999-01-01
10679,69968,2010-04-05,2011-04-04
10679,72017,2011-04-05,2012-04-04
10679,73341,2012-04-05,2013-04-04
10679,76985,2013-04-05,2014-04-04
10679,79738,2014-04-05,2015-04-04
10679,81540,2015-04-05,2016-04-04
10679,86246,2016-04-05,2017-04-04
10679,87860,2017-04-05,2018-04-04
10679,92209,2018-04-05,2019-04-04
10679,93877,2019-04-05,2020-04-04
10679,96330,2020-04-05,2021-04-04
10679,101411,2021-04-05,9999-01-01
10680,46491,2006-09-30,2007-09-29
10680,48867,2007-09-30,2008-09-29
10680,50071,2008-09-30,2009-09-29
10680,51664,2009-09-30,2010-09-29
10680,53465,2010-09-30,2011-09-29
10680,55890,2011-09-30,2012-09-29
10680,59084,2012-09-30,2013-09-29
10680,61144,2013-09-30,2014-09-29
10680,62272,2014-09-30,2015-09-29
10680,65762,2015-09-30,2016-09-29
10680,69443,2016-09-30,2017-09-29
10680,71278,2017-09-30,9999-01-01
10681,89829,2003-06-11,2004-06-10
10681,92346,2004-06-11,2005-06-10
10681,97281,2005-06-11,2006-06-10
10681,101960,2006-06-11,2007-06-10
10681,104626,2007-06-11,2008-06-10
10681,106349,2008-06-11,2009-06-10
10681,109984,2009-06-11,2010-06-10
10681,115236,2010-06-11,2011-06-10
10681,118570,2011-06-11,2012-06-10
10681,123055,2012-06-11,2013-06-10
10681,130133,2013-06-11,2014-06-10
10681,137636,2014-06-11,9999-01-01
10682,77797,2002-11-23,2003-11-22
10682,79519,2003-11-23,2004-11-22
10682,84247,2004-11-23,2005-11-22
10682,87286,2005-11-23,2006-11-22
10682,90484,2006-11-23,2007-11-22
10682,95572,2007-11-23,2008-11-22
10682,97429,2008-11-23,2009-11-22
10682,100108,2009-11-23,2010-11-22
10682,102729,2010-11-23,2011-11-22
10682,107152,2011-11-23,2012-11-22
10682,111716,2012-11-23,2013-11-22
10682,115466,2013-11-23,9999-01-01
10683,75567,1997-07-10,1998-07-09
10683,79043,1998-07-10,1999-07-09
10683,83063,1999-07-10,2000-07-09
10683,86659,2000-07-10,2001-07-09
10683,91837,2001-07-10,2002-07-09
10683,94766,2002-07-10,2003-07-09
10683,96582,2003-07-10,2004-07-09
10683,99743,2004-07-10,2005-07-09
10683,102897,2005-07-10,2006-07-09
10683,104875,2006-07-10,2007-07-09
10683,107424,2007-07-10,2008-07-09
10683,112243,2008-07-10,9999-01-01
10684,50382,2002-02-10,2003-02-09
10684,51413,2003-02-10,2004-02-09
10684,52468,2004-02-10,2005-02-09
10684,55264,2005-02-10,2006-02-09
10684,57927,2006-02-10,2006-07-15
10685,64454,1993-06-20,1994-06-19
10685,65814,1994-06-20,1995-06-19
10685,67703,1995-06-20,1996-06-19
10685,71259,1996-06-20,1997-06-19
10685,75090,1997-06-20,1998-06-19
10685,78714,1998-06-20,1999-06-19
10685,82272,1999-06-20,2000-06-19
10685,87134,2000-06-20,2001-06-19
10685,91854,2001-06-20,2002-06-19
10685,93918,2002-06-20,2003-06-19
10685,95773,2003-06-20,2004-06-19
10685,99776,2004-06-20,9999-01-01
10686,63079,1992-01-03,1993-01-02
10686,65758,1993-01-03,1994-01-02
10686,66820,1994-01-03,1995-01-02
10686,70705,1995-01-03,1996-01-02
10686,73385,1996-01-03,1997-01-02
10686,77471,1997-01-03,1998-01-02
10686,81836,1998-01-03,1999-01-02
10686,83386,1999-01-03,2000-01-02
10686,87873,2000-01-03,2001-01-02
10686,91772,2001-01-03,2002-01-02
10686,97045,2002-01-03,2003-01-02
10686,100137,2003-01-03,9999-01-01
10687,57943,2006-10-17,2007-10-16
10687,60266,2007-10-17,2008-10-16
10687,61345,2008-10-17,2009-10-16
10687,64263,2009-10-17,2010-10-16
10687,67288,2010-10-17,2011-10-16
10687,68675,2011-10-17,2012-10-16
10687,72143,2012-10-17,2013-10-16
10687,75567,2013-10-17,2014-10-16
10687,79881,2014-10-17,2015-10-16
10687,81202,2015-10-17,2016-10-16
10687,83064,2016-10-17,2017-10-16
10687,87038,2017-10-17,9999-01-01
10688,85809,2004-01-11,2005-01-10
10688,89501,2005-01-11,2006-01-10
10688,94660,2006-01-11,2007-01-10
10688,99701,2007-01-11,2008-01-10
10688,103560,2008-01-11,2009-01-10
10688,105304,2009-01-11,2010-01-10
10688,111115,2010-01-11,2011-01-10
10688,114208,2011-01-11,2012-01-10
10688,120899,2012-01-11,2013-01-10
10688,126864,2013-01-11,2014-01-10
10688,134287,2014-01-11,2015-01-10
10688,142259,2015-01-11,9999-01-01
10689,64441,1999-03-20,2000-03-19
10689,67744,2000-03-20,2001-03-19
10689,69057,2001-03-20,2002-03-19
10689,71834,2002-03-20,2003-03-19
10689,75822,2003-03-20,2004-03-19
10689,79774,2004-03-20,2005-03-19
10689,81523,2005-03-20,2006-03-19
10689,83258,2006-03-20,2007-03-19
10689,84943,2007-03-20,2008-03-19
10689,88944,2008-03-20,2009-03-19
10689,91648,2009-03-20,2010-03-19
10689,94715,2010-03-20,9999-01-01
10690,74432,2001-06-02,2002-06-01
10690,76135,2002-06-02,2003-06-01
10690,78190,2003-06-02,2004-06-01
10690,81326,2004-06-02,2005-06-01
10690,83515,2005-06-02,2006-06-01
10690,87301,2006-06-02,2007-06-01
10690,89928,2007-06-02,2008-06-01
10690,92107,2008-06-02,2009-06-01
10690,95279,2009-06-02,2010-06-01
10690,98282,2010-06-02,2011-06-01
10690,103556,2011-06-02,2012-06-01
10690,108633,2012-06-02,9999-01-01
10691,47494,1997-10-04,1998-10-03
10691,48797,1998-10-04,1999-10-03
10691,49888,1999-10-04,2000-10-03
10691,51703,2000-10-04,2001-10-03
10691,53652,2001-10-04,2002-10-03
10691,56061,2002-10-04,2003-10-03
10691,58913,2003-10-04,2004-10-03
10691,62265,2004-10-04,2005-10-03
10691,64903,2005-10-04,2006-10-03
10691,67371,2006-10-04,2007-10-03
10691,69975,2007-10-04,2008-10-03
10691,71097,2008-10-04,9999-01-01
10692,52589,1995-03-16,1996-03-15
10692,54843,1996-03-16,1997-03-15
10692,57061,1997-03-16,1998-03-15
10692,59753,1998-03-16,1999-03-15
10692,60875,1999-03-16,2000-03-15
10692,63511,2000-03-16,2001-03-15
10692,67231,2001-03-16,2002-03-15
10692,68468,2002-03-16,2003-03-15
10692,71602,2003-03-16,2004-03-15
10692,73746,2004-03-16,2005-03-15
10692,77181,2005-03-16,2006-03-15
10692,80631,2006-03-16,2007-03-15
10693,75217,2010-12-06,2011-12-05
10693,76440,2011-12-06,2012-12-05
10693,78932,2012-12-06,2013-12-05
10693,81390,2013-12-06,2014-12-05
10693,84064,2014-12-06,2015-09-05
10694,61172,1999-01-03,2000-01-02
10694,63288,2000-01-03,2001-01-02
10694,65298,2001-01-03,2002-01-02
10694,67261,2002-01-03,2003-01-02
10694,69901,2003-01-03,2004-01-02
10694,73579,2004-01-03,2005-01-02
10694,75687,2005-01-03,2006-01-02
10694,78895,2006-01-03,2007-01-02
10694,83066,2007-01-03,2008-01-02
10694,87228,2008-01-03,2009-01-02
10694,91226,2009-01-03,2010-01-02
10694,96474,2010-01-03,9999-01-01
10695,80354,1992-06-01,1993-05-31
10695,82167,1993-06-01,1994-05-31
10695,84224,1994-06-01,1995-05-31
10695,88637,1995-06-01,1996-05-31
10695,90408,1996-06-01,1997-05-31
10695,95505,1997-06-01,1998-05-31
10695,97585,1998-06-01,1999-05-31
10695,99661,1999-06-01,2000-05-31
10695,102334,2000-06-01,2001-05-31
10695,104156,2001-06-01,2002-05-31
10695,110286,2002-06-01,2003-05-31
10695,116760,2003-06-01,9999-01-01
10696,69764,1998-07-31,1999-07-30
10696,73903,1999-07-31,2000-07-30
10696,77177,2000-07-31,2001-07-30
10696,78770,2001-07-31,2002-07-30
10696,82237,2002-07-31,2003-07-30
10696,86598,2003-07-31,2004-07-30
10696,89019,2004-07-31,2005-07-30
10696,93251,2005-07-31,2006-07-30
10696,96076,2006-07-31,2007-07-30
10696,99619,2007-07-31,2008-07-30
10696,101848,2008-07-31,2009-07-30
10696,106211,2009-07-31,9999-01-01
10697,63739,1999-02-14,2000-02-13
10697,64854,2000-02-14,2001-02-13
10697,66058,2001-02-14,2002-02-13
10697,67430,2002-02-14,2003-02-13
10697,69423,2003-02-14,2004-02-13
10697,73098,2004-02-14,2005-02-13
10697,76648,2005-02-14,2006-02-13
10697,78397,2006-02-14,2007-02-13
10697,79983,2007-02-14,2008-02-13
10697,84618,2008-02-14,2009-02-13
10697,89456,2009-02-14,2010-02-13
10697,94700,2010-02-14,9999-01-01
10698,52887,1998-11-08,1999-11-07
10698,55963,1999-11-08,2000-11-07
10698,58466,2000-11-08,2001-11-07
10698,61562,2001-11-08,2002-11-07
10698,64620,2002-11-08,2003-11-07
10698,68485,2003-11-08,2004-11-07
10698,71183,2004-11-08,2005-11-07
10698,72713,2005-11-08,2006-11-07
10698,74101,2006-11-08,2007-11-07
10698,78245,2007-11-08,2008-11-07
10698,80640,2008-11-08,2009-11-07
10698,84599,2009-11-08,9999-01-01
10699,71645,2011-07-27,2012-07-26
10699,75876,2012-07-27,2013-07-26
10699,78295,2013-07-27,2014-07-26
10699,82804,2014-07-27,2015-07-26
10699,84170,2015-07-27,2016-07-26
10699,89076,2016-07-27,2017-07-26
10699,91406,2017-07-27,2018-07-26
10699,96547,2018-07-27,2019-07-26
10699,100910,2019-07-27,2020-07-26
10699,104135,2020-07-27,2021-07-26
10699,110036,2021-07-27,2022-07-26
10699,115048,2022-07-27,9999-01-01
10700,60275,1990-01-30,1991-01-29
10700,62230,1991-01-30,1992-01-29
10700,64499,1992-01-30,1993-01-29
10700,66697,1993-01-30,1994-01-29
10700,70542,1994-01-30,1995-01-29
10700,74347,1995-01-30,1996-01-29
10700,77484,1996-01-30,1997-01-29
10700,78647,1997-01-30,1998-01-29
10700,80347,1998-01-30,1999-01-29
10700,83167,1999-01-30,2000-01-29
10700,87151,2000-01-30,2001-01-29
10700,91206,2001-01-30,9999-01-01
10701,88130,1996-07-03,1997-07-02
10701,91060,1997-07-03,1998-07-02
10701,96261,1998-07-03,1999-07-02
10701,100585,1999-07-03,2000-07-02
10701,102654,2000-07-03,2001-07-02
10701,108089,2001-07-03,2002-07-02
10701,111154,2002-07-03,2003-07-02
10701,117281,2003-07-03,2004-04-23
10702,66993,1990-01-04,1991-01-03
10702,70665,1991-01-04,1992-01-03
10702,74128,1992-01-04,1993-01-03
10702,75533,1993-01-04,1994-01-03
10702,77538,1994-01-04,1995-01-03
10702,80665,1995-01-04,1996-01-03
10702,82406,1996-01-04,1997-01-03
10702,83883,1997-01-04,1998-01-03
10702,87367,1998-01-04,1999-01-03
10702,92526,1999-01-04,2000-01-03
10702,94698,2000-01-04,2001-01-03
10702,97941,2001-01-04,9999-01-01
10703,62021,2014-04-18,2015-04-17
10703,65707,2015-04-18,2016-04-17
10703,66744,2016-04-18,2017-04-17
10703,69091,2017-04-18,2018-04-17
10703,71498,2018-04-18,2019-04-17
10703,75504,2019-04-18,2020-04-17
10703,79520,2020-04-18,2021-04-17
10703,82151,2021-04-18,2022-04-17
10703,84723,2022-04-18,2023-04-17
10703,87729,2023-04-18,9999-01-01
10704,66284,1997-03-02,1998-03-01
10704,67712,1998-03-02,1999-03-01
10704,70144,1999-03-02,2000-03-01
10704,73161,2000-03-02,2001-03-01
10704,76314,2001-03-02,2002-03-01
10704,80528,2002-03-02,2003-03-01
10704,84030,2003-03-02,2004-03-01
10704,87194,2004-03-02,2005-03-01
10704,91112,2005-03-02,2006-03-01
10704,92694,2006-03-02,2007-03-01
10704,95435,2007-03-02,2008-03-01
10704,100570,2008-03-02,9999-01-01
10705,36177,1995-05-31,1996-05-30
10705,37133,1996-05-31,1997-05-30
10705,38934,1997-05-31,1998-05-30
10705,39620,1998-05-31,1999-05-30
10705,41096,1999-05-31,2000-05-30
10705,42819,2000-05-31,2001-05-30
10705,44041,2001-05-31,2002-05-30
10705,46012,2002-05-31,2003-05-30
10705,47554,2003-05-31,2004-05-30
10705,49894,2004-05-31,2005-05-30
10705,52369,2005-05-31,2006-05-30
10705,55170,2006-05-31,9999-01-01
10706,63564,2011-03-25,2012-03-24
10706,66809,2012-03-25,2013-03-24
10706,69326,2013-03-25,2014-03-24
10706,71582,2014-03-25,2015-03-24
10706,75866,2015-03-25,2016-03-24
10706,78031,2016-03-25,2017-03-24
10706,82547,2017-03-25,2018-03-24
10706,84804,2018-03-25,2019-03-24
10706,87430,2019-03-25,2020-03-24
10706,89506,2020-03-25,2021-03-24
10706,92390,2021-03-25,2022-03-24
10706,97662,2022-03-25,9999-01-01
10707,52060,2006-11-30,2007-11-29
10707,53814,2007-11-30,2008-11-29
10707,55554,2008-11-30,2009-11-29
10707,56861,2009-11-30,2010-11-29
10707,59438,2010-11-30,2011-11-29
10707,60476,2011-11-30,2012-11-29
10707,61447,2012-11-30,2013-11-29
10707,63178,2013-11-30,2014-11-29
10707,65655,2014-11-30,2015-11-29
10707,68320,2015-11-30,2016-11-29
10707,69795,2016-11-30,2017-11-29
10707,72498,2017-11-30,9999-01-01
10708,67179,2005-03-21,2006-03-20
10708,70583,2006-03-21,2007-03-20
10708,71720,2007-03-21,2008-03-20
10708,75567,2008-03-21,2009-03-20
10708,79659,2009-03-21,2010-03-20
10708,84305,2010-03-21,2011-03-20
10708,89342,2011-03-21,2012-03-20
10708,90709,2012-03-21,2013-03-20
10708,94051,2013-03-21,2014-03-20
10708,95838,2014-03-21,2015-03-20
10708,100569,2015-03-21,2015-06-04
10709,73935,1999-10-19,2000-10-18
10709,76636,2000-10-19,2001-10-18
10709,80628,2001-10-19,2002-10-18
10709,82619,2002-10-19,2003-10-18
10709,87554,2003-10-19,2004-10-18
10709,90053,2004-10-19,2005-10-18
10709,94017,2005-10-19,2006-10-18
10709,98035,2006-10-19,2007-10-18
10709,102503,2007-10-19,2008-10-18
10709,105970,2008-10-19,2009-10-18
10709,109383,2009-10-19,2010-10-18
10709,115504,2010-10-19,9999-01-01
10710,49776,2005-01-30,2006-01-29
10710,52322,2006-01-30,2007-01-29
10710,54262,2007-01-30,2008-01-29
10710,55430,2008-01-30,2009-01-29
10710,57628,2009-01-30,2010-01-29
10710,59492,2010-01-30,2011-01-29
10710,60963,2011-01-30,2012-01-29
10710,62520,2012-01-30,2013-01-29
10710,64136,2013-01-30,2014-01-29
10710,67786,2014-01-30,2015-01-29
10710,69117,2015-01-30,2016-01-29
10710,70532,2016-01-30,9999-01-01
10711,61555,1992-09-03,1993-09-02
10711,64261,1993-09-03,1994-09-02
10711,66274,1994-09-03,1995-09-02
10711,69658,1995-09-03,1996-09-02
10711,72989,1996-09-03,1997-09-02
10711,75791,1997-09-03,1998-09-02
10711,78043,1998-09-03,1999-09-02
10711,79862,1999-09-03,2000-09-02
10711,83701,2000-09-03,2001-09-02
10711,85690,2001-09-03,2002-09-02
10711,89813,2002-09-03,2003-09-02
10711,92502,2003-09-03,9999-01-01
10712,44140,2003-03-19,2004-03-18
10712,45640,2004-03-19,2005-03-18
10712,47331,2005-03-19,2006-03-18
10712,49942,2006-03-19,2007-03-18
10712,51731,2007-03-19,2008-03-18
10712,53371,2008-03-19,2009-03-18
10712,56139,2009-03-19,2010-03-18
10712,57465,2010-03-19,2011-03-18
10712,60671,2011-03-19,2012-03-18
10712,62284,2012-03-19,2013-03-18
10712,65300,2013-03-19,2014-03-18
10712,68813,2014-03-19,9999-01-01
10713,84303,2013-02-12,2014-02-11
10713,86374,2014-02-12,2015-02-11
10713,87916,2015-02-12,2016-02-11
10713,91752,2016-02-12,2017-02-11
10713,94896,2017-02-12,2018-02-11
10713,99675,2018-02-12,2019-02-11
10713,104874,2019-02-12,2020-02-11
10713,110888,2020-02-12,2021-02-11
10713,116019,2021-02-12,2022-02-11
10713,119937,2022-02-12,2023-02-11
10713,126181,2023-02-12,9999-01-01
10714,70131,2005-06-23,2006-06-22
10714,73711,2006-06-23,2007-06-22
10714,75750,2007-06-23,2008-06-22
10714,79933,2008-06-23,2009-06-22
10714,82272,2009-06-23,2010-06-22
10714,86787,2010-06-23,2011-06-22
10714,90185,2011-06-23,2012-06-22
10714,95472,2012-06-23,2013-06-22
10714,97214,2013-06-23,2014-06-22
10714,101790,2014-06-23,2015-06-22
10714,105663,2015-06-23,2016-06-22
10714,111741,2016-06-23,9999-01-01
10715,65787,1990-11-08,1991-11-07
10715,68880,1991-11-08,1992-11-07
10715,70580,1992-11-08,1993-11-07
10715,72644,1993-11-08,1994-11-07
10715,73864,1994-11-08,1995-11-07
10715,75192,1995-11-08,1996-11-07
10715,77924,1996-11-08,1997-11-07
10715,80495,1997-11-08,1998-11-07
10715,83344,1998-11-08,1999-11-07
10715,84715,1999-11-08,2000-11-07
10715,87340,2000-11-08,2001-02-27
10716,72220,1990-09-12,1991-09-11
10716,76221,1991-09-12,1992-09-11
10716,80298,1992-09-12,1993-09-11
10716,83468,1993-09-12,1994-09-11
10716,85110,1994-09-12,1995-09-11
10716,86456,1995-09-12,1996-09-11
10716,89797,1996-09-12,1997-09-11
10716,93669,1997-09-12,1998-09-11
10716,98057,1998-09-12,1999-09-11
10716,100899,1999-09-12,2000-09-11
10716,105373,2000-09-12,2001-09-11
10716,107988,2001-09-12,9999-01-01
10717,68963,1994-11-09,1995-11-08
10717,70465,1995-11-09,1996-11-08
10717,73191,1996-11-09,1997-11-08
10717,74587,1997-11-09,1998-11-08
10717,76997,1998-11-09,1999-11-08
10717,79579,1999-11-09,2000-11-08
10717,83048,2000-11-09,2001-11-08
10717,86027,2001-11-09,2002-11-08
10717,91096,2002-11-09,2003-11-08
10717,95826,2003-11-09,2004-11-08
10717,98476,2004-11-09,2005-11-08
10717,102390,2005-11-09,9999-01-01
10718,82475,2002-05-24,2003-05-23
10718,83825,2003-05-24,2004-05-23
10718,85283,2004-05-24,2005-05-23
10718,90365,2005-05-24,2006-05-23
10718,94857,2006-05-24,2007-05-23
10718,97785,2007-05-24,2008-05-23
10718,99758,2008-05-24,2009-05-23
10718,104258,2009-05-24,2010-05-23
10718,110372,2010-05-24,2011-05-23
10718,114918,2011-05-24,2012-05-23
10718,120083,2012-05-24,2013-05-23
10718,123541,2013-05-24,2014-05-23
10719,77154,2001-12-03,2002-12-02
10719,78321,2002-12-03,2003-12-02
10719,80240,2003-12-03,2004-12-02
10719,82460,2004-12-03,2005-12-02
10719,85353,2005-12-03,2006-12-02
10719,87971,2006-12-03,2007-12-02
10719,90274,2007-12-03,2008-12-02
10719,92959,2008-12-03,2009-12-02
10719,95828,2009-12-03,2010-12-02
10719,99273,2010-12-03,2011-12-02
10719,101181,2011-12-03,2012-12-02
10719,103453,2012-12-03,9999-01-01
10720,70115,2002-08-31,2003-08-30
10720,72984,2003-08-31,2004-08-30
10720,75478,2004-08-31,2005-08-30
10720,76927,2005-08-31,2006-08-30
10720,79436,2006-08-31,2007-08-30
10720,81957,2007-08-31,2008-08-30
10720,86870,2008-08-31,2009-08-30
10720,88975,2009-08-31,2010-08-30
10720,91957,2010-08-31,2011-08-30
10720,96280,2011-08-31,2012-08-30
10720,101358,2012-08-31,2013-08-30
10720,106386,2013-08-31,9999-01-01
10721,50003,1994-08-16,1995-08-15
10721,51267,1995-08-16,1996-08-15
10721,52529,1996-08-16,1997-08-15
10721,54019,1997-08-16,1998-08-15
10721,57111,1998-08-16,1999-08-15
10721,58888,1999-08-16,2000-08-15
10721,62337,2000-08-16,2001-08-15
10721,65056,2001-08-16,2002-08-15
10721,67732,2002-08-16,2003-08-15
10721,69277,2003-08-16,2004-08-15
10721,70406,2004-08-16,2005-08-15
10721,74550,2005-08-16,9999-01-01
10722,44771,2003-09-17,2004-09-16
10722,46514,2004-09-17,2005-09-16
10722,47596,2005-09-17,2006-09-16
10722,49509,2006-09-17,2007-09-16
10722,51999,2007-09-17,2008-09-16
10722,54271,2008-09-17,2009-09-16
10722,55547,2009-09-17,2010-09-16
10722,57956,2010-09-17,2011-09-16
10722,60423,2011-09-17,2012-09-16
10722,62451,2012-09-17,2013-09-16
10722,63884,2013-09-17,2014-09-16
10722,67506,2014-09-17,9999-01-01
10723,60714,1993-07-27,1994-07-26
10723,61665,1994-07-27,1995-07-26
10723,65164,1995-07-27,1996-07-26
10723,68945,1996-07-27,1997-07-26
10723,71711,1997-07-27,1998-07-26
10723,74788,1998-07-27,1999-07-26
10723,76353,1999-07-27,2000-07-26
10723,80510,2000-07-27,2001-07-26
10723,83664,2001-07-27,2002-07-26
10723,86979,2002-07-27,2003-07-26
10723,89452,2003-07-27,2004-07-26
10723,92817,2004-07-27,9999-01-01
10724,65076,2011-02-04,2012-02-03
10724,68003,2012-02-04,2013-02-03
10724,69504,2013-02-04,2014-02-03
10724,71860,2014-02-04,2015-02-03
10724,73383,2015-02-04,2015-03-07
10725,66052,2013-04-07,2014-04-06
10725,68620,2014-04-07,2015-04-06
10725,72152,2015-04-07,2016-04-06
10725,73690,2016-04-07,2017-04-06
10725,76522,2017-04-07,2018-04-06
10725,80557,2018-04-07,2019-04-06
10725,84881,2019-04-07,2020-04-06
10725,86487,2020-04-07,2021-04-06
10725,88972,2021-04-07,2022-04-06
10725,91547,2022-04-07,2023-04-06
10725,96045,2023-04-07,9999-01-01
10726,68694,2008-05-12,2009-05-11
10726,72414,2009-05-12,2010-05-11
10726,76569,2010-05-12,2011-05-11
10726,80142,2011-05-12,2012-05-11
10726,83109,2012-05-12,2013-05-11
10726,84836,2013-05-12,2014-05-11
10726,87618,2014-05-12,2015-05-11
10726,90207,2015-05-12,2016-05-11
10726,94787,2016-05-12,2017-05-04
10727,62776,2001-10-10,2002-10-09
10727,66192,2002-10-10,2003-10-09
10727,70012,2003-10-10,2004-10-09
10727,73194,2004-10-10,2005-10-09
10727,76439,2005-10-10,2006-10-09
10727,78926,2006-10-10,2007-10-09
10727,80491,2007-10-10,2008-10-09
10727,84534,2008-10-10,2009-10-09
10727,86011,2009-10-10,2010-10-09
10727,88356,2010-10-10,2011-10-09
10727,91601,2011-10-10,2012-10-09
10727,93161,2012-10-10,9999-01-01
10728,48099,1994-12-14,1995-12-13
10728,49612,1995-12-14,1996-12-13
10728,51088,1996-12-14,1997-12-13
10728,52524,1997-12-14,1998-12-13
10728,55002,1998-12-14,1999-12-13
10728,57374,1999-12-14,2000-12-13
10728,58335,2000-12-14,2001-12-13
10728,60731,2001-12-14,2002-12-13
10728,62247,2002-12-14,2003-12-13
10728,64269,2003-12-14,2004-12-13
10728,66880,2004-12-14,2005-12-13
10728,68065,2005-12-14,9999-01-01
10729,52688,2004-05-20,2005-05-19
10729,54825,2005-05-20,2006-05-19
10729,55936,2006-05-20,2007-05-19
10729,57090,2007-05-20,2008-05-19
10729,59273,2008-05-20,2009-05-19
10729,60474,2009-05-20,2010-05-19
10729,62169,2010-05-20,2011-05-19
10729,64098,2011-05-20,2012-05-19
10729,67071,2012-05-20,2013-05-19
10729,69885,2013-05-20,2014-05-19
10729,71514,2014-05-20,2015-05-19
10729,73626,2015-05-20,9999-01-01
10730,96933,2001-05-23,2002-05-22
10730,99539,2002-05-23,2003-05-22
10730,104636,2003-05-23,2004-05-22
10730,107801,2004-05-23,2005-05-22
10730,109447,2005-05-23,2006-05-22
10730,111643,2006-05-23,2007-05-22
10730,114365,2007-05-23,2008-05-22
10730,120348,2008-05-23,2009-05-22
10730,125999,2009-05-23,2010-05-22
10730,133492,2010-05-23,2011-05-22
10730,136783,2011-05-23,2012-05-22
10730,140931,2012-05-23,9999-01-01
10731,49567,1997-07-05,1998-07-04
10731,50696,1998-07-05,1999-07-04
10731,52459,1999-07-05,2000-07-04
10731,55541,2000-07-05,2001-07-04
10731,56592,2001-07-05,2002-07-04
10731,58595,2002-07-05,2003-07-04
10731,60198,2003-07-05,2004-07-04
10731,61351,2004-07-05,2005-07-04
10731,62503,2005-07-05,2006-07-04
10731,65839,2006-07-05,2007-07-04
10731,68750,2007-07-05,2008-07-04
10731,70091,2008-07-05,2009-07-04
10732,66660,1997-12-11,1998-12-10
10732,67684,1998-12-11,1999-12-10
10732,71525,1999-12-11,2000-12-10
10732,73898,2000-12-11,2001-12-10
10732,76659,2001-12-11,2002-12-10
10732,78670,2002-12-11,2003-12-10
10732,81082,2003-12-11,2004-12-10
10732,84906,2004-12-11,2005-12-10
10732,86506,2005-12-11,2006-12-10
10732,89907,2006-12-11,2007-12-10
10732,92941,2007-12-11,2008-12-10
10732,97741,2008-12-11,9999-01-01
10733,71266,1991-07-04,1992-07-03
10733,74681,1992-07-04,1993-07-03
10733,77233,1993-07-04,1994-07-03
10733,80595,1994-07-04,1995-07-03
10733,82385,1995-07-04,1996-07-03
10733,86138,1996-07-04,1997-07-03
10733,89580,1997-07-04,1998-07-03
10733,92251,1998-07-04,1999-07-03
10733,93952,1999-07-04,2000-07-03
10733,95838,2000-07-04,2001-07-03
10733,100041,2001-07-04,2002-07-03
10733,104130,2002-07-04,9999-01-01
10734,75107,2009-04-19,2010-04-18
10734,77349,2010-04-19,2011-04-18
10734,78827,2011-04-19,2012-04-18
10734,83231,2012-04-19,2013-04-18
10734,86863,2013-04-19,2014-04-18
10734,89435,2014-04-19,2015-04-18
10734,93040,2015-04-19,2016-04-18
10734,94520,2016-04-19,2017-04-18
10734,98938,2017-04-19,2018-04-18
10734,103045,2018-04-19,2019-04-18
10734,105335,2019-04-19,2020-04-18
10734,109595,2020-04-19,9999-01-01
10735,61824,1991-05-02,1992-05-01
10735,63457,1992-05-02,1993-05-01
10735,65133,1993-05-02,1994-05-01
10735,68947,1994-05-02,1995-05-01
10735,72423,1995-05-02,1996-05-01
10735,73747,1996-05-02,1997-05-01
10735,75341,1997-05-02,1998-05-01
10735,78334,1998-05-02,1999-05-01
10735,81187,1999-05-02,2000-05-01
10735,82848,2000-05-02,2001-05-01
10735,85466,2001-05-02,2002-05-01
10735,88482,2002-05-02,2003-05-01
10736,75095,2003-11-07,2004-11-06
10736,77639,2004-11-07,2005-11-06
10736,79925,2005-11-07,2006-11-06
10736,83120,2006-11-07,2007-11-06
10736,86754,2007-11-07,2008-11-06
10736,89106,2008-11-07,2009-11-06
10736,91762,2009-11-07,2010-11-06
10736,94456,2010-11-07,2011-11-06
10736,96300,2011-11-07,2012-11-06
10736,101583,2012-11-07,2013-11-06
10736,105600,2013-11-07,2014-11-06
10736,110253,2014-11-07,9999-01-01
10737,53684,1995-12-24,1996-12-23
10737,55314,1996-12-24,1997-12-23
10737,57307,1997-12-24,1998-12-23
10737,58456,1998-12-24,1999-12-23
10737,61586,1999-12-24,2000-12-23
10737,63323,2000-12-24,2001-12-23
10737,64950,2001-12-24,2002-12-23
10737,66713,2002-12-24,2003-12-23
10737,67909,2003-12-24,2004-12-23
10737,70127,2004-12-24,2005-12-23
10737,73835,2005-12-24,2006-12-23
10737,76968,2006-12-24,9999-01-01
10738,67079,2004-09-01,2005-08-31
10738,70977,2005-09-01,2006-08-31
10738,73659,2006-09-01,2007-08-31
10738,74926,2007-09-01,2008-08-31
10738,78225,2008-09-01,2009-08-31
10738,82428,2009-09-01,2010-08-31
10738,86388,2010-09-01,2011-08-31
10738,90023,2011-09-01,2012-08-31
10738,91705,2012-09-01,2013-08-31
10738,94956,2013-09-01,2014-08-31
10738,98288,2014-09-01,2015-08-31
10738,102370,2015-09-01,9999-01-01
10739,84409,2004-02-19,2005-02-18
10739,86738,2005-02-19,2006-02-18
10739,89029,2006-02-19,2007-02-18
10739,92379,2007-02-19,2008-02-18
10739,94763,2008-02-19,2009-02-18
10739,99562,2009-02-19,2010-02-18
10739,101416,2010-02-19,2011-02-18
10739,107070,2011-02-19,2012-02-18
10739,108954,2012-02-19,2013-02-18
10739,112166,2013-02-19,2014-02-18
10739,117745,2014-02-19,2015-02-18
10739,123277,2015-02-19,2016-02-18
10740,50056,1994-03-04,1995-03-03
10740,51285,1995-03-04,1996-03-03
10740,53229,1996-03-04,1997-03-03
10740,55316,1997-03-04,1998-03-03
10740,57013,1998-03-04,1999-03-03
10740,60163,1999-03-04,2000-03-03
10740,61733,2000-03-04,2001-03-03
10740,63396,2001-03-04,2002-03-03
10740,65981,2002-03-04,2003-03-03
10740,68571,2003-03-04,2004-03-03
10740,72360,2004-03-04,2005-03-03
10740,75348,2005-03-04,9999-01-01
10741,44631,2006-02-13,2007-02-12
10741,45325,2007-02-13,2008-02-12
10741,46718,2008-02-13,2009-02-12
10741,49333,2009-02-13,2010-02-12
10741,51095,2010-02-13,2011-02-12
10741,52877,2011-02-13,2012-02-12
10741,55196,2012-02-13,2013-02-12
10741,56252,2013-02-13,2014-02-12
10741,59184,2014-02-13,2015-02-12
10741,61401,2015-02-13,2016-02-12
10741,63442,2016-02-13,2017-02-12
10741,64990,2017-02-13,9999-01-01
10742,71145,2006-08-23,2007-08-22
10742,74547,2007-08-23,2008-08-22
10742,77750,2008-08-23,2009-08-22
10742,80327,2009-08-23,2010-08-22
10742,84058,2010-08-23,2011-08-22
10742,88717,2011-08-23,2012-08-22
10742,91418,2012-08-23,2013-08-22
10742,94496,2013-08-23,2014-08-22
10742,97594,2014-08-23,2015-08-22
10742,100517,2015-08-23,2016-08-22
10742,104102,2016-08-23,2017-08-22
10742,108387,2017-08-23,9999-01-01
10743,57123,1996-04-20,1997-04-19
10743,60029,1997-04-20,1998-04-19
10743,62673,1998-04-20,1999-04-19
10743,64174,1999-04-20,2000-04-19
10743,67872,2000-04-20,2001-04-19
10743,69178,2001-04-20,2002-04-19
10743,71613,2002-04-20,2003-04-19
10743,72745,2003-04-20,2004-04-19
10743,76756,2004-04-20,2005-04-19
10743,78312,2005-04-20,2006-04-19
10743,80163,2006-04-20,2007-04-19
10743,82556,2007-04-20,9999-01-01
10744,76268,2012-09-05,2013-09-04
10744,79593,2013-09-05,2014-09-04
10744,83955,2014-09-05,2015-09-04
10744,88465,2015-09-05,2016-09-04
10744,91217,2016-09-05,2017-09-04
10744,96509,2017-09-05,2018-09-04
10744,98764,2018-09-05,2019-09-04
10744,101455,2019-09-05,2020-09-04
10744,107231,2020-09-05,2021-09-04
10744,109356,2021-09-05,2022-09-04
10744,111364,2022-09-05,2023-09-04
10744,116542,2023-09-05,9999-01-01
10745,58541,2010-01-10,2011-01-09
10745,59821,2011-01-10,2012-01-09
10745,60742,2012-01-10,2013-01-09
10745,63778,2013-01-10,2014-01-09
10745,67414,2014-01-10,2015-01-09
10745,70432,2015-01-10,2016-01-09
10745,72860,2016-01-10,2017-01-09
10745,77047,2017-01-10,2018-01-09
10745,79809,2018-01-10,2019-01-09
10745,83034,2019-01-10,2020-01-09
10745,85728,2020-01-10,2021-01-09
10745,87896,2021-01-10,9999-01-01
10746,55590,2004-08-16,2005-08-15
10746,57838,2005-08-16,2006-08-15
10746,60405,2006-08-16,2007-08-15
10746,61884,2007-08-16,2008-04-26
10747,75948,2007-08-23,2008-08-22
10747,78069,2008-08-23,2009-08-22
10747,80530,2009-08-23,2010-08-22
10747,82893,2010-08-23,2011-08-22
10747,85605,2011-08-23,2012-08-22
10747,88070,2012-08-23,2013-08-22
10747,90512,2013-08-23,2014-08-22
10747,94617,2014-08-23,2015-08-22
10747,100115,2015-08-23,2016-08-22
10747,101813,2016-08-23,2017-08-22
10747,106087,2017-08-23,2018-08-22
10747,112408,2018-08-23,9999-01-01
10748,54189,2009-03-08,2010-03-07
10748,56937,2010-03-08,2011-03-07
10748,58490,2011-03-08,2012-03-07
10748,60264,2012-03-08,2013-03-07
10748,63423,2013-03-08,2014-03-07
10748,65866,2014-03-08,2015-03-07
10748,68302,2015-03-08,2016-03-07
10748,69513,2016-03-08,2017-03-07
10748,72866,2017-03-08,2018-03-07
10748,74621,2018-03-08,2019-03-07
10748,76443,2019-03-08,2020-03-07
10748,78838,2020-03-08,9999-01-01
10749,50346,1990-05-01,1991-04-30
10749,52925,1991-05-01,1992-04-30
10749,54031,1992-05-01,1993-04-30
10749,54856,1993-05-01,1994-04-30
10749,56483,1994-05-01,1995-04-30
10749,59379,1995-05-01,1996-04-30
10749,61179,1996-05-01,1997-04-30
10749,63273,1997-05-01,1998-04-30
10749,64616,1998-05-01,1999-04-30
10749,66796,1999-05-01,2000-04-30
10749,68297,2000-05-01,2001-04-30
10749,71462,2001-05-01,2002-04-30
10750,54880,2004-12-21,2005-12-20
10750,57990,2005-12-21,2006-12-20
10750,61026,2006-12-21,2007-12-20
10750,62887,2007-12-21,2008-12-20
10750,65066,2008-12-21,2009-12-20
10750,66245,2009-12-21,2010-12-20
10750,69277,2010-12-21,2011-12-20
10750,72438,2011-12-21,2012-12-20
10750,74234,2012-12-21,2013-12-20
10750,76055,2013-12-21,2014-12-20
10750,80028,2014-12-21,2015-12-20
10750,81947,2015-12-21,9999-01-01
10751,58648,2002-02-08,2003-02-07
10751,59528,2003-02-08,2004-02-07
10751,61860,2004-02-08,2005-02-07
10751,65158,2005-02-08,2006-02-07
10751,67264,2006-02-08,2007-02-07
10751,71059,2007-02-08,2008-02-07
10751,74513,2008-02-08,2009-02-07
10751,76195,2009-02-08,2010-02-07
10751,80734,2010-02-08,2011-02-07
10751,84567,2011-02-08,2012-02-07
10751,86703,2012-02-08,2013-02-07
10751,88537,2013-02-08,9999-01-01
10752,80776,2012-08-05,2013-08-04
10752,84485,2013-08-05,2014-08-04
10752,87370,2014-08-05,2015-08-04
10752,90808,2015-08-05,2016-08-04
10752,92257,2016-08-05,2017-08-04
10752,97578,2017-08-05,2018-08-04
10752,99396,2018-08-05,2019-08-04
10752,101675,2019-08-05,2020-08-04
10752,103388,2020-08-05,2021-08-04
10752,105732,2021-08-05,2022-08-04
10752,111874,2022-08-05,2023-08-04
10752,114781,2023-08-05,9999-01-01
10753,60537,1992-05-24,1993-05-23
10753,62073,1993-05-24,1994-05-23
10753,64380,1994-05-24,1995-05-23
10753,67120,1995-05-24,1996-05-23
10753,70197,1996-05-24,1997-05-23
10753,72911,1997-05-24,1998-05-23
10753,76289,1998-05-24,1999-05-23
10753,78556,1999-05-24,2000-05-23
10753,82004,2000-05-24,2001-05-23
10753,86488,2001-05-24,2002-05-23
10753,88970,2002-05-24,2003-05-23
10753,91197,2003-05-24,9999-01-01
10754,75000,1995-08-03,1996-08-02
10754,76693,1996-08-03,1997-08-02
10754,80573,1997-08-03,1998-08-02
10754,85361,1998-08-03,1999-08-02
10754,86877,1999-08-03,2000-08-02
10754,90765,2000-08-03,2001-08-02
10754,93700,2001-08-03,2002-08-02
10754,96087,2002-08-03,2003-08-02
10754,99987,2003-08-03,2004-08-02
10754,104939,2004-08-03,2005-08-01
10755,55237,1997-10-21,1998-10-20
10755,57597,1998-10-21,1999-10-20
10755,58550,1999-10-21,2000-10-20
10755,60384,2000-10-21,2001-08-18
10756,50076,2013-04-20,2014-04-19
10756,51729,2014-04-20,2015-04-19
10756,53593,2015-04-20,2016-04-19
10756,54906,2016-04-20,2017-04-19
10756,56004,2017-04-20,2018-04-19
10756,58373,2018-04-20,2019-04-19
10756,60696,2019-04-20,2020-04-19
10756,63221,2020-04-20,2021-04-19
10756,65071,2021-04-20,2022-04-19
10756,67085,2022-04-20,2023-04-19
10756,69884,2023-04-20,9999-01-01
10757,52642,1993-12-19,1994-12-18
10757,55183,1994-12-19,1995-12-18
10757,56077,1995-12-19,1996-12-18
10757,56995,1996-12-19,1997-12-18
10757,59205,1997-12-19,1998-12-18
10757,62209,1998-12-19,1999-12-18
10757,63357,1999-12-19,2000-12-18
10757,65924,2000-12-19,2001-12-18
10757,69434,2001-12-19,2002-12-18
10757,72062,2002-12-19,2003-12-18
10757,74475,2003-12-19,2004-12-18
10757,77832,2004-12-19,2005-12-18
10758,72625,1994-11-20,1995-11-19
10758,75280,1995-11-20,1996-11-19
10758,78571,1996-11-20,1997-11-19
10758,79914,1997-11-20,1998-11-19
10758,83906,1998-11-20,1999-11-19
10758,88803,1999-11-20,2000-11-19
10758,93342,2000-11-20,2001-11-19
10758,95491,2001-11-20,2002-11-19
10758,98836,2002-11-20,2003-11-19
10758,100912,2003-11-20,2004-11-19
10758,102736,2004-11-20,2005-11-19
10758,107649,2005-11-20,9999-01-01
10759,64185,2013-05-06,2014-05-05
10759,67586,2014-05-06,2015-05-05
10759,68916,2015-05-06,2016-05-05
10759,72265,2016-05-06,2017-05-05
10759,75835,2017-05-06,2018-05-05
10759,79069,2018-05-06,2019-05-05
10759,81639,2019-05-06,2020-05-05
10759,85814,2020-05-06,2021-05-05
10759,88693,2021-05-06,2022-05-05
10759,90413,2022-05-06,2023-05-05
10759,95579,2023-05-06,9999-01-01
10760,69897,2014-09-06,2015-09-05
10760,73874,2015-09-06,2016-09-05
10760,77217,2016-09-06,2017-09-05
10760,79050,2017-09-06,2018-09-05
10760,83567,2018-09-06,2019-09-05
10760,88390,2019-09-06,2020-09-05
10760,91586,2020-09-06,2021-09-05
10760,95073,2021-09-06,2022-09-05
10760,99940,2022-09-06,2023-09-05
10760,102583,2023-09-06,9999-01-01
10761,65949,1998-04-24,1999-04-23
10761,67311,1999-04-24,2000-04-23
10761,70863,2000-04-24,2001-04-23
10761,72641,2001-04-24,2002-04-23
10761,76813,2002-04-24,2003-04-23
10761,79842,2003-04-24,2004-04-23
10761,84559,2004-04-24,2005-04-23
10761,89478,2005-04-24,2006-04-23
10761,92694,2006-04-24,2007-04-23
10761,98027,2007-04-24,2008-04-23
10761,100367,2008-04-24,2009-04-23
10761,104087,2009-04-24,9999-01-01
10762,48354,2009-03-25,2010-03-24
10762,49265,2010-03-25,2011-03-24
10762,51168,2011-03-25,2012-03-24
10762,52563,2012-03-25,2013-03-24
10762,55221,2013-03-25,2014-03-24
10762,57745,2014-03-25,2015-03-24
10762,60703,2015-03-25,2016-03-24
10762,64072,2016-03-25,2016-10-23
10763,63606,2010-02-03,2011-02-02
10763,65994,2011-02-03,2012-02-02
10763,68420,2012-02-03,2013-02-02
10763,69925,2013-02-03,2014-02-02
10763,73628,2014-02-03,2015-02-02
10763,76089,2015-02-03,2016-02-02
10763,78156,2016-02-03,2017-02-02
10763,80511,2017-02-03,2018-02-02
10763,83769,2018-02-03,2019-02-02
10763,86761,2019-02-03,2020-02-02
10763,90630,2020-02-03,2021-02-02
10763,92094,2021-02-03,9999-01-01
10764,46565,2001-03-02,2002-03-01
10764,48720,2002-03-02,2003-03-01
10764,51358,2003-03-02,2004-03-01
10764,53604,2004-03-02,2005-03-01
10764,55217,2005-03-02,2006-03-01
10764,57261,2006-03-02,2007-03-01
10764,60362,2007-03-02,2008-03-01
10764,61269,2008-03-02,2009-03-01
10764,62683,2009-03-02,2010-03-01
10764,65938,2010-03-02,2011-03-01
10764,69703,2011-03-02,2012-03-01
10764,71935,2012-03-02,9999-01-01
10765,59936,1994-07-29,1995-07-28
10765,61710,1995-07-29,1996-07-28
10765,63856,1996-07-29,1997-07-28
10765,65938,1997-07-29,1998-07-28
10765,67128,1998-07-29,1999-07-28
10765,69497,1999-07-29,2000-07-28
10765,71022,2000-07-29,2001-07-28
10765,72904,2001-07-29,2002-07-28
10765,76539,2002-07-29,2003-07-28
10765,80829,2003-07-29,2004-07-28
10765,84623,2004-07-29,2005-07-28
10765,88875,2005-07-29,9999-01-01
10766,83774,2009-08-10,2010-08-09
10766,86710,2010-08-10,2011-08-09
10766,88475,2011-08-10,2012-08-09
10766,92719,2012-08-10,2013-08-09
10766,98233,2013-08-10,2014-08-09
10766,101657,2014-08-10,2015-08-09
10766,106273,2015-08-10,2016-08-09
10766,112060,2016-08-10,2017-08-09
10766,115695,2017-08-10,2018-08-09
10766,121602,2018-08-10,2019-08-09
10766,125637,2019-08-10,2020-08-09
10766,131145,2020-08-10,9999-01-01
10767,61597,2007-02-10,2008-02-09
10767,64008,2008-02-10,2009-02-09
10767,66986,2009-02-10,2010-02-09
10767,69492,2010-02-10,2011-02-09
10767,73299,2011-02-10,2012-02-09
10767,76974,2012-02-10,2013-02-09
10767,78757,2013-02-10,2014-02-09
10767,80768,2014-02-10,2015-02-09
10767,83158,2015-02-10,2016-02-09
10767,87896,2016-02-10,2017-02-09
10767,91082,2017-02-10,2018-02-09
10767,93383,2018-02-10,9999-01-01
10768,54419,2011-04-07,2012-04-06
10768,57288,2012-04-07,2013-04-06
10768,58528,2013-04-07,2014-04-06
10768,60796,2014-04-07,2015-04-06
10768,62026,2015-04-07,2016-04-06
10768,63405,2016-04-07,2017-04-06
10768,64854,2017-04-07,2018-04-06
10768,68311,2018-04-07,2019-04-06
10768,71271,2019-04-07,2020-04-06
10768,74683,2020-04-07,2021-04-06
10768,78745,2021-04-07,2022-04-06
10768,79938,2022-04-07,9999-01-01
10769,62888,1993-09-04,1994-09-03
10769,65154,1994-09-04,1995-09-03
10769,67759,1995-09-04,1996-09-03
10769,71331,1996-09-04,1997-09-03
10769,73649,1997-09-04,1998-09-03
10769,76025,1998-09-04,1999-09-03
10769,77753,1999-09-04,2000-09-03
10769,79423,2000-09-04,2001-09-03
10769,82395,2001-09-04,2002-09-03
10769,85476,2002-09-04,2003-09-03
10769,88838,2003-09-04,2004-09-03
10769,93773,2004-09-04,9999-01-01
10770,76838,1995-11-02,1996-11-01
10770,78861,1996-11-02,1997-11-01
10770,82283,1997-11-02,1998-11-01
10770,85020,1998-11-02,1999-11-01
10770,89520,1999-11-02,2000-11-01
10770,93177,2000-11-02,2001-11-01
10770,96307,2001-11-02,2002-11-01
10770,101844,2002-11-02,2003-11-01
10770,105658,2003-11-02,2004-11-01
10770,109210,2004-11-02,2005-11-01
10770,113594,2005-11-02,2006-11-01
10770,117486,2006-11-02,9999-01-01
10771,53011,2013-06-22,2014-06-21
10771,55493,2014-06-22,2015-06-21
10771,57148,2015-06-22,2016-06-21
10771,59423,2016-06-22,2017-06-21
10771,62822,2017-06-22,2018-06-21
10771,65908,2018-06-22,2019-06-21
10771,68995,2019-06-22,2020-06-21
10771,70824,2020-06-22,2021-06-21
10771,72605,2021-06-22,2022-06-21
10771,74780,2022-06-22,2023-06-21
10771,79179,2023-06-22,9999-01-01
10772,69166,2014-06-16,2015-06-15
10772,71391,2015-06-16,2016-06-15
10772,74360,2016-06-16,2017-06-15
10772,77576,2017-06-16,2018-06-15
10772,79711,2018-06-16,2019-06-15
10772,81392,2019-06-16,2020-06-15
10772,82827,2020-06-16,2021-06-15
10772,86177,2021-06-16,2022-06-15
10772,90785,2022-06-16,2023-06-15
10772,93466,2023-06-16,9999-01-01
10773,50244,1994-10-24,1995-10-23
10773,53009,1995-10-24,1996-10-23
10773,55322,1996-10-24,1997-10-23
10773,56361,1997-10-24,1998-10-23
10773,57362,1998-10-24,1999-10-23
10773,59804,1999-10-24,2000-10-23
10773,61111,2000-10-24,2001-10-23
10773,62634,2001-10-24,2002-10-23
10773,66176,2002-10-24,2003-10-23
10773,67385,2003-10-24,2004-10-23
10773,70871,2004-10-24,2005-10-23
10773,72829,2005-10-24,9999-01-01
10774,58347,2014-12-16,2015-12-15
10774,61596,2015-12-16,2016-12-15
10774,64718,2016-12-16,2017-12-15
10774,66960,2017-12-16,2018-12-15
10774,69862,2018-12-16,2019-12-15
10774,73469,2019-12-16,2020-12-15
10774,76575,2020-12-16,2021-12-15
10774,77796,2021-12-16,2022-12-15
10774,81154,2022-12-16,2023-12-15
10774,82900,2023-12-16,9999-01-01
10775,71669,2000-04-19,2001-04-18
10775,73579,2001-04-19,2002-04-18
10775,77731,2002-04-19,2003-04-18
10775,78920,2003-04-19,2004-04-18
10775,81214,2004-04-19,2005-04-18
10775,83318,2005-04-19,2006-04-18
10775,87667,2006-04-19,2007-04-18
10775,92334,2007-04-19,2008-04-18
10775,97715,2008-04-19,2009-04-18
10775,103519,2009-04-19,2010-04-18
10775,106629,2010-04-19,2011-04-18
10775,108630,2011-04-19,9999-01-01
10776,65511,2010-05-15,2011-05-14
10776,67465,2011-05-15,2012-05-14
10776,68570,2012-05-15,2013-05-14
10776,70974,2013-05-15,2014-05-14
10776,73105,2014-05-15,2015-05-14
10776,74394,2015-05-15,2016-05-14
10776,77788,2016-05-15,2017-05-14
10776,80525,2017-05-15,2018-05-14
10776,82833,2018-05-15,2019-05-14
10776,86478,2019-05-15,2020-05-14
10776,90113,2020-05-15,2021-05-14
10776,93848,2021-05-15,9999-01-01
10777,69459,1998-01-29,1999-01-28
10777,70814,1999-01-29,2000-01-28
10777,73950,2000-01-29,2001-01-28
10777,77454,2001-01-29,2002-01-28
10777,81587,2002-01-29,2003-01-28
10777,83489,2003-01-29,2004-01-28
10777,86606,2004-01-29,2005-01-28
10777,89459,2005-01-29,2006-01-28
10777,91031,2006-01-29,2007-01-28
10777,95952,2007-01-29,2008-01-28
10777,99948,2008-01-29,2009-01-28
10777,105264,2009-01-29,9999-01-01
10778,62626,2013-12-23,2014-12-22
10778,64429,2014-12-23,2015-12-22
10778,68203,2015-12-23,2016-12-22
10778,69679,2016-12-23,2017-12-22
10778,72419,2017-12-23,2018-12-22
10778,74126,2018-12-23,2019-12-22
10778,77264,2019-12-23,2020-02-27
10779,52045,2007-11-12,2008-11-11
10779,54805,2008-11-12,2009-11-11
10779,57829,2009-11-12,2010-11-11
10779,59483,2010-11-12,2011-11-11
10779,62290,2011-11-12,2012-11-11
10779,63430,2012-11-12,2013-11-11
10779,65067,2013-11-12,2014-11-11
10779,66072,2014-11-12,2015-11-11
10779,69884,2015-11-12,2016-11-11
10779,72061,2016-11-12,2017-11-11
10779,75912,2017-11-12,2018-11-11
10779,80104,2018-11-12,9999-01-01
10780,71483,1998-09-08,1999-09-07
10780,74802,1999-09-08,2000-09-07
10780,78594,2000-09-08,2001-09-07
10780,82458,2001-09-08,2002-09-07
10780,85372,2002-09-08,2003-09-07
10780,88448,2003-09-08,2004-09-07
10780,92132,2004-09-08,2005-09-07
10780,95614,2005-09-08,2006-09-07
10780,101071,2006-09-08,2007-09-07
10780,102674,2007-09-08,2008-09-07
10780,105278,2008-09-08,2009-09-07
10780,111160,2009-09-08,9999-01-01
10781,77187,2005-06-15,2006-06-14
10781,81081,2006-06-15,2007-06-14
10781,82299,2007-06-15,2008-06-14
10781,86686,2008-06-15,2009-06-14
10781,88876,2009-06-15,2010-06-14
10781,90999,2010-06-15,2011-06-14
10781,93529,2011-06-15,2012-06-14
10781,98379,2012-06-15,2013-06-14
10781,102253,2013-06-15,2014-06-14
10781,107914,2014-06-15,2015-06-14
10781,110018,2015-06-15,2016-06-14
10781,114841,2016-06-15,9999-01-01
10782,66674,2004-05-21,2005-05-20
10782,69889,2005-05-21,2006-05-20
10782,74042,2006-05-21,2007-05-20
10782,76161,2007-05-21,2008-05-20
10782,78138,2008-05-21,2009-05-20
10782,82227,2009-05-21,2010-05-20
10782,83855,2010-05-21,2011-05-20
10782,88810,2011-05-21,2012-05-20
10782,90533,2012-05-21,2013-05-20
10782,95117,2013-05-21,2014-05-20
10782,99341,2014-05-21,2015-05-20
10782,103634,2015-05-21,9999-01-01
10783,67756,1990-01-26,1991-01-25
10783,70723,1991-01-26,1992-01-25
10783,72452,1992-01-26,1993-01-25
10783,76769,1993-01-26,1994-01-25
10783,78874,1994-01-26,1995-01-25
10783,82320,1995-01-26,1996-01-25
10783,87234,1996-01-26,1997-01-25
10783,90033,1997-01-26,1998-01-25
10783,92903,1998-01-26,1999-01-25
10783,95484,1999-01-26,2000-01-25
10783,98003,2000-01-26,2001-01-25
10783,102440,2001-01-26,9999-01-01
10784,53726,1998-06-12,1999-06-11
10784,56032,1999-06-12,2000-06-11
10784,59325,2000-06-12,2001-06-11
10784,61876,2001-06-12,2002-06-11
10784,62946,2002-06-12,2003-06-11
10784,65970,2003-06-12,2004-06-11
10784,68513,2004-06-12,2005-06-11
10784,71378,2005-06-12,2006-06-11
10784,74442,2006-06-12,2007-06-11
10784,75798,2007-06-12,2008-06-11
10784,77816,2008-06-12,2009-06-11
10784,80483,2009-06-12,9999-01-01
10785,49553,2011-08-07,2012-08-06
10785,50398,2012-08-07,2012-12-06
10786,72169,2001-12-04,2002-12-03
10786,74127,2002-12-04,2003-12-03
10786,76840,2003-12-04,2004-12-03
10786,80309,2004-12-04,2005-12-03
10786,81981,2005-12-04,2006-12-03
10786,85744,2006-12-04,2007-12-03
10786,88130,2007-12-04,2008-12-03
10786,92995,2008-12-04,2009-12-03
10786,97655,2009-12-04,2010-12-03
10786,101641,2010-12-04,2011-12-03
10786,107730,2011-12-04,2012-12-03
10786,110118,2012-12-04,9999-01-01
10787,60487,2006-11-18,2007-11-17
10787,63515,2007-11-18,2008-11-17
10787,64576,2008-11-18,2009-11-17
10787,68149,2009-11-18,2010-11-17
10787,70015,2010-11-18,2011-11-17
10787,72570,2011-11-18,2012-11-17
10787,75413,2012-11-18,2013-11-17
10787,79922,2013-11-18,2014-11-17
10787,84240,2014-11-18,2015-11-17
10787,88853,2015-11-18,2016-11-17
10787,90867,2016-11-18,2017-11-17
10787,95832,2017-11-18,9999-01-01
10788,87609,1992-02-18,1993-02-17
10788,92689,1993-02-18,1994-02-17
10788,96533,1994-02-18,1995-02-17
10788,100185,1995-02-18,1996-02-17
10788,105290,1996-02-18,1997-02-17
10788,107430,1997-02-18,1998-02-17
10788,109082,1998-02-18,1999-02-17
10788,113896,1999-02-18,2000-02-17
10788,119642,2000-02-18,2001-02-17
10788,126011,2001-02-18,2002-02-17
10788,131448,2002-02-18,2003-02-17
10788,136346,2003-02-18,9999-01-01
10789,85517,2003-11-07,2004-11-06
10789,88048,2004-11-07,2005-11-06
10789,92740,2005-11-07,2006-11-06
10789,96907,2006-11-07,2007-11-06
10789,100009,2007-11-07,2008-11-06
10789,102256,2008-11-07,2009-11-06
10789,108029,2009-11-07,2010-11-06
10789,113608,2010-11-07,2011-11-06
10789,120288,2011-11-07,2012-11-06
10789,125049,2012-11-07,2013-11-06
10789,126976,2013-11-07,2014-11-06
10789,132383,2014-11-07,2015-11-06
10790,57045,2013-05-06,2014-05-05
10790,59575,2014-05-06,2015-05-05
10790,62539,2015-05-06,2016-05-05
10790,65435,2016-05-06,2017-05-05
10790,66851,2017-05-06,2018-05-05
10790,69785,2018-05-06,2019-05-05
10790,71426,2019-05-06,2020-05-05
10790,74022,2020-05-06,2021-05-05
10790,75820,2021-05-06,2022-05-05
10790,80094,2022-05-06,2023-05-05
10790,83359,2023-05-06,9999-01-01
10791,58835,1996-07-14,1997-07-13
10791,60856,1997-07-14,1998-07-13
10791,61871,1998-07-14,1999-07-13
10791,64431,1999-07-14,2000-07-13
10791,66052,2000-07-14,2001-07-13
10791,68966,2001-07-14,2002-07-13
10791,71279,2002-07-14,2003-07-13
10791,73782,2003-07-14,2004-07-13
10791,76912,2004-07-14,2005-07-13
10791,80266,2005-07-14,2006-07-13
10791,84977,2006-07-14,2007-07-13
10791,89308,2007-07-14,9999-01-01
10792,88216,2002-12-06,2003-12-05
10792,93142,2003-12-06,2004-12-05
10792,95901,2004-12-06,2005-12-05
10792,101563,2005-12-06,2006-12-05
10792,107555,2006-12-06,2007-12-05
10792,112222,2007-12-06,2008-12-05
10792,115920,2008-12-06,2009-12-05
10792,122125,2009-12-06,2010-12-05
10792,126784,2010-12-06,2011-12-05
10792,130503,2011-12-06,2012-12-05
10792,133153,2012-12-06,2013-12-05
10792,139901,2013-12-06,2014-12-05
10793,70835,1993-10-23,1994-10-22
10793,73785,1994-10-23,1995-10-22
10793,77927,1995-10-23,1996-10-22
10793,81905,1996-10-23,1997-10-22
10793,86317,1997-10-23,1998-10-22
10793,90130,1998-10-23,1999-10-22
10793,95076,1999-10-23,2000-10-22
10793,98532,2000-10-23,2001-10-22
10793,102450,2001-10-23,2002-10-22
10793,108250,2002-10-23,2003-10-22
10793,111530,2003-10-23,2004-10-22
10793,115674,2004-10-23,2005-10-22
10794,54969,1995-08-02,1996-08-01
10794,57705,1996-08-02,1997-08-01
10794,59741,1997-08-02,1998-08-01
10794,61386,1998-08-02,1999-08-01
10794,63823,1999-08-02,2000-08-01
10794,66020,2000-08-02,2001-08-01
10794,68693,2001-08-02,2002-08-01
10794,71167,2002-08-02,2003-08-01
10794,72266,2003-08-02,2004-08-01
10794,74270,2004-08-02,2005-08-01
10794,75774,2005-08-02,2006-08-01
10794,78799,2006-08-02,9999-01-01
10795,46862,2007-08-02,2008-08-01
10795,47750,2008-08-02,2009-08-01
10795,49718,2009-08-02,2010-08-01
10795,52616,2010-08-02,2011-08-01
10795,55287,2011-08-02,2012-08-01
10795,56392,2012-08-02,2013-08-01
10795,57898,2013-08-02,2014-08-01
10795,58791,2014-08-02,2015-08-01
10795,60868,2015-08-02,2016-08-01
10795,64026,2016-08-02,2017-08-01
10795,64988,2017-08-02,2018-08-01
10795,67565,2018-08-02,9999-01-01
10796,81970,1995-02-06,1996-02-05
10796,85996,1996-02-06,1997-02-05
10796,87664,1997-02-06,1998-02-05
10796,90115,1998-02-06,1999-02-05
10796,92341,1999-02-06,2000-02-05
10796,96686,2000-02-06,2001-02-05
10796,98882,2001-02-06,2002-02-05
10796,103070,2002-02-06,2003-02-05
10796,107320,2003-02-06,2004-02-05
10796,111661,2004-02-06,2005-02-05
10796,113700,2005-02-06,2006-02-05
10796,116086,2006-02-06,9999-01-01
10797,68373,2013-05-02,2014-05-01
10797,69594,2014-05-02,2015-05-01
10797,71889,2015-05-02,2016-05-01
10797,73454,2016-05-02,2017-05-01
10797,75560,2017-05-02,2018-05-01
10797,78127,2018-05-02,2019-05-01
10797,82567,2019-05-02,2020-05-01
10797,87085,2020-05-02,2021-05-01
10797,88709,2021-05-02,2022-05-01
10797,90760,2022-05-02,2023-05-01
10797,94987,2023-05-02,9999-01-01
10798,66091,1994-06-04,1995-06-03
10798,67900,1995-06-04,1996-06-03
10798,71044,1996-06-04,1997-06-03
10798,73668,1997-06-04,1998-06-03
10798,77086,1998-06-04,1999-06-03
10798,79375,1999-06-04,2000-06-03
10798,80660,2000-06-04,2001-06-03
10798,82319,2001-06-04,2002-06-03
10798,86915,2002-06-04,2003-06-03
10798,92118,2003-06-04,2004-06-03
10798,95450,2004-06-04,2005-06-03
10798,100570,2005-06-04,2006-06-03
10799,77851,2004-05-26,2005-05-25
10799,81657,2005-05-26,2006-05-25
10799,83356,2006-05-26,2007-05-25
10799,86671,2007-05-26,2008-05-25
10799,88255,2008-05-26,2009-05-25
10799,90712,2009-05-26,2010-05-25
10799,95321,2010-05-26,2011-05-25
10799,96765,2011-05-26,2012-05-25
10799,98631,2012-05-26,2013-05-25
10799,100657,2013-05-26,2014-05-25
10799,104744,2014-05-26,2015-05-25
10799,110817,2015-05-26,2016-05-25
10800,54825,2007-12-31,2008-12-30
10800,56284,2008-12-31,2009-12-30
10800,58938,2009-12-31,2010-12-30
10800,61123,2010-12-31,2011-12-30
10800,62610,2011-12-31,2012-12-30
10800,63782,2012-12-31,2013-12-30
10800,65943,2013-12-31,2014-12-30
10800,68495,2014-12-31,2015-12-30
10800,71862,2015-12-31,2016-12-30
10800,75446,2016-12-31,2017-11-09
10801,84242,2012-10-12,2013-10-11
10801,87342,2013-10-12,2014-08-12
10802,67711,1990-02-15,1991-02-14
10802,69484,1991-02-15,1992-02-14
10802,71388,1992-02-15,1993-02-14
10802,75272,1993-02-15,1994-02-14
10802,77074,1994-02-15,1995-02-14
10802,79837,1995-02-15,1996-02-14
10802,83978,1996-02-15,1997-02-14
10802,86800,1997-02-15,1998-02-14
10802,90526,1998-02-15,1999-02-14
10802,95558,1999-02-15,2000-02-14
10802,100786,2000-02-15,2001-02-14
10802,104370,2001-02-15,2002-02-14
10803,48735,1992-10-08,1993-10-07
10803,51141,1993-10-08,1994-10-07
10803,52975,1994-10-08,1995-10-07
10803,54073,1995-10-08,1996-10-07
10803,56950,1996-10-08,1997-10-07
10803,59051,1997-10-08,1998-10-07
10803,61925,1998-10-08,1999-10-07
10803,65005,1999-10-08,2000-10-07
10803,67627,2000-10-08,2001-10-07
10803,70810,2001-10-08,2002-10-07
10803,72357,2002-10-08,2003-10-07
10803,75813,2003-10-08,9999-01-01
10804,69135,1996-07-16,1997-07-15
10804,72556,1997-07-16,1998-07-15
10804,74325,1998-07-16,1999-07-15
10804,78464,1999-07-16,2000-07-15
10804,81295,2000-07-16,2001-07-15
10804,84962,2001-07-16,2002-07-15
10804,88031,2002-07-16,2003-07-15
10804,92976,2003-07-16,2004-07-15
10804,97582,2004-07-16,2005-07-15
10804,100977,2005-07-16,2006-07-15
10804,106146,2006-07-16,2007-07-15
10804,111926,2007-07-16,9999-01-01
10805,71188,1997-05-22,1998-05-21
10805,75288,1998-05-22,1999-05-21
10805,77037,1999-05-22,2000-05-21
10805,80488,2000-05-22,2001-05-21
10805,84069,2001-05-22,2002-05-21
10805,85652,2002-05-22,2003-05-21
10805,90352,2003-05-22,2004-05-21
10805,94047,2004-05-22,2005-05-21
10805,96329,2005-05-22,2006-05-21
10805,101896,2006-05-22,2007-05-21
10805,106184,2007-05-22,2008-05-21
10805,109602,2008-05-22,2009-05-21
10806,64282,1997-03-03,1998-03-02
10806,65954,1998-03-03,1999-03-02
10806,69182,1999-03-03,2000-03-02
10806,71901,2000-03-03,2001-03-02
10806,73967,2001-03-03,2002-03-02
10806,77235,2002-03-03,2003-03-02
10806,80469,2003-03-03,2004-03-02
10806,82951,2004-03-03,2005-03-02
10806,87568,2005-03-03,2006-03-02
10806,89328,2006-03-03,2007-03-02
10806,90859,2007-03-03,2008-03-02
10806,94703,2008-03-03,9999-01-01
10807,70599,1990-08-28,1991-08-27
10807,72848,1991-08-28,1992-08-27
10807,75027,1992-08-28,1993-08-27
10807,78629,1993-08-28,1994-08-27
10807,81166,1994-08-28,1995-08-27
10807,83946,1995-08-28,1996-08-27
10807,85469,1996-08-28,1997-08-27
10807,89661,1997-08-28,1998-08-27
10807,92840,1998-08-28,1999-08-27
10807,98275,1999-08-28,2000-08-27
10807,103413,2000-08-28,2001-08-27
10807,107521,2001-08-28,2002-08-27
10808,71696,2009-03-31,2010-03-30
10808,74205,2010-03-31,2011-03-30
10808,77522,2011-03-31,2012-03-30
10808,79347,2012-03-31,2013-03-30
10808,82348,2013-03-31,2014-03-30
10808,84614,2014-03-31,2015-03-30
10808,87271,2015-03-31,2016-03-30
10808,92477,2016-03-31,2016-12-02
10809,83652,1998-06-02,1999-06-01
10809,86523,1999-06-02,2000-06-01
10809,91174,2000-06-02,2001-06-01
10809,93979,2001-06-02,2002-06-01
10809,95808,2002-06-02,2003-06-01
10809,98000,2003-06-02,2004-06-01
10809,100338,2004-06-02,2005-06-01
10809,104187,2005-06-02,2006-06-01
10809,109945,2006-06-02,2007-06-01
10809,113141,2007-06-02,2008-06-01
10809,118752,2008-06-02,2009-06-01
10809,124299,2009-06-02,9999-01-01
10810,69791,2009-09-08,2010-09-07
10810,73734,2010-09-08,2011-09-07
10810,76224,2011-09-08,2012-09-07
10810,79368,2012-09-08,2013-09-07
10810,81745,2013-09-08,2014-09-07
10810,85500,2014-09-08,2015-09-07
10810,88491,2015-09-08,2016-09-07
10810,92863,2016-09-08,2017-09-07
10810,94627,2017-09-08,2018-09-07
10810,100246,2018-09-08,2019-09-07
10810,105669,2019-09-08,2020-09-07
10810,108597,2020-09-08,9999-01-01
10811,88315,2008-11-28,2009-11-27
10811,90029,2009-11-28,2010-11-27
10811,93912,2010-11-28,2011-11-27
10811,99223,2011-11-28,2012-11-27
10811,105120,2012-11-28,2013-11-27
10811,110298,2013-11-28,2014-11-27
10811,115539,2014-11-28,2015-11-27
10811,117423,2015-11-28,2016-11-27
10811,120715,2016-11-28,2017-11-27
10811,126752,2017-11-28,2018-11-27
10811,132062,2018-11-28,2019-11-27
10811,137748,2019-11-28,9999-01-01
10812,60832,2014-04-09,2015-04-08
10812,62775,2015-04-09,2016-04-08
10812,64887,2016-04-09,2017-04-08
10812,68769,2017-04-09,2018-04-08
10812,69995,2018-04-09,2019-04-08
10812,72507,2019-04-09,2020-04-08
10812,73645,2020-04-09,2021-04-08
10812,75445,2021-04-09,2022-04-08
10812,77802,2022-04-09,2023-04-08
10812,79786,2023-04-09,9999-01-01
10813,50536,1999-04-23,2000-04-22
10813,52136,2000-04-23,2001-04-22
10813,53979,2001-04-23,2002-04-22
10813,55283,2002-04-23,2003-04-22
10813,58580,2003-04-23,2004-04-22
10813,60481,2004-04-23,2005-04-22
10813,61413,2005-04-23,2006-04-22
10813,64426,2006-04-23,2007-04-22
10813,67617,2007-04-23,2008-04-22
10813,70854,2008-04-23,2009-04-22
10813,75068,2009-04-23,2010-04-22
10813,78497,2010-04-23,9999-01-01
10814,81319,1996-05-08,1997-05-07
10814,84873,1997-05-08,1998-05-07
10814,87050,1998-05-08,1999-05-07
10814,91554,1999-05-08,2000-05-07
10814,93444,2000-05-08,2001-05-07
10814,98888,2001-05-08,2002-05-07
10814,103524,2002-05-08,2003-05-07
10814,108325,2003-05-08,2004-05-07
10814,114487,2004-05-08,2005-05-07
10814,118051,2005-05-08,2006-05-07
10814,123697,2006-05-08,2007-05-07
10814,129548,2007-05-08,2008-05-07
10815,48715,2014-08-24,2015-08-23
10815,51534,2015-08-24,2016-08-23
10815,52377,2016-08-24,2017-01-24
10816,60594,2004-06-09,2005-06-08
10816,63857,2005-06-09,2006-06-08
10816,67075,2006-06-09,2007-06-08
10816,70288,2007-06-09,2008-06-08
10816,72618,2008-06-09,2009-06-08
10816,74021,2009-06-09,2010-06-08
10816,78157,2010-06-09,2011-06-08
10816,79411,2011-06-09,2012-06-08
10816,82013,2012-06-09,2013-06-08
10816,84022,2013-06-09,2014-06-08
10816,87965,2014-06-09,2015-06-08
10816,91706,2015-06-09,9999-01-01
10817,66859,2001-04-09,2002-04-08
10817,70770,2002-04-09,2003-04-08
10817,74897,2003-04-09,2004-04-08
10817,76239,2004-04-09,2005-04-08
10817,79959,2005-04-09,2006-04-08
10817,83865,2006-04-09,2007-04-08
10817,87390,2007-04-09,2008-04-08
10817,90547,2008-04-09,2009-04-08
10817,92917,2009-04-09,2010-04-08
10817,96610,2010-04-09,2011-04-08
10817,102141,2011-04-09,2012-04-08
10817,104331,2012-04-09,9999-01-01
10818,63221,1991-06-03,1992-06-02
10818,66318,1992-06-03,1993-06-02
10818,69630,1993-06-03,1994-06-02
10818,71386,1994-06-03,1995-06-02
10818,73960,1995-06-03,1996-06-02
10818,77670,1996-06-03,1997-06-02
10818,81619,1997-06-03,1998-06-02
10818,82958,1998-06-03,1999-06-02
10818,85160,1999-06-03,2000-06-02
10818,87838,2000-06-03,2001-06-02
10818,90439,2001-06-03,2002-06-02
10818,91863,2002-06-03,9999-01-01
10819,71671,1997-01-01,1997-12-31
10819,73092,1998-01-01,1998-12-31
10819,75751,1999-01-01,1999-12-31
10819,77151,2000-01-01,2000-12-31
10819,80080,2001-01-01,2001-12-31
10819,84290,2002-01-01,2002-12-31
10819,88346,2003-01-01,2003-12-31
10819,92033,2004-01-01,2004-12-31
10819,93929,2005-01-01,2005-12-31
10819,95652,2006-01-01,2006-12-31
10819,99694,2007-01-01,2007-12-31
10819,105497,2008-01-01,9999-01-01
10820,90226,1991-12-01,1992-11-30
10820,93393,1992-12-01,1993-11-30
10820,95592,1993-12-01,1994-11-30
10820,97520,1994-12-01,1995-11-30
10820,99977,1995-12-01,1996-11-30
10820,103715,1996-12-01,1997-11-30
10820,109291,1997-12-01,1998-11-30
10820,115500,1998-12-01,1999-11-30
10820,119467,1999-12-01,2000-11-30
10820,124773,2000-12-01,2001-11-30
10820,127685,2001-12-01,2002-11-30
10820,132537,2002-12-01,2003-11-30
10821,47965,2001-06-19,2002-06-18
10821,49678,2002-06-19,2003-06-18
10821,51490,2003-06-19,2004-06-18
10821,54174,2004-06-19,2005-06-18
10821,56258,2005-06-19,2006-06-18
10821,57760,2006-06-19,2007-06-18
10821,59946,2007-06-19,2008-06-18
10821,63520,2008-06-19,2009-06-18
10821,65484,2009-06-19,2010-06-18
10821,66852,2010-06-19,2011-06-18
10821,69587,2011-06-19,2012-06-18
10821,71295,2012-06-19,9999-01-01
10822,66286,2013-08-06,2014-08-05
10822,68268,2014-08-06,2015-08-05
10822,70026,2015-08-06,2016-08-05
10822,73071,2016-08-06,2017-08-05
10822,74204,2017-08-06,2018-08-05
10822,78287,2018-08-06,2019-08-05
10822,82257,2019-08-06,2020-08-05
10822,87156,2020-08-06,2021-08-05
10822,89844,2021-08-06,2022-08-05
10822,93368,2022-08-06,2023-08-05
10822,97058,2023-08-06,9999-01-01
10823,63372,1990-04-05,1991-04-04
10823,66807,1991-04-05,1992-04-04
10823,68114,1992-04-05,1993-04-04
10823,71385,1993-04-05,1994-04-04
10823,73373,1994-04-05,1995-04-04
10823,76918,1995-04-05,1996-04-04
10823,80478,1996-04-05,1997-04-04
10823,83353,1997-04-05,1998-04-04
10823,86463,1998-04-05,1999-04-04
10823,89651,1999-04-05,2000-04-04
10823,92450,2000-04-05,2001-04-04
10823,93955,2001-04-05,9999-01-01
10824,56933,1997-02-08,1998-02-07
10824,59983,1998-02-08,1999-02-07
10824,61385,1999-02-08,2000-02-07
10824,63457,2000-02-08,2001-02-07
10824,64789,2001-02-08,2002-02-07
10824,66472,2002-02-08,2003-02-07
10824,67764,2003-02-08,2004-02-07
10824,69865,2004-02-08,2005-02-07
10824,73501,2005-02-08,2006-02-07
10824,75914,2006-02-08,2007-02-07
10824,79307,2007-02-08,2008-02-07
10824,81833,2008-02-08,9999-01-01
10825,62498,2000-11-12,2001-11-11
10825,65037,2001-11-12,2002-11-11
10825,66724,2002-11-12,2003-11-11
10825,70047,2003-11-12,2004-11-11
10825,72901,2004-11-12,2005-11-11
10825,76569,2005-11-12,2006-11-11
10825,78794,2006-11-12,2007-11-11
10825,83436,2007-11-12,2008-11-11
10825,85365,2008-11-12,2009-11-11
10825,89511,2009-11-12,2010-11-11
10825,91907,2010-11-12,2011-11-11
10825,96993,2011-11-12,9999-01-01
10826,62754,1991-11-26,1992-11-25
10826,64094,1992-11-26,1993-11-25
10826,66003,1993-11-26,1994-11-25
10826,68682,1994-11-26,1995-11-25
10826,71065,1995-11-26,1996-11-25
10826,72929,1996-11-26,1997-11-25
10826,76668,1997-11-26,1998-11-25
10826,78101,1998-11-26,1999-11-25
10826,79931,1999-11-26,2000-11-25
10826,83006,2000-11-26,2001-11-25
10826,86462,2001-11-26,2002-11-25
10826,91530,2002-11-26,9999-01-01
10827,71518,1998-05-24,1999-05-23
10827,74306,1999-05-24,2000-05-23
10827,77919,2000-05-24,2001-05-23
10827,82197,2001-05-24,2002-05-23
10827,84730,2002-05-24,2003-05-23
10827,88720,2003-05-24,2004-05-23
10827,93552,2004-05-24,2005-05-23
10827,96279,2005-05-24,2006-05-23
10827,99206,2006-05-24,2007-05-23
10827,102775,2007-05-24,2008-05-23
10827,104590,2008-05-24,2009-05-23
10827,110565,2009-05-24,2010-05-23
10828,73382,2006-06-12,2007-06-11
10828,75489,2007-06-12,2008-06-11
10828,79047,2008-06-12,2009-06-11
10828,82884,2009-06-12,2010-06-11
10828,84607,2010-06-12,2011-06-11
10828,86841,2011-06-12,2012-06-11
10828,89540,2012-06-12,2013-06-11
10828,93807,2013-06-12,2014-06-11
10828,98130,2014-06-12,2015-06-11
10828,102968,2015-06-12,2016-06-11
10828,105222,2016-06-12,2017-06-11
10828,108754,2017-06-12,9999-01-01
10829,67445,2002-09-12,2003-09-11
10829,69912,2003-09-12,2004-09-11
10829,71336,2004-09-12,2005-09-11
10829,75314,2005-09-12,2006-09-11
10829,77829,2006-09-12,2007-09-11
10829,81788,2007-09-12,2008-09-11
10829,85697,2008-09-12,2009-09-11
10829,90326,2009-09-12,2010-09-11
10829,93809,2010-09-12,2011-09-11
10829,97503,2011-09-12,2012-09-11
10829,102253,2012-09-12,2013-09-11
10829,105451,2013-09-12,9999-01-01
10830,63968,2010-08-01,2011-07-31
10830,67084,2011-08-01,2012-07-31
10830,69168,2012-08-01,2013-07-31
10830,73264,2013-08-01,2014-07-31
10830,77095,2014-08-01,2015-07-31
10830,79619,2015-08-01,2016-07-31
10830,81101,2016-08-01,2017-07-31
10830,82839,2017-08-01,2018-07-31
10830,86372,2018-08-01,2019-07-31
10830,90600,2019-08-01,2020-07-31
10830,95506,2020-08-01,2021-07-31
10830,99891,2021-08-01,9999-01-01
10831,52281,1995-01-06,1996-01-05
10831,55129,1996-01-06,1997-01-05
10831,57581,1997-01-06,1998-01-05
10831,60949,1998-01-06,1999-01-05
10831,63536,1999-01-06,2000-01-05
10831,65488,2000-01-06,2001-01-05
10831,69000,2001-01-06,2002-01-05
10831,72123,2002-01-06,2003-01-05
10831,74970,2003-01-06,2004-01-05
10831,76302,2004-01-06,2005-01-05
10831,79779,2005-01-06,2006-01-05
10831,81347,2006-01-06,9999-01-01
10832,76857,1993-05-02,1994-05-01
10832,81078,1994-05-02,1995-05-01
10832,84492,1995-05-02,1996-05-01
10832,87891,1996-05-02,1997-05-01
10832,91785,1997-05-02,1998-05-01
10832,95818,1998-05-02,1999-05-01
10832,101462,1999-05-02,2000-05-01
10832,103165,2000-05-02,2001-05-01
10832,107121,2001-05-02,2002-05-01
10832,110858,2002-05-02,2003-05-01
10832,113630,2003-05-02,2004-05-01
10832,119624,2004-05-02,2005-05-01
10833,72570,1998-01-08,1999-01-07
10833,74896,1999-01-08,2000-01-07
10833,76938,2000-01-08,2001-01-07
10833,78677,2001-01-08,2002-01-07
10833,82738,2002-01-08,2003-01-07
10833,86475,2003-01-08,2004-01-07
10833,91167,2004-01-08,2005-01-07
10833,94803,2005-01-08,2006-01-07
10833,98125,2006-01-08,2007-01-07
10833,101129,2007-01-08,2008-01-07
10833,106735,2008-01-08,2009-01-07
10833,109642,2009-01-08,9999-01-01
10834,67306,2008-12-04,2009-12-03
10834,69943,2009-12-04,2010-12-03
10834,71979,2010-12-04,2011-12-03
10834,75057,2011-12-04,2012-12-03
10834,78788,2012-12-04,2013-12-03
10834,81677,2013-12-04,2014-12-03
10834,85789,2014-12-04,2015-12-03
10834,90063,2015-12-04,2016-12-03
10834,91564,2016-12-04,2017-12-03
10834,93335,2017-12-04,2018-12-03
10834,98540,2018-12-04,2019-12-03
10834,103478,2019-12-04,9999-01-01
10835,54816,1997-06-02,1998-06-01
10835,57128,1998-06-02,1999-06-01
10835,59685,1999-06-02,2000-06-01
10835,60850,2000-06-02,2001-06-01
10835,64057,2001-06-02,2002-06-01
10835,66458,2002-06-02,2003-06-01
10835,68015,2003-06-02,2004-06-01
10835,71906,2004-06-02,2005-06-01
10835,74625,2005-06-02,2006-06-01
10835,77987,2006-06-02,2007-06-01
10835,81940,2007-06-02,2008-06-01
10835,83848,2008-06-02,9999-01-01
10836,72791,1997-10-20,1998-10-19
10836,76609,1998-10-20,1999-10-19
10836,79177,1999-10-20,2000-10-19
10836,83710,2000-10-20,2001-10-19
10836,86501,2001-10-20,2002-10-19
10836,90322,2002-10-20,2003-10-19
10836,93837,2003-10-20,2004-10-19
10836,96627,2004-10-20,2005-10-19
10836,101557,2005-10-20,2006-10-19
10836,106889,2006-10-20,2007-10-19
10836,108511,2007-10-20,2008-10-19
10836,113592,2008-10-20,9999-01-01
10837,48430,1995-08-12,1996-08-11
10837,49962,1996-08-12,1997-08-11
10837,51885,1997-08-12,1998-08-11
10837,53007,1998-08-12,1999-08-11
10837,54424,1999-08-12,2000-08-11
10837,55985,2000-08-12,2001-08-11
10837,56960,2001-08-12,2002-08-11
10837,59065,2002-08-12,2003-08-11
10837,62351,2003-08-12,2004-08-11
10837,65793,2004-08-12,2005-08-11
10837,68006,2005-08-12,2006-08-11
10837,69677,2006-08-12,2007-08-11
10838,52758,1994-04-02,1995-04-01
10838,55035,1995-04-02,1996-04-01
10838,57136,1996-04-02,1997-04-01
10838,58285,1997-04-02,1998-04-01
10838,61470,1998-04-02,1999-04-01
10838,64742,1999-04-02,2000-04-01
10838,66413,2000-04-02,2001-04-01
10838,70176,2001-04-02,2002-04-01
10838,73988,2002-04-02,2003-04-01
10838,76918,2003-04-02,2004-04-01
10838,79496,2004-04-02,2005-04-01
10838,84116,2005-04-02,9999-01-01
10839,38843,1990-10-10,1991-10-09
10839,39564,1991-10-10,1992-10-09
10839,40421,1992-10-10,1993-10-09
10839,42259,1993-10-10,1994-10-09
10839,43780,1994-10-10,1995-10-09
10839,45745,1995-10-10,1996-10-09
10839,47976,1996-10-10,1997-10-09
10839,49323,1997-10-10,1998-10-09
10839,50544,1998-10-10,1999-10-09
10839,53273,1999-10-10,2000-10-09
10839,56346,2000-10-10,2001-10-09
10839,57664,2001-10-10,9999-01-01
10840,46880,2012-11-21,2013-11-20
10840,48846,2013-11-21,2014-11-20
10840,50628,2014-11-21,2015-11-20
10840,52224,2015-11-21,2016-10-12
10841,61207,2010-11-17,2011-11-16
10841,62822,2011-11-17,2012-11-16
10841,66345,2012-11-17,2013-11-16
10841,68644,2013-11-17,2014-11-16
10841,70837,2014-11-17,2015-11-16
10841,73257,2015-11-17,2016-11-16
10841,74586,2016-11-17,2017-11-16
10841,75984,2017-11-17,2018-11-16
10841,79450,2018-11-17,2019-11-16
10841,83348,2019-11-17,2020-11-16
10841,85946,2020-11-17,2021-10-26
10842,46445,2007-07-05,2008-07-04
10842,48854,2008-07-05,2009-07-04
10842,51385,2009-07-05,2010-07-04
10842,52793,2010-07-05,2011-07-04
10842,54832,2011-07-05,2012-07-04
10842,57429,2012-07-05,2013-07-04
10842,60110,2013-07-05,2014-07-04
10842,62926,2014-07-05,2015-07-04
10842,66484,2015-07-05,2016-07-04
10842,68069,2016-07-05,2017-07-04
10842,70028,2017-07-05,2018-07-04
10842,71186,2018-07-05,9999-01-01
10843,56723,1997-05-13,1998-05-12
10843,59322,1998-05-13,1999-05-12
10843,62654,1999-05-13,2000-05-12
10843,64670,2000-05-13,2001-05-12
10843,65718,2001-05-13,2002-05-12
10843,67210,2002-05-13,2003-05-12
10843,70315,2003-05-13,2004-05-12
10843,71732,2004-05-13,2005-05-12
10843,73650,2005-05-13,2006-05-12
10843,76169,2006-05-13,2007-05-12
10843,77695,2007-05-13,2008-03-22
10844,39479,1994-08-20,1995-08-19
10844,40449,1995-08-20,1996-08-19
10844,42504,1996-08-20,1997-08-19
10844,44942,1997-08-20,1998-08-19
10844,46118,1998-08-20,1999-08-19
10844,47548,1999-08-20,2000-08-19
10844,49271,2000-08-20,2001-08-19
10844,50450,2001-08-20,2002-08-19
10844,51506,2002-08-20,2003-08-19
10844,54479,2003-08-20,2004-08-19
10844,55512,2004-08-20,2005-08-19
10844,57797,2005-08-20,9999-01-01
10845,51353,2011-01-21,2012-01-20
10845,53199,2012-01-21,2013-01-20
10845,54221,2013-01-21,2014-01-20
10845,57039,2014-01-21,2015-01-20
10845,58677,2015-01-21,2016-01-20
10845,60106,2016-01-21,2017-01-20
10845,62660,2017-01-21,2018-01-20
10845,65840,2018-01-21,2019-01-20
10845,68493,2019-01-21,2020-01-20
10845,72517,2020-01-21,2021-01-20
10845,75204,2021-01-21,2022-01-20
10845,77025,2022-01-21,9999-01-01
10846,51411,2001-05-31,2002-05-30
10846,53918,2002-05-31,2003-05-30
10846,54975,2003-05-31,2004-05-30
10846,57305,2004-05-31,2005-05-30
10846,58926,2005-05-31,2006-05-30
10846,61435,2006-05-31,2007-05-30
10846,64757,2007-05-31,2008-05-30
10846,67827,2008-05-31,2009-05-30
10846,69109,2009-05-31,2010-05-30
10846,70427,2010-05-31,2011-05-30
10846,72846,2011-05-31,2012-05-30
10846,74397,2012-05-31,9999-01-01
10847,66069,1997-01-12,1998-01-11
10847,68445,1998-01-12,1999-01-11
10847,69879,1999-01-12,2000-01-11
10847,71549,2000-01-12,2001-01-11
10847,72652,2001-01-12,2002-01-11
10847,76023,2002-01-12,2003-01-11
10847,77228,2003-01-12,2004-01-11
10847,79020,2004-01-12,2005-01-11
10847,82933,2005-01-12,2006-01-11
10847,84518,2006-01-12,2007-01-11
10847,86183,2007-01-12,2008-01-11
10847,90264,2008-01-12,2009-01-11
10848,62526,1991-04-18,1992-04-17
10848,64850,1992-04-18,1993-04-17
10848,67612,1993-04-18,1994-04-17
10848,68968,1994-04-18,1995-04-17
10848,70004,1995-04-18,1996-04-17
10848,74004,1996-04-18,1997-04-17
10848,75320,1997-04-18,1998-04-17
10848,77686,1998-04-18,1999-04-17
10848,79683,1999-04-18,2000-04-17
10848,84428,2000-04-18,2001-04-17
10848,86964,2001-04-18,2002-04-17
10848,88697,2002-04-18,9999-01-01
10849,74101,1995-09-20,1996-09-19
10849,78157,1996-09-20,1997-09-19
10849,79651,1997-09-20,1998-09-19
10849,83402,1998-09-20,1999-09-19
10849,87528,1999-09-20,2000-09-19
10849,92303,2000-09-20,2001-09-19
10849,96430,2001-09-20,2002-09-19
10849,100907,2002-09-20,2003-09-19
10849,106447,2003-09-20,2004-09-19
10849,110565,2004-09-20,2005-09-19
10849,114524,2005-09-20,2006-09-19
10849,120515,2006-09-20,9999-01-01
10850,67020,2010-12-24,2011-12-23
10850,70644,2011-12-24,2012-12-23
10850,72623,2012-12-24,2013-12-23
10850,75035,2013-12-24,2014-12-23
10850,78116,2014-12-24,2015-12-23
10850,82038,2015-12-24,2016-12-23
10850,84715,2016-12-24,2017-12-23
10850,86631,2017-12-24,2018-12-23
10850,90234,2018-12-24,2019-12-23
10850,93483,2019-12-24,2020-12-23
10850,97229,2020-12-24,2021-12-23
10850,99112,2021-12-24,9999-01-01
10851,76381,2003-09-05,2004-09-04
10851,79675,2004-09-05,2005-09-04
10851,83353,2005-09-05,2006-09-04
10851,88025,2006-09-05,2007-09-04
10851,90082,2007-09-05,2008-09-04
10851,93873,2008-09-05,2009-09-04
10851,97083,2009-09-05,2010-09-04
10851,99038,2010-09-05,2011-09-04
10851,101750,2011-09-05,2012-09-04
10851,104674,2012-09-05,2013-09-04
10851,107126,2013-09-05,2014-09-04
10851,112565,2014-09-05,9999-01-01
10852,42008,1996-11-25,1997-11-24
10852,42675,1997-11-25,1998-11-24
10852,45101,1998-11-25,1999-11-24
10852,46358,1999-11-25,2000-11-24
10852,47552,2000-11-25,2001-11-24
10852,48299,2001-11-25,2002-11-24
10852,50563,2002-11-25,2003-11-24
10852,52253,2003-11-25,2004-11-24
10852,54724,2004-11-25,2005-11-24
10852,55948,2005-11-25,2006-11-24
10852,58887,2006-11-25,2007-11-24
10852,62123,2007-11-25,9999-01-01
10853,70072,2007-07-02,2008-07-01
10853,72970,2008-07-02,2009-07-01
10853,76543,2009-07-02,2010-07-01
10853,80655,2010-07-02,2011-07-01
10853,85369,2011-07-02,2012-07-01
10853,87673,2012-07-02,2013-07-01
10853,91546,2013-07-02,2014-07-01
10853,95342,2014-07-02,2015-07-01
10853,97587,2015-07-02,2016-07-01
10853,99989,2016-07-02,2017-07-01
10853,104104,2017-07-02,2018-07-01
10853,108688,2018-07-02,9999-01-01
10854,66774,1991-01-30,1992-01-29
10854,70246,1992-01-30,1993-01-29
10854,72523,1993-01-30,1994-01-29
10854,74157,1994-01-30,1995-01-29
10854,75569,1995-01-30,1996-01-29
10854,78704,1996-01-30,1997-01-29
10854,82350,1997-01-30,1998-01-29
10854,86805,1998-01-30,1999-01-29
10854,88584,1999-01-30,1999-12-28
10855,68132,1990-07-03,1991-07-02
10855,69165,1991-07-03,1992-07-02
10855,70606,1992-07-03,1993-07-02
10855,72215,1993-07-03,1994-07-02
10855,76256,1994-07-03,1995-07-02
10855,78898,1995-07-03,1996-07-02
10855,81690,1996-07-03,1997-07-02
10855,86269,1997-07-03,1998-07-02
10855,88566,1998-07-03,1999-07-02
10855,90763,1999-07-03,2000-07-02
10855,94447,2000-07-03,2001-07-02
10855,98708,2001-07-03,9999-01-01
10856,68974,2006-03-23,2007-03-22
10856,73069,2007-03-23,2008-03-22
10856,76826,2008-03-23,2009-03-22
10856,80814,2009-03-23,2010-03-22
10856,82472,2010-03-23,2011-03-22
10856,85525,2011-03-23,2012-03-22
10856,87739,2012-03-23,2013-03-22
10856,92995,2013-03-23,2014-03-22
10856,95451,2014-03-23,2015-03-22
10856,100308,2015-03-23,2016-03-22
10856,104228,2016-03-23,2017-03-22
10856,107375,2017-03-23,9999-01-01
10857,47494,2012-06-29,2013-06-28
10857,49334,2013-06-29,2014-06-28
10857,51793,2014-06-29,2015-06-28
10857,54245,2015-06-29,2016-06-28
10857,57462,2016-06-29,2017-06-28
10857,60018,2017-06-29,2018-06-28
10857,62075,2018-06-29,2019-06-28
10857,63969,2019-06-29,2020-06-28
10857,66762,2020-06-29,2021-06-28
10857,70719,2021-06-29,2022-06-28
10857,74464,2022-06-29,2023-06-28
10857,76362,2023-06-29,9999-01-01
10858,60969,2011-08-18,2012-08-17
10858,63238,2012-08-18,2013-08-17
10858,66819,2013-08-18,2014-08-17
10858,68112,2014-08-18,2015-08-17
10858,70155,2015-08-18,2016-08-17
10858,73124,2016-08-18,2017-08-17
10858,76496,2017-08-18,2018-08-17
10858,78600,2018-08-18,2019-08-17
10858,80308,2019-08-18,2020-08-17
10858,83963,2020-08-18,2021-08-17
10858,87017,2021-08-18,2022-08-17
10858,90208,2022-08-18,9999-01-01
10859,82795,1993-07-30,1994-07-29
10859,87410,1994-07-30,1995-07-29
10859,90078,1995-07-30,1996-07-29
10859,92062,1996-07-30,1997-07-29
10859,95212,1997-07-30,1998-07-29
10859,98098,1998-07-30,1999-07-29
10859,102842,1999-07-30,2000-07-29
10859,104995,2000-07-30,2001-07-29
10859,107516,2001-07-30,2002-07-29
10859,112102,2002-07-30,2003-07-29
10859,115826,2003-07-30,2004-07-29
10859,118718,2004-07-30,9999-01-01
10860,65479,2006-06-02,2007-06-01
10860,68081,2007-06-02,2008-06-01
10860,70506,2008-06-02,2009-06-01
10860,72142,2009-06-02,2010-06-01
10860,76136,2010-06-02,2011-06-01
10860,79738,2011-06-02,2012-06-01
10860,82363,2012-06-02,2013-06-01
10860,85411,2013-06-02,2014-06-01
10860,87492,2014-06-02,2015-06-01
10860,91336,2015-06-02,2016-06-01
10860,96349,2016-06-02,2017-06-01
10860,100358,2017-06-02,9999-01-01
10861,68942,2004-06-27,2005-06-26
10861,70795,2005-06-27,2006-06-26
10861,74427,2006-06-27,2007-06-26
10861,78196,2007-06-27,2008-06-26
10861,82816,2008-06-27,2009-06-26
10861,87425,2009-06-27,2010-06-26
10861,90454,2010-06-27,2011-06-26
10861,93110,2011-06-27,2012-06-26
10861,96592,2012-06-27,2013-06-26
10861,100820,2013-06-27,2014-06-26
10861,102961,2014-06-27,2015-06-26
10861,108940,2015-06-27,2016-06-26
10862,46036,1996-02-15,1997-02-14
10862,47815,1997-02-15,1998-02-14
10862,50219,1998-02-15,1999-02-14
10862,53169,1999-02-15,2000-02-14
10862,56070,2000-02-15,2001-02-14
10862,58717,2001-02-15,2002-02-14
10862,60064,2002-02-15,2003-02-14
10862,62797,2003-02-15,2004-02-14
10862,66139,2004-02-15,2005-02-14
10862,67400,2005-02-15,2006-02-14
10862,71344,2006-02-15,2007-02-14
10862,73285,2007-02-15,9999-01-01
10863,65830,1997-02-26,1998-02-25
10863,68237,1998-02-26,1999-02-25
10863,70605,1999-02-26,2000-02-25
10863,72855,2000-02-26,2001-02-25
10863,75882,2001-02-26,2002-02-25
10863,77472,2002-02-26,2003-02-25
10863,79027,2003-02-26,2004-02-25
10863,83427,2004-02-26,2005-02-25
10863,85087,2005-02-26,2005-11-23
10864,71496,2004-09-24,2005-09-23
10864,74671,2005-09-24,2006-09-23
10864,76375,2006-09-24,2007-09-23
10864,77614,2007-09-24,2008-09-23
10864,80683,2008-09-24,2009-09-23
10864,83322,2009-09-24,2010-09-23
10864,86855,2010-09-24,2011-09-23
10864,89746,2011-09-24,2012-09-23
10864,91537,2012-09-24,2013-09-23
10864,95325,2013-09-24,2014-09-23
10864,98774,2014-09-24,2015-09-23
10864,103420,2015-09-24,9999-01-01
10865,77500,2009-09-07,2010-09-06
10865,78964,2010-09-07,2011-09-06
10865,83308,2011-09-07,2012-09-06
10865,87874,2012-09-07,2013-09-06
10865,89965,2013-09-07,2014-09-06
10865,91911,2014-09-07,2015-09-06
10865,96131,2015-09-07,2016-09-06
10865,98862,2016-09-07,2017-01-18
10866,78965,2009-09-24,2010-09-23
10866,80950,2010-09-24,2011-09-23
10866,82570,2011-09-24,2012-09-23
10866,85298,2012-09-24,2013-09-23
10866,87953,2013-09-24,2014-09-23
10866,91262,2014-09-24,2015-09-23
10866,94495,2015-09-24,2016-09-23
10866,97256,2016-09-24,2017-09-23
10866,100223,2017-09-24,2018-09-23
10866,104023,2018-09-24,2019-09-23
10866,109443,2019-09-24,2020-09-23
10866,111349,2020-09-24,9999-01-01
10867,47773,2001-06-18,2002-06-17
10867,48876,2002-06-18,2003-06-17
10867,50978,2003-06-18,2004-06-17
10867,52456,2004-06-18,2005-06-17
10867,54608,2005-06-18,2006-06-17
10867,56883,2006-06-18,2007-06-17
10867,59984,2007-06-18,2008-06-17
10867,61897,2008-06-18,2009-06-17
10867,65218,2009-06-18,2010-06-17
10867,68203,2010-06-18,2010-08-10
10868,78311,1995-04-05,1996-04-04
10868,82819,1996-04-05,1997-04-04
10868,85430,1997-04-05,1998-04-04
10868,88571,1998-04-05,1999-04-04
10868,92969,1999-04-05,2000-04-04
10868,97372,2000-04-05,2001-04-04
10868,100060,2001-04-05,2002-04-04
10868,103552,2002-04-05,2003-04-04
10868,109740,2003-04-05,2004-04-04
10868,112722,2004-04-05,2005-04-04
10868,117765,2005-04-05,2006-04-04
10868,121772,2006-04-05,9999-01-01
10869,59671,2004-08-18,2005-08-17
10869,61056,2005-08-18,2006-08-17
10869,62479,2006-08-18,2007-08-17
10869,64248,2007-08-18,2008-08-17
10869,66060,2008-08-18,2009-08-17
10869,69749,2009-08-18,2010-08-17
10869,71133,2010-08-18,2011-08-17
10869,73348,2011-08-18,2012-08-17
10869,76838,2012-08-18,2013-08-17
10869,80987,2013-08-18,2014-08-17
10869,84774,2014-08-18,2015-08-17
10869,89074,2015-08-18,9999-01-01
10870,48360,2007-08-19,2008-08-18
10870,49659,2008-08-19,2009-08-18
10870,52221,2009-08-19,2010-08-18
10870,54578,2010-08-19,2011-08-18
10870,56083,2011-08-19,2012-08-18
10870,58989,2012-08-19,2013-08-18
10870,62026,2013-08-19,2014-08-18
10870,65043,2014-08-19,2015-08-18
10870,66485,2015-08-19,2016-08-18
10870,68694,2016-08-19,2017-08-18
10870,71480,2017-08-19,2018-08-18
10870,75486,2018-08-19,9999-01-01
10871,70210,2014-12-14,2015-12-13
10871,72568,2015-12-14,2016-12-13
10871,75350,2016-12-14,2017-12-13
10871,78208,2017-12-14,2018-12-13
10871,82519,2018-12-14,2019-12-13
10871,83793,2019-12-14,2020-12-13
10871,86239,2020-12-14,2021-12-13
10871,90818,2021-12-14,2022-12-13
10871,94032,2022-12-14,2023-12-13
10871,96449,2023-12-14,9999-01-01
10872,74990,2008-02-10,2009-02-09
10872,78700,2009-02-10,2010-02-09
10872,82325,2010-02-10,2011-02-09
10872,83794,2011-02-10,2012-02-09
10872,85359,2012-02-10,2013-02-09
10872,88435,2013-02-10,2014-02-09
10872,92478,2014-02-10,2015-02-09
10872,97205,2015-02-10,2016-02-09
10872,101589,2016-02-10,2017-02-09
10872,106288,2017-02-10,2018-02-09
10872,109362,2018-02-10,2019-02-09
10872,115705,2019-02-10,9999-01-01
10873,86333,1998-01-31,1999-01-30
10873,89947,1999-01-31,2000-01-30
10873,92192,2000-01-31,2001-01-30
10873,96523,2001-01-31,2002-01-30
10873,98040,2002-01-31,2003-01-30
10873,100598,2003-01-31,2004-01-30
10873,105431,2004-01-31,2005-01-30
10873,107084,2005-01-31,2006-01-30
10873,109122,2006-01-31,2007-01-30
10873,115278,2007-01-31,2008-01-30
10873,121588,2008-01-31,2009-01-30
10873,127368,2009-01-31,9999-01-01
10874,62052,2008-04-23,2009-04-22
10874,63547,2009-04-23,2010-04-22
10874,65462,2010-04-23,2011-04-22
10874,66550,2011-04-23,2012-04-22
10874,69382,2012-04-23,2013-04-22
10874,72938,2013-04-23,2014-04-22
10874,76676,2014-04-23,2015-04-22
10874,79627,2015-04-23,2016-04-22
10874,81570,2016-04-23,2017-04-22
10874,83075,2017-04-23,2018-04-22
10874,85505,2018-04-23,2019-04-22
10874,89508,2019-04-23,9999-01-01
10875,73904,2003-06-04,2004-06-03
10875,77529,2004-06-04,2005-06-03
10875,82030,2005-06-04,2006-06-03
10875,85578,2006-06-04,2007-06-03
10875,88322,2007-06-04,2008-06-03
10875,93020,2008-06-04,2009-06-03
10875,96970,2009-06-04,2010-06-03
10875,102196,2010-06-04,2011-06-03
10875,106075,2011-06-04,2012-06-03
10875,108677,2012-06-04,2013-06-03
10875,112767,2013-06-04,2014-06-03
10875,116916,2014-06-04,9999-01-01
10876,58534,2011-09-27,2012-09-26
10876,61556,2012-09-27,2013-09-26
10876,63810,2013-09-27,2014-09-26
10876,66319,2014-09-27,2015-09-26
10876,69709,2015-09-27,2016-09-26
10876,72203,2016-09-27,2017-09-26
10876,75770,2017-09-27,2018-09-26
10876,77717,2018-09-27,2019-09-26
10876,80133,2019-09-27,2020-09-26
10876,84494,2020-09-27,2021-09-26
10876,86147,2021-09-27,2022-09-26
10876,91023,2022-09-27,9999-01-01
10877,61004,2009-06-09,2010-06-08
10877,63975,2010-06-09,2011-06-08
10877,66226,2011-06-09,2012-06-08
10877,67823,2012-06-09,2013-06-08
10877,69443,2013-06-09,2014-06-08
10877,71985,2014-06-09,2015-06-08
10877,74626,2015-06-09,2016-06-08
10877,78933,2016-06-09,2017-06-08
10877,83617,2017-06-09,2018-06-08
10877,85875,2018-06-09,2019-06-08
10877,91021,2019-06-09,2020-06-08
10877,93025,2020-06-09,9999-01-01
10878,46861,1992-08-19,1993-08-18
10878,49320,1993-08-19,1994-08-18
10878,52274,1994-08-19,1995-08-18
10878,53415,1995-08-19,1996-08-18
10878,55132,1996-08-19,1997-08-18
10878,56812,1997-08-19,1998-08-18
10878,59892,1998-08-19,1999-08-18
10878,62282,1999-08-19,2000-08-18
10878,65699,2000-08-19,2001-08-18
10878,68987,2001-08-19,2002-08-18
10878,71872,2002-08-19,2003-08-18
10878,73107,2003-08-19,9999-01-01
10879,59566,2001-06-07,2002-06-06
10879,61369,2002-06-07,2003-06-06
10879,63395,2003-06-07,2004-06-06
10879,66906,2004-06-07,2005-06-06
10879,69191,2005-06-07,2006-06-06
10879,70919,2006-06-07,2007-06-06
10879,75053,2007-06-07,2008-06-06
10879,77580,2008-06-07,2009-06-06
10879,81542,2009-06-07,2010-06-06
10879,86280,2010-06-07,2011-06-06
10879,88640,2011-06-07,2012-06-06
10879,90204,2012-06-07,9999-01-01
10880,61621,1997-02-08,1998-02-07
10880,64344,1998-02-08,1999-02-07
10880,68036,1999-02-08,2000-02-07
10880,71493,2000-02-08,2001-02-07
10880,75045,2001-02-08,2002-02-07
10880,76436,2002-02-08,2003-02-07
10880,80892,2003-02-08,2004-02-07
10880,85502,2004-02-08,2005-02-07
10880,89805,2005-02-08,2006-02-07
10880,91983,2006-02-08,2007-02-07
10880,96813,2007-02-08,2008-02-07
10880,101698,2008-02-08,9999-01-01
10881,81101,2005-04-11,2006-04-10
10881,82921,2006-04-11,2007-04-10
10881,84441,2007-04-11,2008-04-10
10881,88883,2008-04-11,2009-04-10
10881,92170,2009-04-11,2010-04-10
10881,95102,2010-04-11,2011-04-10
10881,97349,2011-04-11,2012-04-10
10881,99906,2012-04-11,2013-04-10
10881,101544,2013-04-11,2014-04-10
10881,103517,2014-04-11,2015-04-10
10881,107301,2015-04-11,2016-04-10
10881,113109,2016-04-11,9999-01-01
10882,89039,2007-11-15,2008-11-14
10882,91876,2008-11-15,2009-11-14
10882,94476,2009-11-15,2010-11-14
10882,98112,2010-11-15,2011-11-14
10882,103307,2011-11-15,2012-11-14
10882,107269,2012-11-15,2013-11-14
10882,112479,2013-11-15,2014-11-14
10882,116351,2014-11-15,2015-11-14
10882,120607,2015-11-15,2016-11-14
10882,124530,2016-11-15,2017-11-14
10882,131707,2017-11-15,2018-11-14
10882,134197,2018-11-15,9999-01-01
10883,70538,2005-02-10,2006-02-09
10883,72580,2006-02-10,2007-02-09
10883,76624,2007-02-10,2008-02-09
10883,79259,2008-02-10,2009-02-09
10883,82128,2009-02-10,2010-02-09
10883,84448,2010-02-10,2011-02-09
10883,85819,2011-02-10,2012-02-09
10883,87885,2012-02-10,2013-02-09
10883,91813,2013-02-10,2014-02-09
10883,96196,2014-02-10,2015-02-09
10883,101679,2015-02-10,2016-02-09
10883,106091,2016-02-10,9999-01-01
10884,62042,2010-06-10,2011-06-09
10884,64710,2011-06-10,2012-06-09
10884,66317,2012-06-10,2013-06-09
10884,67454,2013-06-10,2014-06-09
10884,68951,2014-06-10,2015-06-09
10884,70301,2015-06-10,2016-06-09
10884,74263,2016-06-10,2017-06-09
10884,75825,2017-06-10,2018-06-09
10884,79814,2018-06-10,2019-06-09
10884,84347,2019-06-10,2020-06-09
10884,89347,2020-06-10,2021-06-09
10884,91081,2021-06-10,9999-01-01
10885,67749,1995-03-06,1996-03-05
10885,69225,1996-03-06,1997-03-05
10885,71230,1997-03-06,1998-03-05
10885,73748,1998-03-06,1999-03-05
10885,77298,1999-03-06,2000-03-05
10885,79465,2000-03-06,2001-03-05
10885,81911,2001-03-06,2002-03-05
10885,84342,2002-03-06,2003-03-05
10885,88427,2003-03-06,2004-03-05
10885,91941,2004-03-06,2005-03-05
10885,96758,2005-03-06,2006-03-05
10885,100840,2006-03-06,2007-03-05
10886,64243,1996-02-17,1997-02-16
10886,67698,1997-02-17,1998-02-16
10886,71419,1998-02-17,1999-02-16
10886,75299,1999-02-17,2000-02-16
10886,77010,2000-02-17,2001-02-16
10886,78199,2001-02-17,2002-02-16
10886,79744,2002-02-17,2003-02-16
10886,83977,2003-02-17,2004-02-16
10886,87928,2004-02-17,2005-02-16
10886,92669,2005-02-17,2006-02-16
10886,96652,2006-02-17,2007-02-16
10886,100906,2007-02-17,2008-02-16
10887,64609,1994-08-07,1995-08-06
10887,66659,1995-08-07,1996-08-06
10887,70524,1996-08-07,1997-08-06
10887,73997,1997-08-07,1998-08-06
10887,75175,1998-08-07,1999-08-06
10887,79611,1999-08-07,2000-08-06
10887,84114,2000-08-07,2001-08-06
10887,88432,2001-08-07,2002-08-06
10887,93730,2002-08-07,2003-08-06
10887,98657,2003-08-07,2004-08-06
10887,100853,2004-08-07,2005-08-06
10887,102984,2005-08-07,2006-08-06
10888,62601,1998-12-29,1999-12-28
10888,65219,1999-12-29,2000-12-28
10888,67312,2000-12-29,2001-12-28
10888,68757,2001-12-29,2002-12-28
10888,71695,2002-12-29,2003-12-28
10888,75450,2003-12-29,2004-12-28
10888,76598,2004-12-29,2005-12-28
10888,78950,2005-12-29,2006-12-28
10888,82084,2006-12-29,2007-12-28
10888,85290,2007-12-29,2008-12-28
10888,87938,2008-12-29,2009-12-28
10888,91238,2009-12-29,9999-01-01
10889,74127,2004-09-01,2005-08-31
10889,76882,2005-09-01,2006-08-31
10889,81220,2006-09-01,2007-08-31
10889,84980,2007-09-01,2008-08-31
10889,87917,2008-09-01,2009-08-31
10889,92420,2009-09-01,2010-08-31
10889,95855,2010-09-01,2011-08-31
10889,100561,2011-09-01,2012-08-31
10889,103006,2012-09-01,2013-08-31
10889,107672,2013-09-01,2014-08-31
10889,110205,2014-09-01,2015-08-31
10889,112085,2015-09-01,9999-01-01
10890,48759,2010-09-14,2011-09-13
10890,51665,2011-09-14,2012-09-13
10890,53626,2012-09-14,2013-09-13
10890,55620,2013-09-14,2014-09-13
10890,58766,2014-09-14,2015-09-13
10890,62161,2015-09-14,2016-09-13
10890,63166,2016-09-14,2017-09-13
10890,64890,2017-09-14,2018-09-13
10890,67469,2018-09-14,2019-09-13
10890,69488,2019-09-14,2020-09-13
10890,71678,2020-09-14,2021-09-13
10890,75252,2021-09-14,9999-01-01
10891,70603,2007-08-19,2008-08-18
10891,73001,2008-08-19,2009-08-18
10891,76766,2009-08-19,2010-08-18
10891,80364,2010-08-19,2011-08-18
10891,83541,2011-08-19,2012-08-18
10891,87723,2012-08-19,2013-08-18
10891,90620,2013-08-19,2014-08-18
10891,93250,2014-08-19,2015-08-18
10891,95739,2015-08-19,2016-08-18
10891,101156,2016-08-19,2017-08-18
10891,105589,2017-08-19,2018-08-18
10891,109903,2018-08-19,9999-01-01
10892,90529,2000-04-30,2001-04-29
10892,92821,2001-04-30,2002-04-29
10892,95483,2002-04-30,2003-04-29
10892,100580,2003-04-30,2004-04-29
10892,103014,2004-04-30,2005-04-29
10892,106854,2005-04-30,2006-04-29
10892,109250,2006-04-30,2007-04-29
10892,113268,2007-04-30,2008-04-29
10892,118694,2008-04-30,2009-04-29
10892,125081,2009-04-30,2010-04-29
10892,132316,2010-04-30,2011-04-29
10892,137985,2011-04-30,9999-01-01
10893,57436,2009-07-27,2010-07-26
10893,58890,2010-07-27,2011-07-26
10893,61228,2011-07-27,2012-07-26
10893,64584,2012-07-27,2013-07-26
10893,68129,2013-07-27,2014-07-26
10893,70493,2014-07-27,2015-07-26
10893,72189,2015-07-27,2016-07-26
10893,74659,2016-07-27,2017-07-26
10893,76172,2017-07-27,2018-07-26
10893,77823,2018-07-27,2019-07-26
10893,79929,2019-07-27,2020-07-26
10893,83918,2020-07-27,9999-01-01
10894,69956,2009-06-08,2010-06-07
10894,74146,2010-06-08,2011-06-07
10894,78220,2011-06-08,2012-06-07
10894,79907,2012-06-08,2013-06-07
10894,82959,2013-06-08,2014-06-07
10894,86127,2014-06-08,2015-06-07
10894,89626,2015-06-08,2016-06-07
10894,92052,2016-06-08,2017-06-07
10894,96663,2017-06-08,2018-06-07
10894,99673,2018-06-08,2019-06-07
10894,101760,2019-06-08,2020-06-07
10894,107449,2020-06-08,9999-01-01
10895,56039,2007-08-09,2008-08-08
10895,58746,2008-08-09,2009-08-08
10895,61522,2009-08-09,2010-08-08
10895,64897,2010-08-09,2011-08-08
10895,66106,2011-08-09,2012-08-08
10895,68666,2012-08-09,2013-08-08
10895,70234,2013-08-09,2014-08-08
10895,71343,2014-08-09,2015-08-08
10895,75000,2015-08-09,2016-08-08
10895,77091,2016-08-09,2017-08-08
10895,79486,2017-08-09,2018-08-08
10895,83121,2018-08-09,9999-01-01
10896,59681,2010-09-08,2011-09-07
10896,61119,2011-09-08,2012-09-07
10896,63583,2012-09-08,2013-09-07
10896,66090,2013-09-08,2014-09-07
10896,69050,2014-09-08,2015-09-07
10896,71498,2015-09-08,2016-09-07
10896,72654,2016-09-08,2017-09-07
10896,74945,2017-09-08,2018-09-07
10896,77278,2018-09-08,2019-09-07
10896,81398,2019-09-08,2020-09-07
10896,84389,2020-09-08,2021-01-01
10897,64014,1998-05-31,1999-05-30
10897,67659,1999-05-31,2000-05-30
10897,69716,2000-05-31,2001-05-30
10897,72714,2001-05-31,2002-05-30
10897,75815,2002-05-31,2003-05-30
10897,80186,2003-05-31,2004-05-30
10897,83436,2004-05-31,2005-05-30
10897,87763,2005-05-31,2006-05-30
10897,92383,2006-05-31,2007-05-30
10897,94902,2007-05-31,2008-05-30
10897,98108,2008-05-31,2009-05-30
10897,101657,2009-05-31,9999-01-01
10898,63438,1995-01-26,1996-01-25
10898,66816,1996-01-26,1997-01-25
10898,68001,1997-01-26,1998-01-25
10898,70260,1998-01-26,1999-01-25
10898,73889,1999-01-26,2000-01-25
10898,75311,2000-01-26,2001-01-25
10898,76809,2001-01-26,2002-01-25
10898,80258,2002-01-26,2003-01-25
10898,84933,2003-01-26,2004-01-25
10898,88886,2004-01-26,2005-01-25
10898,92642,2005-01-26,2006-01-25
10898,96652,2006-01-26,9999-01-01
10899,62306,1990-01-31,1991-01-30
10899,64197,1991-01-31,1992-01-30
10899,65416,1992-01-31,1993-01-30
10899,68217,1993-01-31,1994-01-30
10899,71603,1994-01-31,1995-01-30
10899,72754,1995-01-31,1996-01-30
10899,76312,1996-01-31,1997-01-30
10899,78709,1997-01-31,1998-01-30
10899,83096,1998-01-31,1999-01-30
10899,85101,1999-01-31,2000-01-30
10899,89884,2000-01-31,2001-01-30
10899,94707,2001-01-31,2002-01-30
10900,53930,2009-05-30,2010-05-29
10900,55382,2010-05-30,2011-05-29
10900,56583,2011-05-30,2012-05-29
10900,59435,2012-05-30,2013-05-29
10900,62543,2013-05-30,2014-05-29
10900,64771,2014-05-30,2015-05-29
10900,67509,2015-05-30,2016-05-29
10900,69040,2016-05-30,2017-05-29
10900,71135,2017-05-30,2018-05-29
10900,74234,2018-05-30,2019-05-29
10900,77689,2019-05-30,2020-05-29
10900,78916,2020-05-30,9999-01-01
